timestamp,query,engine,hc_rank,hc_url,top1_url,total_urls
2026-05-17T11:42:45,calculadora sueldo neto argentina 2026,brave,,,,0
2026-05-17T11:42:45,calculadora sueldo neto argentina 2026,bing,,,https://calculadora.ar/,10
2026-05-17T11:42:45,calculadora sueldo neto argentina 2026,ddg,,,https://calcularsueldo.com.ar/sueldo-neto,10
2026-05-17T11:42:45,calculadora aguinaldo sac 2026,brave,8,https://hacecuentas.com/calculadora-aguinaldo-sac,https://calcularsueldo.com.ar/sueldos/calcular-aguinaldo,10
2026-05-17T11:42:45,calculadora aguinaldo sac 2026,bing,3,https://hacecuentas.com/calculadora-aguinaldo-sac,https://calcularsueldo.com.ar/sueldos/calcular-aguinaldo,10
2026-05-17T11:42:45,calculadora aguinaldo sac 2026,ddg,3,https://hacecuentas.com/calculadora-aguinaldo-sac,https://calcularsueldo.com.ar/sueldos/calcular-aguinaldo,10
2026-05-17T11:42:45,calculadora indemnizacion despido argentina,brave,,,,0
2026-05-17T11:42:45,calculadora indemnizacion despido argentina,bing,,,https://www.calculadoralaboral.com.ar/calculadora-indemnizacion,10
2026-05-17T11:42:45,calculadora indemnizacion despido argentina,ddg,,,https://www.calculadoralaboral.com.ar/calculadora-indemnizacion,10
