slug,locale,silo,title,scenarios,variables,sources,publishers,faq,routes,depthScore,depthPercentile,peerHubs,lastReviewed
"alquiler/aumento-de-alquiler","ar","Alquiler","¿Cuánto me van a aumentar el alquiler?","6","7","5","4","12","5","44","50","2","2026-08-16"
"alquiler/entrar-a-un-alquiler","ar","Alquiler","Vas a alquilar: cuánta plata necesitás para entrar.","5","7","5","4","12","9","46","100","2","2026-07-27"
"auto/auto-o-uber","ar","Auto","¿Cuánto sale el kilómetro de remis y cuándo conviene frente al auto o Uber?","7","12","5","4","12","6","52","91","11","2026-07-27"
"auto/consumo","ar","Auto","¿Cuánto consume mi auto?","1","10","5","4","12","7","39","36","11","2026-07-27"
"auto/costo-anual","ar","Auto","¿Cuánto me cuesta por año tener el auto?","4","9","5","5","12","8","45","55","11","2026-07-27"
"auto/electrico-vs-nafta","ar","Auto","¿Me conviene un eléctrico o GNC en vez de nafta?","4","11","7","7","12","7","50","73","11","2026-07-27"
"auto/ficha-tecnica","ar","Auto","¿Qué me dicen los números de la ficha técnica?","6","14","6","5","13","9","57","100","11","2026-07-28"
"auto/importar-y-nacionalizar","ar","Auto","¿Me conviene importar y nacionalizar un auto en Argentina?","3","10","2","2","8","1","29","9","11","2026-08-16"
"auto/mantenimiento","ar","Auto","Neumáticos, aceite y service: ¿cuándo y cuánto?","6","12","5","5","12","7","51","82","11","2026-07-27"
"auto/nafta-y-peajes","ar","Auto","¿Cuánta nafta y peaje gasto en este viaje?","1","13","6","6","11","8","45","55","11","2026-08-07"
"auto/patente","ar","Auto","¿Cuánto pago de patente?","4","4","6","6","12","5","39","36","11","2026-07-27"
"auto/tramites","ar","Auto","Transferencia, licencia y multas: ¿cuánto sale cada trámite?","4","7","7","6","11","7","46","64","11","2026-07-27"
"auto/vtv","ar","Auto","¿Cuándo me toca la VTV y cuánto me sale?","5","5","5","5","12","3","38","18","11","2026-07-27"
"bebes/crecimiento","ar","Bebés","¿Mi bebé crece bien?","4","6","5","3","11","13","47","100","1","2026-07-27"
"ciencia/movimiento-y-fuerzas","ar","Ciencia","¿Cuánto tarda, cuán lejos llega y con cuánta fuerza?","5","17","4","4","12","11","56","71","7","2026-07-27"
"ciencia/ondas-luz-y-sonido","ar","Ciencia","¿Cómo se comporta esta onda?","5","15","5","5","12","5","50","43","7","2026-07-27"
"ciencia/ph-y-equilibrio-quimico","ar","Ciencia","¿Cuál es el pH y hasta dónde llega la reacción?","5","19","4","4","12","7","54","57","7","2026-07-27"
"ciencia/planetas-y-viaje-espacial","ar","Ciencia","¿Cuánto pesaría, cuánto tardaría, cuán lejos está?","5","9","5","5","12","6","45","29","7","2026-07-27"
"ciencia/presion-y-gases","ar","Ciencia","Presión, densidad y gases: convertir y calcular","4","15","5","5","12","14","57","86","7","2026-08-07"
"ciencia/quimica-de-soluciones","ar","Ciencia","¿Qué concentración tiene mi solución?","5","23","5","5","12","9","62","100","7","2026-07-27"
"ciencia/sol-luna-y-mareas","ar","Ciencia","¿A qué hora amanece, qué fase lunar hay y cuándo sube la marea?","4","7","5","5","14","4","39","14","7","2026-07-27"
"cl/auto/cuanto-cuesta-tener-auto","cl","Auto","¿Cuánto me cuesta al año tener el auto?","4","15","11","7","14","7","62","100","2","2026-07-28"
"cl/auto/cuanto-gasto-en-el-viaje","cl","Auto","¿Cuánto me sale este viaje en auto?","4","16","9","7","12","4","56","50","2","2026-07-28"
"cl/dinero/cuanta-pension-voy-a-tener","cl","Dinero","¿Con cuánto me voy a jubilar?","5","16","7","5","12","9","59","100","4","2026-07-28"
"cl/dinero/donde-invierto-mis-ahorros","cl","Dinero","¿Dónde conviene que tenga mi plata?","5","15","7","5","12","9","58","75","4","2026-07-28"
"cl/dinero/pedir-un-credito","cl","Dinero","¿Cuánto me va a costar de verdad este crédito?","4","9","6","4","12","4","43","50","4","2026-07-28"
"cl/dinero/uf-utm-y-dolar-hoy","cl","Dinero","¿Cuánto vale hoy la UF, la UTM y el dólar?","4","3","5","4","11","3","34","25","4","2026-07-28"
"cl/hogar/arrendar-o-comprar","cl","Hogar","¿Me conviene seguir arrendando o comprar?","4","12","9","9","12","4","52","33","3","2026-07-28"
"cl/hogar/comprar-casa-con-credito","cl","Hogar","¿Cuánto necesito realmente para comprar esta casa?","5","19","10","7","13","9","68","100","3","2026-07-28"
"cl/hogar/cuentas-de-la-casa","cl","Hogar","¿Por qué me llegó tan cara la cuenta y cómo la bajo?","5","19","9","7","12","6","63","67","3","2026-07-28"
"cl/impuestos/cobre-y-finanzas-publicas","cl","Cobre y finanzas públicas","¿Cómo impacta el precio del cobre en los ingresos fiscales de Chile?","1","7","5","5","7","1","27","100","1","2026-08-16"
"cl/impuestos/impuestos-de-mi-empresa","cl","Impuestos","¿Cuánto paga de impuestos mi empresa?","6","13","7","4","12","6","55","67","3","2026-07-28"
"cl/impuestos/impuestos-de-mi-propiedad","cl","Impuestos","¿Qué impuestos pago por tener, vender o heredar una propiedad?","5","17","8","4","12","5","58","100","3","2026-07-28"
"cl/impuestos/operacion-renta","cl","Impuestos","¿Me devuelven o pago en la Operación Renta en Chile?","5","9","7","4","12","4","47","33","3","2026-08-16"
"cl/trabajo/costo-de-contratar","cl","Trabajo","¿Cuánto me cuesta realmente contratar a alguien?","4","6","7","4","12","4","42","57","7","2026-07-28"
"cl/trabajo/gratificacion-y-aguinaldo","cl","Trabajo","¿Cuánta gratificación y aguinaldo me corresponden?","4","9","6","5","12","3","42","57","7","2026-07-28"
"cl/trabajo/horas-extra-y-recargos","cl","Trabajo","¿Cuánto me tienen que pagar de más este mes en Chile?","5","11","7","5","12","5","50","100","7","2026-08-16"
"cl/trabajo/licencias-y-permisos","cl","Trabajo","Me enfermé o nació mi guagua: ¿cuánto cobro y por cuánto tiempo?","5","5","7","5","12","3","42","57","7","2026-07-28"
"cl/trabajo/me-quedo-sin-trabajo","cl","Trabajo","Me quedé sin trabajo en Chile: ¿cuánta plata me corresponde?","4","8","6","5","12","6","44","71","7","2026-08-16"
"cl/trabajo/sueldo-liquido","cl","Trabajo","¿Cuánto me queda líquido del sueldo bruto en Chile?","4","7","7","6","13","7","46","86","7","2026-08-16"
"cl/trabajo/trabajo-a-honorarios","cl","Trabajo","¿Cuánto me queda emitiendo boletas de honorarios en Chile?","3","6","6","4","12","3","37","14","7","2026-08-16"
"cl/vida/bonos-y-beneficios-del-estado","cl","Vida","¿Qué bonos y beneficios del Estado me corresponden y de cuánto son?","5","10","10","6","13","7","57","60","5","2026-07-28"
"cl/vida/cuanto-cuesta-estudiar","cl","Vida","¿Cuánto me va a costar la universidad y con qué deuda salgo?","5","18","8","7","13","6","60","80","5","2026-07-28"
"cl/vida/cuanto-cuesta-vivir","cl","Vida","¿Cuánta plata necesito al mes para vivir en Chile?","6","18","8","7","12","8","64","100","5","2026-07-28"
"cl/vida/fonasa-o-isapre","cl","Vida","¿Me conviene Fonasa o una Isapre, y cuánto voy a pagar de mi bolsillo?","4","8","7","6","12","5","45","20","5","2026-07-28"
"cl/vida/viajar-y-comprar-afuera","cl","Vida","¿Cuánto sale de verdad este vuelo, y me conviene comprar afuera?","4","16","8","7","12","4","54","40","5","2026-07-28"
"co/automotor/costo-de-tener-carro","co","Automotor","¿Cuánto me cuesta de verdad tener este carro al año?","4","11","7","5","12","10","53","100","2","2026-07-28"
"co/automotor/multas-y-pico-y-placa","co","Automotor","¿Puedo sacar el carro hoy, y cuánto me cuesta si igual salgo?","4","13","6","4","11","4","47","50","2","2026-07-28"
"co/finanzas/comisiones-bancarias","co","Finanzas","¿Cuánto me está cobrando el banco por mover mi plata?","4","11","6","4","12","6","47","20","5","2026-07-28"
"co/finanzas/comprar-vivienda","co","Finanzas","¿Me alcanza para comprar vivienda en Colombia y cuánto termino pagando?","5","8","9","7","13","8","54","80","5","2026-08-16"
"co/finanzas/creditos-y-tarjetas","co","Finanzas","¿Qué cuota voy a pagar y cuánto de eso es interés?","5","7","7","3","12","7","48","40","5","2026-07-28"
"co/finanzas/donde-pongo-mis-ahorros","co","Finanzas","¿Dónde pongo mis ahorros para que no se los coma la inflación?","6","6","9","6","12","9","55","100","5","2026-07-28"
"co/finanzas/pension","co","Finanzas","¿Cuándo me pensiono y con cuánto?","5","8","7","5","12","7","49","60","5","2026-07-28"
"co/finanzas/vuelos-millas-y-tiempo","co","Vuelos y millas","¿Cuánto cuesta el vuelo desde Colombia y cuánto valen mis millas?","3","13","8","8","7","3","45","100","1","2026-08-16"
"co/impuestos/impuestos-al-consumo","co","Impuestos","¿Cuánto impuesto viene metido en lo que estoy comprando?","5","9","10","3","12","8","57","100","7","2026-07-28"
"co/impuestos/impuestos-de-mi-negocio","co","Impuestos","Tengo un negocio en Colombia: ¿qué impuestos me tocan?","4","6","10","4","13","8","52","71","7","2026-08-16"
"co/impuestos/patrimonio-y-herencia","co","Impuestos","Vendí, heredé o tengo patrimonio: ¿cuánto le debo a la DIAN?","4","6","8","3","12","5","45","29","7","2026-07-28"
"co/impuestos/predial-y-avaluo","co","Impuestos","¿Cuánto pago al año por tener este inmueble?","4","8","6","5","11","4","42","14","7","2026-07-28"
"co/impuestos/renta-personas","co","Impuestos","Declaración de renta 2025 en Colombia: topes, fecha y cálculo","4","7","7","2","12","15","54","86","7","2026-08-16"
"co/impuestos/retencion-en-la-fuente","co","Impuestos","¿Cuánta retención en la fuente me practican (o le practico)?","4","6","9","3","12","6","48","57","7","2026-07-28"
"co/impuestos/sanciones-dian","co","Impuestos","Sanción mínima DIAN 2026: ¿cuánto pagás por declarar tarde?","4","7","9","4","12","5","48","57","7","2026-08-17"
"co/trabajo/costo-de-contratar","co","Trabajo","¿Cuánto me cuesta de verdad un empleado en Colombia? Nómina, prestaciones y ARL","4","7","8","4","14","8","49","71","7","2026-08-16"
"co/trabajo/horas-extras-y-recargos","co","Trabajo","Horas extras y recargo dominical y festivo en Colombia 2026: ¿cuánto te tienen que pagar por esa hora?","4","4","8","3","13","5","43","29","7","2026-08-16"
"co/trabajo/incapacidad-y-licencias","co","Trabajo","Estoy incapacitado o de licencia: ¿quién me paga y cuánto?","4","7","7","5","13","5","44","57","7","2026-07-28"
"co/trabajo/independiente-y-honorarios","co","Trabajo","Trabajo por prestación de servicios: ¿cuánto pago de seguridad social y cuánto me queda?","4","6","7","4","12","6","44","57","7","2026-07-28"
"co/trabajo/liquidacion-laboral","co","Trabajo","Me voy o me echan en Colombia: ¿cuánto me tienen que liquidar?","4","7","10","3","14","12","57","100","7","2026-08-16"
"co/trabajo/que-hago-con-mis-cesantias","co","Trabajo","¿Retiro, traslado o dejo quietas mis cesantías?","4","7","7","5","12","4","43","29","7","2026-07-28"
"co/trabajo/sueldo-neto","co","Trabajo","¿Cuánto me queda en mano del salario en Colombia?","4","5","10","5","13","11","54","86","7","2026-08-16"
"co/vida/arriendo","co","Vida","¿Cuánto te pueden subir el arriendo y cuánto deberías estar pagando?","4","8","6","4","12","4","42","20","5","2026-07-28"
"co/vida/divorcio-y-cuota-alimentaria","co","Vida","Nos separamos: cómo se reparte todo y cuánto queda la cuota.","4","9","7","3","12","4","45","60","5","2026-07-28"
"co/vida/documentos-y-pasaporte","co","Documentos en Colombia","¿Cuánto cuestan y cuánto duran el pasaporte y la cédula en Colombia?","2","7","4","4","7","2","28","100","1","2026-08-16"
"co/vida/estudiar-en-colombia","co","Vida","¿Con qué puntaje entro, cuánto cuesta la carrera y cómo la pago?","4","11","7","6","12","6","49","100","5","2026-07-28"
"co/vida/presupuesto-del-hogar","co","Vida","¿Cuánto necesito al mes para vivir en Colombia y con qué ayudas cuento?","4","9","6","5","12","7","46","80","5","2026-07-28"
"co/vida/recibos-de-servicios","co","Vida","¿Por qué me llegó tan caro el recibo de luz, gas o agua? Subsidios y contribución por estrato","4","10","6","5","13","5","45","60","5","2026-08-07"
"cocina/adaptar-una-receta","ar","Cocina","La receta no me da: ¿cómo la adapto?","3","9","3","2","12","11","42","63","8","2026-07-27"
"cocina/cafe","ar","Cocina","¿Cuánto café le pongo?","6","8","3","1","12","6","42","63","8","2026-07-27"
"cocina/cerveza-casera","ar","Cocina","Los números de tu cerveza casera","6","10","3","3","12","6","44","88","8","2026-07-27"
"cocina/coccion-de-carne","ar","Cocina","¿Cuánto tiempo va esta carne?","5","8","4","2","12","9","45","100","8","2026-07-27"
"cocina/masa-y-levadura","ar","Cocina","¿Cuánto tiene que leudar la masa?","4","8","4","4","12","5","39","38","8","2026-07-27"
"cocina/porciones","ar","Cocina","¿Cuánto arroz o pasta pongo por persona?","7","4","3","3","12","5","39","38","8","2026-07-27"
"cocina/tazas-y-gramos","ar","Cocina","¿Cuántos gramos es una taza?","4","4","6","6","12","9","43","75","8","2026-07-27"
"cocina/temperatura-del-horno","ar","Cocina","¿A qué temperatura pongo el horno?","1","3","5","5","10","3","28","13","8","2026-07-27"
"construccion/agua","ar","Construcción","Tanque, cañerías y termotanque: ¿qué capacidad necesito?","6","9","5","5","12","9","50","80","10","2026-07-27"
"construccion/aislacion","ar","Construcción","¿Cómo aíslo la casa del frío y el calor?","3","10","6","4","13","8","46","60","10","2026-07-27"
"construccion/costo-por-m2","ar","Construcción","Calculadora de costo por m² de construcción 2026","1","6","5","5","11","9","37","10","10","2026-08-16"
"construccion/hormigon","ar","Construcción","¿Cuánto cemento, arena y hierro necesito?","5","12","5","4","12","12","54","100","10","2026-07-27"
"construccion/ladrillos","ar","Construcción","¿Cuántos ladrillos necesito?","4","7","5","5","12","7","42","20","10","2026-08-07"
"construccion/madera","ar","Construcción","¿Cuánta madera necesito para el mueble?","6","8","4","4","12","10","48","70","10","2026-07-27"
"construccion/paneles-solares","ar","Construcción","¿Me conviene poner paneles solares?","1","11","8","8","13","5","44","30","10","2026-07-27"
"construccion/pintura","ar","Construcción","¿Cuántos litros de pintura necesito?","4","12","5","5","12","6","46","60","10","2026-07-27"
"construccion/pisos","ar","Construcción","¿Cuántas cajas de cerámicos necesito?","5","13","5","4","12","10","53","90","10","2026-07-27"
"construccion/techos","ar","Construcción","¿Cuánto material necesito para el techo y cuánto me sale?","1","17","6","5","13","5","46","60","10","2026-07-27"
"conversores/longitud","ar","Conversores","Convertir metros, pies y pulgadas","1","5","3","3","10","17","40","86","7","2026-07-27"
"conversores/numeros-a-letras","ar","Conversores","Conversor de números a letras","4","4","5","4","12","4","36","57","7","2026-08-07"
"conversores/peso","ar","Conversores","Convertir kilos, libras y onzas","1","3","4","4","13","6","29","29","7","2026-08-16"
"conversores/talles","ar","Conversores","Conversor de talles AR, US, EU y UK","4","8","5","3","11","11","47","100","7","2026-08-04"
"conversores/temperatura","ar","Conversores","Convertir Celsius, Fahrenheit y Kelvin","1","5","5","5","12","5","32","43","7","2026-07-27"
"conversores/tiempo","ar","Conversores","¿Cuánto es esto en otra unidad de tiempo?","5","3","5","5","12","6","39","71","7","2026-07-27"
"conversores/volumen","ar","Conversores","Convertir litros, galones y onzas","1","3","4","3","11","3","26","14","7","2026-07-27"
"do/finanzas/ahorro-y-dolar","do","Finanzas","¿Tu plata rinde o sólo aguanta la inflación?","4","8","4","3","11","5","39","50","2","2026-07-28"
"do/finanzas/comprar-y-financiar-un-vehiculo","do","Comprar un vehículo","¿Cuánto cuesta importar y financiar el vehículo en República Dominicana?","2","9","4","3","7","2","30","100","1","2026-08-16"
"do/finanzas/presupuesto-del-hogar","do","Finanzas","¿A dónde se te va el sueldo cada mes?","4","9","6","6","11","6","45","100","2","2026-07-28"
"do/impuestos/comprar-vivienda","do","Impuestos","Comprar, tener y vender una propiedad: la cuenta completa.","4","9","5","4","11","6","43","50","2","2026-07-28"
"do/impuestos/negocio-dgii","do","Impuestos","Qué le debe tu negocio a la DGII, mes a mes y al cierre.","4","8","5","3","11","8","44","100","2","2026-07-28"
"do/trabajo/liquidacion","do","Trabajo","Se terminó tu contrato: qué te tienen que pagar y cuándo.","4","6","4","2","12","5","37","75","4","2026-07-28"
"do/trabajo/regalia-y-bonificacion","do","Trabajo","Lo que cobrás además del sueldo en República Dominicana: regalía y bonificación.","4","7","4","2","11","4","37","75","4","2026-08-16"
"do/trabajo/sueldo-neto","do","Trabajo","De tu salario bruto en República Dominicana a lo que cobrás en mano.","4","4","5","4","12","10","42","100","4","2026-08-16"
"do/trabajo/tss-aportes-y-coberturas","do","Trabajo","La TSS: cuánto se aporta por vos y qué te devuelve.","4","5","5","5","11","4","37","75","4","2026-07-28"
"ec/auto/costos-del-auto","ec","Auto","¿Cuánto te cuesta al año tener el auto al día en el Ecuador?","4","8","6","6","12","6","44","100","1","2026-07-28"
"ec/estudio/entrar-y-pagar-la-universidad","ec","Estudio","¿Con qué nota entras a la universidad en el Ecuador, y cuánto te va a costar la carrera?","5","10","6","6","12","4","46","100","1","2026-07-28"
"ec/finanzas-personales/creditos-y-ahorro","ec","Finanzas personales","Préstamo quirografario IESS y otros créditos: ¿cuánto pagas de verdad?","6","7","7","6","12","7","50","100","1","2026-07-28"
"ec/hogar/comida-salud-y-construccion","ec","Cuentas del hogar","¿Cuánto necesito para mi salud, cocina o construcción en Ecuador?","3","11","7","7","7","3","41","100","1","2026-08-16"
"ec/hogar/presupuesto-mensual","ec","Hogar","¿Cuánto necesitas al mes para vivir en el Ecuador, y te alcanza con lo que ganas?","4","8","7","6","12","6","46","100","1","2026-07-28"
"ec/impuestos/impuesto-a-la-renta","ec","Impuestos","Impuesto a la renta en Ecuador: cuánto pagas y cuánto te retienen.","4","6","6","3","12","5","41","25","4","2026-08-16"
"ec/impuestos/impuestos-del-inmueble","ec","Impuestos","Tengo, compro, vendo o heredo un inmueble: ¿qué impuestos pago?","4","10","5","4","12","4","42","50","4","2026-07-28"
"ec/impuestos/iva-y-consumo","ec","Impuestos","¿Cuánto impuesto se le suma a lo que compras, importas o envías al exterior?","6","10","6","2","12","6","50","100","4","2026-07-28"
"ec/impuestos/regimen-rimpe-y-negocio","ec","Impuestos","Voy a formalizar mi negocio: ¿qué régimen me toca y cuánto voy a pagar al año?","4","10","6","4","12","5","45","75","4","2026-07-28"
"ec/trabajo/decimos-y-fondos-de-reserva","ec","Trabajo","Décimos, fondos de reserva y vacaciones: cuánto te toca y cuándo lo cobras.","5","5","4","2","12","4","37","40","5","2026-08-16"
"ec/trabajo/iess-aportes-y-jubilacion","ec","Trabajo","IESS: cuánto aportas, cuándo te jubilas y cuánto vas a cobrar.","6","7","5","3","12","6","45","100","5","2026-07-28"
"ec/trabajo/licencias-y-pension-alimenticia","ec","Trabajo","Nace un hijo o me enfermo: ¿qué me pagan y quién lo paga?","4","6","5","5","12","4","38","60","5","2026-07-28"
"ec/trabajo/liquidacion-y-despido","ec","Trabajo","Salgo de la empresa en Ecuador: ¿cuánto me tienen que liquidar?","4","6","4","3","12","4","36","20","5","2026-08-16"
"ec/trabajo/sueldo-neto","ec","Trabajo","Tu sueldo en Ecuador: lo que te descuentan, lo que te queda y lo que cuesta.","5","7","5","4","12","7","44","80","5","2026-08-16"
"ec/tramites/tramites-y-costos-legales","ec","Trámites","¿Cuánto te va a costar ese trámite, esa firma en la notaría o esa multa?","4","10","6","6","12","4","44","100","1","2026-07-28"
"embarazo/dias-fertiles","ar","Embarazo","Calculadora de ciclo menstrual y días fértiles","4","8","7","6","11","9","49","100","3","2026-07-27"
"embarazo/fecha-de-parto","ar","Embarazo","¿Cuándo nace mi bebé?","4","8","6","4","12","2","40","67","3","2026-07-27"
"embarazo/semanas","ar","Embarazo","Calculadora de semanas de embarazo","3","5","4","4","9","10","38","33","3","2026-08-04"
"en/cars/buy-lease-finance","en","Cars","Should I buy, lease or finance this car?","3","13","2","2","8","1","32","40","5","2026-08-09"
"en/cars/car-value-and-ownership","en","Cars","What is this car worth now, and what does owning it cost me?","4","7","5","5","11","4","39","60","5","2026-07-28"
"en/cars/fuel-and-trip-cost","en","Cars","How far will a tank get me, and what will this drive cost?","4","12","5","5","11","5","45","80","5","2026-07-28"
"en/cars/import-a-vehicle","en","Cars","Will importing this vehicle actually save me money?","3","10","2","2","8","1","29","20","5","2026-08-09"
"en/cars/tires-brakes-and-specs","en","Cars","What do the numbers on my car’s stickers actually mean?","6","16","5","4","12","6","54","100","5","2026-07-28"
"en/cars/titles-registration-and-transfer","en","Car paperwork","What will it cost to title, register or transfer my car in Argentina?","3","7","38","4","7","3","99","100","1","2026-08-16"
"en/cooking/baking-ratios-and-conversions","en","Cooking","How do I scale, measure and convert this recipe?","4","9","6","5","12","8","47","100","4","2026-07-28"
"en/cooking/brewing-and-infusions","en","Cooking","How strong will it come out, and how long does it take?","4","11","6","6","12","6","47","100","4","2026-07-28"
"en/cooking/drinks-for-a-party","en","Cooking","How much do I need to buy for the bar?","4","8","6","5","12","3","41","25","4","2026-07-28"
"en/cooking/how-much-food-per-guest","en","Cooking","How much food do I need for my guests?","5","6","6","6","12","9","47","100","4","2026-07-28"
"en/family/baby-and-child-milestones","en","Family","Is my child on track for their age?","5","4","6","6","11","8","44","100","1","2026-07-28"
"en/family/events-and-family-transitions","en","Family events and transitions","What should I budget for this family event or change?","3","5","12","11","7","3","45","100","1","2026-08-16"
"en/fitness/competition-and-rankings","en","Fitness & Sports","Where do I stand in the standings?","4","13","5","5","12","4","45","50","4","2026-07-28"
"en/fitness/endurance-thresholds","en","Fitness & Sports","What are my training zones and what do I eat during the race?","7","14","5","4","12","7","55","100","4","2026-07-28"
"en/fitness/running-race-plan","en","Fitness & Sports","How do I train for and pace this race?","6","11","5","5","12","8","51","75","4","2026-07-28"
"en/fitness/strength-and-training-volume","en","Fitness & Sports","How much weight, how many sets, how often?","4","8","5","5","12","5","41","25","4","2026-07-28"
"en/garden/planting-and-spacing","en","Garden","How many plants fit, how far apart, and how long until they sprout?","5","9","5","5","11","5","44","67","3","2026-07-28"
"en/garden/watering-and-feeding","en","Garden","How much water, fertilizer and amendment does this garden need?","5","11","5","5","11","5","46","100","3","2026-07-28"
"en/garden/when-to-plant","en","Garden","What can I plant this month, and when do I prune?","3","4","5","5","12","4","34","33","3","2026-07-28"
"en/health/blood-test-numbers","en","Health","Are my numbers normal?","6","15","8","7","12","12","65","83","6","2026-07-28"
"en/health/body-weight","en","Health","Am I at a healthy weight?","6","10","10","4","12","12","64","67","6","2026-07-28"
"en/health/calories-and-macros","en","Health","How many calories and macros should I eat?","7","18","10","8","12","18","80","100","6","2026-07-28"
"en/health/exercise-and-training","en","Health","How hard should I train, and what do I need to drink?","5","10","8","3","12","7","53","33","6","2026-07-28"
"en/health/fertility-and-pregnancy","en","Health","When am I fertile, and when is the baby due?","6","10","7","5","12","14","60","50","6","2026-07-28"
"en/health/medical-out-of-pocket","en","Health","How much will this health plan really cost me?","3","10","2","1","8","1","29","17","6","2026-08-09"
"en/home/carpentry-and-stairs","en","Home & Building","How many boards, cuts, hinges and steps?","5","13","6","6","12","5","50","100","6","2026-07-28"
"en/home/concrete-and-structure","en","Home & Building","How much concrete, steel and brick does this take?","5","9","6","6","12","5","46","67","6","2026-07-28"
"en/home/electrical-and-solar","en","Home & Building","What wire gauge, what breaker, and how many solar panels?","4","11","6","5","12","4","45","33","6","2026-07-28"
"en/home/hvac-sizing","en","Home & Building","What size AC, heater and vent fan does this room need?","4","10","6","6","12","4","44","17","6","2026-07-28"
"en/home/paint-and-tile","en","Home & Building","How much paint, tile and plaster do I buy?","5","9","6","6","12","6","47","83","6","2026-07-28"
"en/home/water-and-plumbing","en","Home & Building","What size water heater, tank, pipe and pump do I need?","5","9","6","6","12","5","46","67","6","2026-07-28"
"en/life/carbon-footprint","en","Everyday Life","How big is this carbon footprint, and what would offset it?","5","8","5","5","11","5","43","50","4","2026-07-28"
"en/life/dates-and-hours","en","Everyday Life","How much time is that, exactly?","4","11","5","4","11","4","43","50","4","2026-07-28"
"en/life/home-energy-savings","en","Everyday Life","What is this costing me, and what would I save by changing it?","5","11","5","4","11","5","46","75","4","2026-07-28"
"en/life/identity-permits-and-applications","en","Permits and applications","What will this permit or application cost?","6","9","17","14","12","6","71","100","1","2026-08-16"
"en/life/move-abroad","en","Life","Can I afford to move abroad?","3","9","2","2","8","1","28","100","1","2026-08-09"
"en/life/party-and-event-planning","en","Everyday Life","What will this event cost, and how do I fill the time?","5","18","5","4","11","5","53","100","4","2026-07-28"
"en/math/algebra","en","Math","How do I solve this equation?","7","8","6","3","12","7","51","100","5","2026-07-28"
"en/math/geometry-trigonometry","en","Math","What is the area, the angle or the distance?","5","6","6","4","12","5","43","20","5","2026-07-28"
"en/math/percentages","en","Math","How do I work out this percentage?","7","5","6","4","12","5","46","60","5","2026-07-28"
"en/math/statistics","en","Math","What do these numbers actually say?","5","5","6","4","12","7","44","40","5","2026-07-28"
"en/math/unit-converter","en","Math","How do I convert this unit?","7","2","7","6","12","8","48","80","5","2026-07-28"
"en/money/crypto-profit-and-fees","en","Money","What am I really making on crypto after fees?","5","20","6","4","12","12","64","85","13","2026-07-28"
"en/money/family-budget-and-big-expenses","en","Family budget","How much can my family afford?","6","21","37","20","12","6","123","100","1","2026-08-16"
"en/money/get-out-of-debt","en","Money","What is the fastest, cheapest way to clear my debt?","4","12","6","4","12","6","48","62","13","2026-07-28"
"en/money/grow-your-money","en","Money","How much will this money be worth, and how should I split it?","4","20","6","5","12","22","72","100","13","2026-07-28"
"en/money/home-loan","en","Money","Should I refinance, pay extra, or borrow against my home?","4","11","6","3","12","7","48","62","13","2026-07-28"
"en/money/insurance-coverage","en","Money","How much insurance coverage do I actually need?","3","11","2","1","8","1","30","31","13","2026-08-09"
"en/money/landed-cost","en","Money","What will this imported product really cost me?","3","9","2","2","8","1","28","15","13","2026-08-09"
"en/money/paycheck-and-taxes","en","Money","How much of my paycheck do I actually keep?","5","14","9","3","13","13","65","92","13","2026-07-28"
"en/money/renting-a-home","en","Money","What will renting this place really cost me?","4","11","5","5","11","8","47","46","13","2026-07-28"
"en/money/retirement-income","en","Money","Roth or traditional, and what will I actually live on?","5","15","8","3","13","11","62","77","13","2026-07-28"
"en/money/sales-and-property-tax","en","Money","What tax will I pay on this purchase or on my property?","4","17","8","5","12","8","59","69","13","2026-07-28"
"en/money/self-employed-rates-and-taxes","en","Money","What do I charge, and what do I actually keep?","3","14","6","3","12","3","45","38","13","2026-07-28"
"en/money/student-loans","en","Money","What will my student loan really cost to repay?","3","8","2","1","8","1","27","8","13","2026-08-09"
"en/money/tax-residency","en","Money","Am I a tax resident in the United States or abroad?","3","10","2","1","8","1","29","23","13","2026-08-09"
"en/pets/dog-lifestyle-and-costs","en","Pets","Does this dog fit my life, and what will it cost?","4","9","8","4","12","5","48","50","2","2026-07-28"
"en/pets/pet-age-and-life-stage","en","Pets","How old is my pet really, and what's due now?","5","8","8","6","12","5","49","100","2","2026-07-28"
"en/school/gpa-and-grades","en","School & Learning","What’s my GPA and what do I need to keep the scholarship?","4","13","5","4","12","4","45","33","3","2026-07-28"
"en/school/learn-a-language","en","School & Learning","How long until I actually speak this language?","5","9","5","5","13","10","49","67","3","2026-07-28"
"en/school/study-time-and-focus","en","School & Learning","How do I plan my study time?","5","18","6","6","12","5","55","100","3","2026-07-28"
"en/science/chemistry-and-thermodynamics","en","Science","How do I get this solution, gas or heat problem right?","6","17","5","4","12","6","55","33","3","2026-07-28"
"en/science/motion-and-forces","en","Science","What’s the force, energy or motion here?","9","17","5","5","13","9","64","100","3","2026-07-28"
"en/science/waves-light-and-astronomy","en","Science","How far, how fast, how much energy?","8","15","7","6","14","8","63","67","3","2026-07-28"
"en/tech/batteries-and-electronics","en","Tech","How long will it run, and what supply does it need?","8","27","7","7","14","8","75","100","6","2026-07-28"
"en/tech/cloud-and-ai-costs","en","Tech","What will this cost me to run per month?","6","17","8","7","13","6","61","83","6","2026-07-28"
"en/tech/network-and-security","en","Tech","Is my network — and my password — up to the job?","7","12","8","6","13","7","59","67","6","2026-07-28"
"en/tech/pc-build-and-power","en","Tech","What PC do I need, and what power supply does it take?","5","10","6","5","12","5","47","33","6","2026-07-28"
"en/tech/screens-and-print-resolution","en","Tech","What resolution do I actually need?","3","9","5","5","12","3","38","17","6","2026-07-28"
"en/tech/storage-and-file-size","en","Tech","How much space is this, and how long will it take?","5","14","6","6","12","5","51","50","6","2026-07-28"
"es/automotor/comprar-coche","es","Coche","¿Qué coche me conviene y cómo lo pago?","4","12","4","4","11","6","44","100","2","2026-07-28"
"es/automotor/costes-del-coche","es","Coche","¿Cuánto me cuesta tener el coche cada año?","4","11","5","3","11","5","44","100","2","2026-07-28"
"es/educacion/cuanto-cuesta-estudiar","es","Educación","¿Máster oficial o título propio? Compará antes.","4","8","5","3","11","5","41","100","2","2026-07-28"
"es/educacion/nota-de-admision","es","Educación","¿Con qué nota entro y qué nota tengo?","2","9","3","2","10","2","31","50","2","2026-07-28"
"es/familia/ayudas-por-renta","es","Familia","¿Mi renta me da derecho a alguna ayuda?","4","7","5","4","11","4","39","50","2","2026-07-28"
"es/familia/tener-un-hijo","es","Familia","Voy a tener un hijo: ¿cuánto cuesta y qué me devuelven?","3","8","5","5","11","6","40","100","2","2026-07-28"
"es/finanzas/deudas-y-prestamos","es","Finanzas","¿Cuánto me cuesta de verdad esta deuda?","3","8","4","2","11","3","35","50","2","2026-07-28"
"es/finanzas/donde-pongo-mis-ahorros","es","Finanzas","¿Dónde pongo mis ahorros?","4","8","5","5","11","7","43","100","2","2026-07-28"
"es/impuestos/ahorro-e-inversiones","es","Impuestos","Gané dinero con mis ahorros: ¿cuánto se lleva Hacienda?","4","7","5","3","12","4","39","67","3","2026-07-28"
"es/impuestos/autonomos","es","Impuestos","Como autónomo, ¿cuánto se lleva Hacienda de lo que facturas?","3","6","5","3","12","4","36","33","3","2026-07-28"
"es/impuestos/irpf-nomina","es","Impuestos","De tu sueldo bruto en España, ¿cuánto te retienen de IRPF y cuánto te queda?","4","6","7","5","12","9","47","100","3","2026-08-16"
"es/trabajo/jubilacion","es","Trabajo","¿Cuándo me puedo jubilar y cuánto voy a cobrar?","4","7","5","2","11","5","40","50","4","2026-07-28"
"es/trabajo/mi-nomina","es","Trabajo","Tu sueldo por convenio en España 2026: hostelería, comercio y tu nómina","5","9","5","4","12","8","47","100","4","2026-08-16"
"es/trabajo/no-puedo-trabajar","es","Trabajo","No puedo trabajar: ¿qué cobro y quién me lo paga?","4","6","5","3","11","4","38","25","4","2026-07-28"
"es/trabajo/perder-el-trabajo","es","Trabajo","Me quedo sin trabajo: ¿cuánto me tienen que pagar y de qué vivo?","5","7","5","3","12","5","42","75","4","2026-07-28"
"es/vida/comida-cuentas-y-tiempo-con-amigos","es","Planes con amigos","¿Cuánto necesitamos para comer, pagar y organizar el plan entre amigos en España?","6","23","10","10","12","6","71","100","1","2026-08-16"
"es/vida/gastos-de-la-casa","es","Vida","¿Cuánto me cuesta de verdad mantener la casa?","4","9","5","3","11","7","44","100","1","2026-07-28"
"es/vivienda/alquilar-piso","es","Vivienda","Alquilar un piso: ¿qué me cuesta entrar y qué renta ponerlo?","4","8","4","2","11","5","39","75","4","2026-07-28"
"es/vivienda/comprar-o-vender-piso","es","Vivienda","Comprar o vender un piso: ¿cuánto se llevan los impuestos?","3","10","5","4","11","4","40","100","4","2026-07-28"
"es/vivienda/hipoteca","es","Vivienda","¿Cuánto pago de hipoteca y me sale a cuenta amortizar?","4","7","3","2","11","3","34","25","4","2026-07-28"
"es/vivienda/reforma-y-eficiencia","es","Vivienda","¿Cuánto cuesta reformar, construir o cambiar la instalación?","4","8","4","3","11","5","39","75","4","2026-07-28"
"estudio/aprender-un-idioma","ar","Estudio","¿Cuánto tardo en aprender un idioma?","7","10","6","6","12","15","61","78","9","2026-07-27"
"estudio/contador-de-palabras","ar","Estudio","Contador de palabras: ¿cuántas palabras tiene mi texto?","1","5","4","3","10","9","34","11","9","2026-07-27"
"estudio/cuanto-cuesta-estudiar","ar","Estudio","¿Cuánto cuesta estudiar?","5","8","5","5","12","7","45","33","9","2026-07-27"
"estudio/cuanto-falta-para-recibirme","ar","Estudio","¿Cuánto me falta para recibirme?","5","16","6","6","12","6","54","44","9","2026-07-27"
"estudio/cuanto-tardo-en-leer","ar","Estudio","¿Cuánto tardo en leer esto?","7","13","6","6","12","7","56","67","9","2026-07-27"
"estudio/examenes-de-idioma","ar","Estudio","¿Qué puntaje necesito en TOEFL, IELTS o Cambridge?","7","24","9","8","12","9","75","100","9","2026-07-27"
"estudio/nota-necesaria-para-aprobar","ar","Estudio","¿Qué nota necesito para aprobar?","5","9","5","4","12","3","42","22","9","2026-07-27"
"estudio/plan-de-estudio","ar","Estudio","¿Cómo organizo el estudio para el examen?","8","23","7","7","14","9","72","89","9","2026-07-27"
"estudio/promedio","ar","Estudio","¿Cuál es mi promedio?","7","9","5","5","12","12","55","56","9","2026-07-27"
"eventos/asado","ar","Eventos","¿Cuánta carne compro para el asado?","4","6","4","4","10","7","39","13","8","2026-07-27"
"eventos/bebidas","ar","Eventos","¿Cuánta bebida compro para la fiesta?","4","6","5","5","12","11","45","25","8","2026-07-27"
"eventos/casamiento","ar","Eventos","¿Cuánto cuesta casarse?","5","8","6","6","12","6","46","38","8","2026-07-27"
"eventos/comida","ar","Eventos","¿Cuánta comida compro para la fiesta?","4","7","6","6","13","15","52","88","8","2026-07-27"
"eventos/empanadas-y-guarniciones","ar","Eventos","Empanadas, carbón y guarniciones: ¿cuánto preparo?","4","15","5","5","12","6","49","75","8","2026-07-27"
"eventos/logistica","ar","Eventos","¿Cuántas mesas, sillas, meseros y cosas necesito para la fiesta?","6","6","6","6","12","9","49","75","8","2026-07-27"
"eventos/presupuesto","ar","Eventos","¿Cuánto me va a salir la fiesta?","5","11","5","4","12","7","48","50","8","2026-07-27"
"eventos/tragos","ar","Eventos","¿Cuánto de cada cosa para N tragos?","7","12","6","5","12","7","55","100","8","2026-07-28"
"familia/asignaciones-anses","ar","Familia","AUH y asignaciones familiares: ¿cuánto cobro?","5","6","7","4","13","7","47","100","4","2026-07-27"
"familia/costo-de-un-bebe","ar","Familia","¿Cuánto cuesta un bebé por mes?","4","8","3","3","11","6","38","50","4","2026-07-27"
"familia/cuota-alimentaria","ar","Familia","¿Cuánto es la cuota alimentaria?","4","7","6","4","12","4","41","75","4","2026-07-27"
"familia/herencia","ar","Familia","Falleció un familiar: cuánto te toca y cuánto cuesta la sucesión.","5","4","4","4","12","5","37","25","4","2026-07-27"
"fechas/cuenta-regresiva","ar","Fechas","¿Cuánto falta para…?","4","4","4","3","11","10","40","80","5","2026-07-27"
"fechas/dias-entre-fechas","ar","Fechas","¿Cuántos días hay entre dos fechas?","1","5","5","2","10","6","33","40","5","2026-08-04"
"fechas/edad-exacta","ar","Fechas","¿Qué edad tengo exactamente?","1","2","5","5","9","6","29","20","5","2026-07-27"
"fechas/feriados","ar","Fechas","¿Cuándo es el próximo feriado?","4","5","4","2","12","5","36","60","5","2026-07-27"
"fechas/generaciones","ar","Fechas","Generaciones por edad y año de nacimiento","1","3","5","5","10","17","42","100","5","2026-08-07"
"finanzas-personales/becas-para-estudiar","ar","Finanzas personales","¿Cuánto voy a cobrar de beca y qué me descuentan?","5","3","4","3","12","4","35","11","9","2026-07-27"
"finanzas-personales/dividir-gastos","ar","Finanzas personales","¿Cómo dividimos los gastos?","3","10","3","3","12","7","39","33","9","2026-07-27"
"finanzas-personales/dolar","ar","Finanzas personales","¿Conviene comprar dólares?","5","7","5","4","12","10","47","56","9","2026-07-27"
"finanzas-personales/gastos-del-mes","ar","Finanzas personales","¿En qué se me va la plata?","4","16","5","3","11","17","61","100","9","2026-07-27"
"finanzas-personales/meta-de-ahorro","ar","Finanzas personales","¿Cuánto tengo que ahorrar por mes?","6","9","4","3","12","14","53","78","9","2026-07-27"
"finanzas-personales/prestamo","ar","Finanzas personales","¿Cuánto voy a pagar por este préstamo?","6","10","5","3","12","12","54","89","9","2026-07-27"
"finanzas-personales/salir-de-deudas","ar","Finanzas personales","¿Cómo salgo de las deudas?","4","7","6","2","10","6","43","44","9","2026-07-27"
"finanzas-personales/tarifa-freelance","ar","Finanzas personales","¿Cuánto tengo que cobrar la hora para que me cierre?","3","11","4","4","12","4","39","33","9","2026-07-27"
"finanzas-personales/tarjeta-de-credito","ar","Finanzas personales","Pago el mínimo de la tarjeta: ¿cuánto me cuesta?","5","11","6","4","12","8","51","67","9","2026-07-27"
"futbol/estadisticas","ar","Fútbol","Récords y estadísticas de jugadores","1","18","5","5","11","19","59","100","4","2026-07-27"
"futbol/mundial-2026","ar","Fútbol","¿Cuántos cupos, cuánta plata y qué récords dejó el Mundial 2026?","1","8","7","3","12","14","48","25","4","2026-07-27"
"futbol/premios","ar","Fútbol","¿Cuánto se lleva de premio cada equipo?","6","12","6","5","12","8","54","75","4","2026-07-27"
"futbol/puntos-y-campeonato","ar","Fútbol","¿Le alcanzan los puntos a tu equipo?","6","13","5","5","12","7","52","50","4","2026-07-27"
"hogar/amueblar","ar","Hogar","Antes de comprar el mueble: ¿entra?","5","7","5","5","12","16","53","44","9","2026-07-27"
"hogar/climatizacion","ar","Hogar","¿Cuánto me cuesta el aire o la calefacción?","5","9","6","6","12","14","55","56","9","2026-07-27"
"hogar/factura-de-luz","ar","Hogar","¿Por qué me vino tan cara la luz?","4","11","6","5","11","11","52","33","9","2026-07-27"
"hogar/gas-y-agua","ar","Hogar","Gas y agua: ¿cuánto voy a pagar?","4","13","8","7","12","9","56","67","9","2026-07-27"
"hogar/gastos-de-la-casa","ar","Hogar","¿Cuánto me cuesta la casa además del alquiler o la cuota?","5","24","9","6","13","6","68","100","9","2026-07-27"
"hogar/huella-de-carbono","ar","Hogar","¿Cuál es mi huella de carbono?","5","17","8","7","12","9","62","78","9","2026-07-27"
"hogar/humedad-en-casa","ar","Hogar","¿Tengo humedad en casa y dónde va a condensar?","1","5","5","5","12","4","31","11","9","2026-07-28"
"hogar/limpieza","ar","Hogar","¿Cada cuánto limpio y cuánto producto uso?","7","29","4","4","12","7","68","100","9","2026-07-27"
"hogar/pileta","ar","Hogar","¿Cuánto sale mantener la pileta?","1","21","6","6","12","5","50","22","9","2026-07-27"
"impuestos/bienes-personales","ar","Impuestos","¿Tengo que pagar Bienes Personales?","6","8","6","6","12","8","50","78","9","2026-08-04"
"impuestos/comprar-en-el-exterior","ar","Impuestos","¿Cuánto me cuesta realmente importar una compra?","6","6","6","3","12","2","42","56","9","2026-07-28"
"impuestos/deducciones-ganancias","ar","Impuestos","¿Qué me puedo deducir de Ganancias y cuánto me baja?","6","6","5","2","12","3","41","44","9","2026-07-27"
"impuestos/ganancias-cuarta-categoria","ar","Impuestos","¿Me descuentan Ganancias del sueldo? Calculá el impuesto de cuarta categoría","4","6","5","3","11","9","43","67","9","2026-08-07"
"impuestos/ingresos-brutos","ar","Impuestos","Calculadora de Ingresos Brutos 2026","3","7","6","6","12","2","37","33","9","2026-08-04"
"impuestos/iva","ar","Impuestos","¿Cómo discrimino el IVA?","4","3","5","3","11","5","36","22","9","2026-07-27"
"impuestos/monotributo","ar","Impuestos","¿Qué categoría de monotributo me toca?","4","8","6","3","11","15","53","100","9","2026-08-04"
"impuestos/residencia-fiscal-nomadas-digitales","ar","Impuestos","Residencia fiscal para nómadas digitales: ¿dónde pago impuestos?","3","10","3","2","8","1","31","11","9","2026-08-16"
"impuestos/retenciones","ar","Impuestos","Facturaste, ¿y por qué te llega menos plata?","8","5","7","3","13","8","53","100","9","2026-08-07"
"inversiones/cedears","ar","Inversiones","Mirás un CEDEAR: ¿está caro y cuánto te rinde?","5","8","4","4","12","5","41","29","7","2026-07-27"
"inversiones/ganancia-con-cripto","ar","Inversiones","Comprás y vendés cripto: ¿cuánto ganaste después de las comisiones?","6","20","5","5","12","7","59","100","7","2026-07-27"
"inversiones/interes-compuesto","ar","Inversiones","Interés compuesto: calculá el rendimiento y convertí TNA a TEA","4","6","6","5","12","13","49","71","7","2026-07-27"
"inversiones/liquidacion-apalancamiento","ar","Inversiones","Abrís una posición apalancada: ¿a qué precio te liquidan?","5","13","4","4","12","5","46","57","7","2026-07-27"
"inversiones/opciones-call-put","ar","Inversiones","Comprás una opción: ¿cuánto vale y desde qué precio ganás?","4","7","4","4","12","2","35","14","7","2026-07-27"
"inversiones/plazo-fijo","ar","Inversiones","¿Cuánto gano con un plazo fijo?","4","6","6","3","12","6","42","43","7","2026-07-27"
"inversiones/riesgo-de-mi-cartera","ar","Inversiones","Mirás tu cartera: ¿cuánto rinde y cuánto riesgo estás tomando?","4","17","5","5","12","5","50","86","7","2026-07-27"
"jardin/cuantas-plantas","ar","Jardín","¿Cuántas plantas me entran acá?","5","13","5","3","12","5","48","100","4","2026-07-28"
"jardin/huerta","ar","Jardín","¿Cuándo siembro cada cosa?","4","7","5","5","10","11","46","75","4","2026-07-27"
"jardin/riego","ar","Jardín","¿Cuánto tengo que regar?","4","10","3","3","12","5","39","50","4","2026-07-27"
"jardin/tierra-y-macetas","ar","Jardín","¿Qué maceta y cuánta tierra?","3","7","3","3","12","8","37","25","4","2026-07-27"
"jubilacion/cuando-me-jubilo","ar","Jubilación","¿Cuándo me puedo jubilar?","4","5","5","2","12","3","36","25","4","2026-07-27"
"jubilacion/cuanto-voy-a-cobrar","ar","Jubilación","¿Cuánto voy a cobrar de jubilación?","4","8","6","4","12","11","49","100","4","2026-07-27"
"jubilacion/pensiones","ar","Jubilación","¿Me corresponde una pensión?","4","6","8","4","12","6","46","75","4","2026-07-27"
"jubilacion/prestamo-anses","ar","Jubilación","¿Cuánto me presta ANSES y con qué cuota me queda el haber?","5","6","5","2","12","5","41","50","4","2026-07-27"
"mascotas/acuario","ar","Mascotas","¿De cuántos litros tiene que ser mi acuario?","3","6","6","6","12","6","40","78","9","2026-07-27"
"mascotas/cuanta-comida","ar","Mascotas","¿Cuánta comida le doy a mi mascota?","5","6","6","6","12","10","48","100","9","2026-07-27"
"mascotas/cuanto-cuesta","ar","Mascotas","¿Cuánto sale por mes tener un perro o un gato?","2","6","5","5","12","5","35","33","9","2026-07-27"
"mascotas/cuanto-vive","ar","Mascotas","¿Cuántos años vive mi conejo, tortuga o reptil?","1","4","8","8","12","4","36","67","9","2026-07-27"
"mascotas/edad-del-gato","ar","Mascotas","¿Cuántos años humanos tiene mi gato?","1","4","6","6","11","3","31","22","9","2026-07-27"
"mascotas/edad-del-perro","ar","Mascotas","¿Cuántos años humanos tiene mi perro?","1","5","6","6","11","7","36","67","9","2026-07-27"
"mascotas/gestacion","ar","Mascotas","¿Cuánto dura la gestación de mi perra?","1","6","4","2","12","4","30","11","9","2026-07-27"
"mascotas/peso-ideal","ar","Mascotas","¿Cuánto tiene que pesar mi perro o mi gato?","1","5","6","6","12","13","42","89","9","2026-07-27"
"mascotas/rutina-y-cuidados","ar","Mascotas","¿Cuánto ejercicio y qué cuidados necesita mi perro?","2","7","5","5","12","5","36","67","9","2026-07-27"
"matematica/area-y-perimetro","ar","Matemática","¿Cuál es el área y el perímetro de esta figura?","7","13","6","3","12","8","57","88","16","2026-07-27"
"matematica/derivadas","ar","Matemática","¿Cómo derivo esta función?","6","9","5","5","13","6","47","75","16","2026-07-27"
"matematica/ecuaciones-y-polinomios","ar","Matemática","¿Cómo resuelvo esta ecuación?","6","10","6","4","19","7","51","81","16","2026-07-28"
"matematica/estadistica-descriptiva","ar","Matemática","¿Qué me dicen estos datos?","5","5","4","4","12","5","38","13","16","2026-07-27"
"matematica/estadistica-inferencial","ar","Matemática","¿Puedo confiar en lo que me dice esta muestra?","5","10","5","5","12","4","44","56","16","2026-07-27"
"matematica/fracciones","ar","Matemática","¿Cómo opero con fracciones?","6","8","6","4","12","3","45","63","16","2026-07-27"
"matematica/geometria-analitica","ar","Matemática","¿Cómo trabajo con puntos, rectas y vectores en el plano?","5","7","6","3","12","4","43","44","16","2026-07-27"
"matematica/limites-e-integrales","ar","Matemática","¿Cómo calculo este límite o esta integral?","5","7","5","4","13","6","43","44","16","2026-07-27"
"matematica/porcentajes","ar","Matemática","¿Cómo calculo un porcentaje?","6","3","3","3","11","6","37","6","16","2026-07-27"
"matematica/potencias-y-raices","ar","Matemática","Mínimo común múltiplo (MCM), MCD, potencias y raíces","4","4","5","4","12","10","42","31","16","2026-07-27"
"matematica/probabilidad","ar","Matemática","¿Cuál es la probabilidad?","5","19","6","4","12","11","62","100","16","2026-07-27"
"matematica/regla-de-tres","ar","Matemática","¿Cómo hago una regla de tres?","6","7","4","4","12","7","44","56","16","2026-07-27"
"matematica/sistemas-y-matrices","ar","Matemática","¿Cómo resuelvo este sistema de ecuaciones?","5","9","6","4","12","5","46","69","16","2026-07-27"
"matematica/sucesiones-y-series","ar","Matemática","¿Cómo sigue esta sucesión y cuánto suma?","5","5","5","5","12","4","39","19","16","2026-07-27"
"matematica/triangulos-y-trigonometria","ar","Matemática","¿Cómo resuelvo este triángulo?","9","7","7","4","12","10","59","94","16","2026-07-27"
"matematica/volumen-de-cuerpos","ar","Matemática","¿Cuánto volumen tiene este cuerpo?","5","4","6","3","12","5","41","25","16","2026-07-27"
"mx/auto/comprar-o-vender-auto","mx","Auto","¿Me conviene de contado o financiado, y qué pago al comprarlo o venderlo?","5","19","6","5","12","6","57","100","3","2026-07-28"
"mx/auto/gasto-de-usar-el-auto","mx","Auto","¿Cuánto me cuesta usarlo: gasolina, casetas y seguro?","3","19","5","5","12","3","48","67","3","2026-07-28"
"mx/auto/tenencia-verificacion-y-placas","mx","Auto","¿Cuánto pago al año por tener el coche en regla?","3","11","5","5","12","6","43","33","3","2026-07-28"
"mx/familia/licencias-e-incapacidades","mx","Familia","Me incapacitan o voy a ser mamá o papá: ¿cuánto cobro y por cuánto tiempo?","4","6","5","4","12","3","37","50","2","2026-07-28"
"mx/familia/pension-alimenticia","mx","Familia","¿Cuánto de pensión alimenticia me corresponde o me van a descontar?","3","11","6","5","12","3","42","100","2","2026-07-28"
"mx/finanzas/credito-de-vivienda","mx","Finanzas","¿Cuánto me presta Infonavit, Fovissste o el banco en México y cuánto pago al mes?","5","14","7","6","12","6","54","75","4","2026-08-16"
"mx/finanzas/deudas-y-credito","mx","Finanzas","Debo en la tarjeta o quiero un préstamo: ¿cuánto me va a costar de verdad?","6","13","6","6","12","6","53","50","4","2026-07-28"
"mx/finanzas/donde-invierto","mx","Finanzas","¿Dónde rinde más mi dinero: Cetes, pagaré o cuenta de ahorro?","6","16","7","6","12","6","58","100","4","2026-07-28"
"mx/finanzas/mi-afore","mx","Finanzas","¿Cuánto tengo en la Afore y cuánto me la comen las comisiones?","5","12","6","6","12","5","49","25","4","2026-07-28"
"mx/hogar/servicios-y-obra","mx","Hogar","¿Cuánto pago de luz, gas y obra en mi casa?","4","18","5","4","12","4","50","100","1","2026-07-28"
"mx/impuestos/declaracion-anual","mx","Impuestos","¿Me toca declarar en el SAT y cuánto me devuelven?","3","10","5","4","12","6","42","75","8","2026-08-16"
"mx/impuestos/importar-productos","mx","Impuestos","¿Cuánto me cuesta realmente importar un producto a México?","2","9","4","3","8","2","31","13","8","2026-08-16"
"mx/impuestos/impuestos-de-mi-empresa","mx","Impuestos","Tengo una empresa: ¿qué le pago al SAT y qué me cuesta cumplir?","4","20","5","2","12","7","55","100","8","2026-07-28"
"mx/impuestos/isr-de-mis-inversiones","mx","Impuestos","Gané con inversiones: ¿qué ISR pago?","5","14","5","4","12","5","49","88","8","2026-07-28"
"mx/impuestos/isr-por-mi-cuenta","mx","Impuestos","¿Todavía existe el RIF? Calculá tus impuestos con RESICO o régimen general","5","5","5","3","13","6","41","63","8","2026-07-28"
"mx/impuestos/iva","mx","Impuestos","¿Cuánto IVA llevo trasladado, acreditable y a pagar?","3","7","4","3","12","4","35","25","8","2026-07-28"
"mx/impuestos/rentar-mi-departamento","mx","Impuestos","Rento un depa: ¿cuánto ISR y cuánto predial pago?","3","11","4","4","12","5","40","38","8","2026-07-28"
"mx/impuestos/vender-o-heredar-un-inmueble","mx","Impuestos","Vendo, heredo o me donan una casa: ¿qué impuestos pago?","4","11","4","4","12","4","41","63","8","2026-07-28"
"mx/trabajo/aguinaldo-prima-y-ptu","mx","Trabajo","¿Cuánto me toca de aguinaldo, prima vacacional y PTU en México?","5","10","6","4","12","7","49","83","6","2026-08-16"
"mx/trabajo/costo-de-un-empleado","mx","Trabajo","Factor de integración 2026 y costo patronal en México","3","11","6","4","12","8","47","50","6","2026-07-28"
"mx/trabajo/finiquito-y-liquidacion","mx","Trabajo","Me despiden o renuncio en México: ¿cuánto me tienen que pagar?","4","6","6","4","13","5","41","33","6","2026-08-16"
"mx/trabajo/mi-pension-imss","mx","Trabajo","¿De cuánto va a ser mi pensión y me alcanzan las semanas?","6","16","7","5","12","9","61","100","6","2026-07-28"
"mx/trabajo/sueldo-neto","mx","Trabajo","¿Cuánto me queda del sueldo en mano en México y cuál es mi salario diario integrado?","4","6","6","6","15","12","48","67","6","2026-08-16"
"mx/trabajo/vacaciones-y-jornada","mx","Trabajo","¿Cuántos días de vacaciones me tocan en México y cuánto valen mis horas extra?","4","7","5","3","12","4","39","17","6","2026-08-16"
"mx/tramites/costo-de-mis-documentos","mx","Trámites","¿Cuánto me cuesta sacar o renovar mis documentos?","3","7","3","3","10","4","33","100","1","2026-07-28"
"mx/vida/apoyos-del-bienestar","mx","Vida","¿Me toca un apoyo del Bienestar y de cuánto?","3","4","4","4","11","3","31","25","4","2026-07-28"
"mx/vida/cuanto-cuesta-vivir","mx","Vida","¿Cuánto necesito al mes para vivir y cuánta renta puedo pagar?","5","19","6","4","12","6","57","100","4","2026-07-28"
"mx/vida/escuela-y-becas","mx","Vida","¿Cuánto cuesta la escuela y qué beca me toca?","5","22","5","5","12","5","57","100","4","2026-07-28"
"mx/vida/organizar-una-fiesta","mx","Vida","¿Cuánto compro y cuánto gasto para la fiesta?","4","16","4","3","12","6","48","50","4","2026-07-28"
"negocios/capital-de-trabajo","ar","Negocios","Vendo bien pero no tengo plata: ¿por qué?","4","16","7","3","12","7","55","55","11","2026-07-27"
"negocios/comisiones-de-plataforma","ar","Negocios","La plataforma se lleva un porcentaje. Veamos cuánto queda.","10","6","8","8","12","12","64","82","11","2026-07-27"
"negocios/creador-de-contenido","ar","Negocios","¿Cuánto vale tu cuenta y cuánto podés cobrar?","4","11","5","5","12","8","47","18","11","2026-07-27"
"negocios/cuanto-vale-mi-negocio","ar","Negocios","¿Cuánta plata necesito, cuánto rinde y cuánto vale mi negocio?","5","26","7","7","12","8","68","91","11","2026-07-27"
"negocios/indicadores-de-marca","ar","Negocios","Mi NPS es 32: ¿está bien o mal?","4","16","7","6","12","4","52","27","11","2026-07-27"
"negocios/ingresos-por-plataforma","ar","Negocios","¿Cuánto me paga cada plataforma por mis views?","5","27","8","7","12","13","76","100","11","2026-07-27"
"negocios/metricas-de-marketing","ar","Negocios","CPC, CPM y ROAS: ¿cuánto me cuesta un cliente?","4","12","6","6","12","17","59","73","11","2026-07-27"
"negocios/precio-de-venta","ar","Negocios","Tenés un costo y una duda: ¿a cuánto lo vendo?","6","7","4","4","12","10","47","18","11","2026-07-27"
"negocios/publicar-en-redes","ar","Negocios","¿Cómo publico en cada red para que rinda?","5","17","5","4","14","6","53","36","11","2026-07-28"
"negocios/tarifas-por-hora","ar","Negocios","¿Cuánto se cobra la hora en mi oficio?","4","14","7","7","12","8","54","45","11","2026-07-27"
"negocios/vender-mi-contenido","ar","Negocios","¿Cuánto deja vender mi propia obra?","4","17","8","8","12","6","57","64","11","2026-07-27"
"nutricion/calorias-diarias","ar","Nutrición","¿Cuántas calorías necesito por día?","4","9","8","8","11","5","48","100","2","2026-07-27"
"nutricion/nutricion-deportiva","ar","Nutrición","Qué tomar antes, durante y después de entrenar","4","7","5","4","12","5","40","50","2","2026-07-27"
"ocio/numeros-de-videojuegos","ar","Ocio","¿Qué número necesito para mi juego?","4","16","7","6","12","4","52","100","2","2026-07-28"
"ocio/tiempo-de-juego","ar","Ocio","¿Cuánto tiempo me va a llevar terminarlo?","4","10","4","3","12","5","41","50","2","2026-07-27"
"pe/auto/costos-del-auto","pe","Auto","¿Cuánto me cuesta al año tener el auto al día en el Perú?","4","8","6","6","12","4","42","100","1","2026-08-07"
"pe/estudio/estudiar-y-aprobar","pe","Estudiar en Perú","¿Cuánto cuesta estudiar en el Perú y qué nota necesito?","2","10","7","7","7","2","37","100","1","2026-08-16"
"pe/finanzas-personales/afp-onp-y-jubilacion","pe","Finanzas personales","¿AFP u ONP, y cuánto voy a cobrar cuando me jubile?","4","7","5","4","12","4","39","50","2","2026-07-28"
"pe/finanzas-personales/creditos-y-ahorro","pe","Finanzas personales","¿Cuánto voy a pagar de verdad por este crédito, o cuánto gano si ahorro?","5","6","5","4","12","5","41","100","2","2026-07-28"
"pe/hogar/costo-de-construir","pe","Construir en Perú","¿Cuánto cuesta construir mi casa en el Perú?","1","2","3","3","7","1","18","100","1","2026-08-16"
"pe/hogar/presupuesto-mensual","pe","Hogar","¿Cuánto necesito por mes para vivir en el Perú, y me alcanza?","4","9","7","7","12","8","49","100","1","2026-07-28"
"pe/impuestos/igv-y-compras","pe","Impuestos","IGV, detracciones y tipo de cambio SUNAT: ¿cuánto pago o cobro?","4","7","6","2","12","5","42","50","4","2026-07-28"
"pe/impuestos/impuestos-del-inmueble","pe","Impuestos","Tengo, compro o vendo un inmueble: ¿qué impuestos pago?","4","9","6","4","12","4","43","75","4","2026-07-28"
"pe/impuestos/que-regimen-tributario-elijo","pe","Impuestos","Voy a formalizar mi negocio: ¿qué régimen tributario me conviene?","4","6","6","2","12","5","41","25","4","2026-07-28"
"pe/impuestos/renta-de-personas","pe","Impuestos","Impuesto a la renta en Perú: cuánto te toca pagar según de dónde viene tu plata.","4","6","6","2","13","10","46","100","4","2026-08-16"
"pe/trabajo/dias-que-no-trabajo","pe","Trabajo","Vacaciones, feriado, falta o descanso médico: ¿cómo se paga el día que no trabajo?","4","9","6","5","12","5","44","80","5","2026-07-28"
"pe/trabajo/dinero-por-hijos","pe","Trabajo","Tengo un hijo: ¿qué plata me corresponde?","4","7","6","5","12","5","42","40","5","2026-07-28"
"pe/trabajo/liquidacion-y-beneficios","pe","Trabajo","Me voy o me despiden en el Perú: ¿cuánto me tienen que pagar?","4","9","6","3","12","6","45","100","5","2026-08-16"
"pe/trabajo/regimenes-especiales","pe","Trabajo","No estoy en el régimen general privado: ¿qué me corresponde?","4","9","6","5","12","5","44","80","5","2026-07-28"
"pe/trabajo/sueldo-neto","pe","Trabajo","Tu sueldo en Perú: lo que te descuentan, lo que te queda y lo que cuesta.","4","4","6","5","12","4","38","20","5","2026-08-16"
"pe/tramites/tramites-del-estado","pe","Trámites","¿Cuánto me cuesta ese trámite o esa multa?","4","12","5","5","12","4","44","100","1","2026-07-28"
"pt-pt/familia/filhos","pt-pt","Família","Quanto custam os filhos — e o que o Estado devolve.","4","13","6","4","12","4","47","100","1","2026-07-28"
"pt-pt/financas/credito-habitacao","pt-pt","Finanças","Aguenta a prestação — e vale a pena amortizar?","4","12","6","5","11","4","46","100","2","2026-07-28"
"pt-pt/financas/impostos-do-automovel","pt-pt","Impostos do automóvel","Quanto vou pagar de ISV e IUC em Portugal?","2","8","3","3","7","2","27","100","1","2026-08-16"
"pt-pt/financas/reforma-e-apoios","pt-pt","Finanças","Quando o salário deixa de entrar: o que o Estado garante.","3","7","5","2","12","3","36","50","2","2026-07-28"
"pt-pt/impostos/casa","pt-pt","Impostos","Os impostos de comprar e de ter casa.","4","8","6","3","12","4","42","50","2","2026-07-28"
"pt-pt/impostos/irs","pt-pt","Impostos","IRS: quanto paga, quanto lhe devolvem e quando recebe.","4","11","6","3","12","4","45","100","2","2026-08-16"
"pt-pt/trabalho/ferias-baixas-e-licencas","pt-pt","Trabalho","Os dias em que não trabalha — e quanto recebe por eles.","5","12","6","2","12","6","50","100","2","2026-07-28"
"pt-pt/trabalho/salario-liquido","pt-pt","Trabalho","Quanto é que recebe mesmo ao fim do mês em Portugal.","4","9","7","3","12","6","47","50","2","2026-08-16"
"pt/casa/energia-da-casa","pt","Energia da casa","Quanto de energia minha casa consome e quanto custa na conta de luz?","3","10","33","10","7","3","92","100","1","2026-08-16"
"pt/casa/obra-e-manutencao","pt","Obra e manutenção","Quanto de material e dinheiro preciso para a obra da casa?","7","15","22","17","14","7","90","100","1","2026-08-16"
"pt/casa/plantar-e-reduzir-impacto","pt","Jardim e ambiente","Quando plantar e quanto colher da horta?","5","6","38","13","10","5","107","100","1","2026-08-16"
"pt/dinheiro/alugar-um-imovel","pt","Dinheiro","Alugar: quanto custa entrar, ficar e sair antes da hora?","5","12","5","2","12","6","48","57","7","2026-07-28"
"pt/dinheiro/comprar-em-dolar-iof","pt","Dinheiro","Quanto o dólar realmente custa quando você paga a conta.","4","8","5","3","12","4","40","29","7","2026-07-28"
"pt/dinheiro/comprar-um-imovel","pt","Dinheiro","Comprar um imóvel: quanto preciso ter na mão e quanto pago por mês?","5","12","8","4","12","8","56","100","7","2026-07-28"
"pt/dinheiro/heranca-e-familia","pt","Dinheiro","Herança, divórcio e pensão: quanto custa acertar isso?","5","12","7","4","12","4","50","86","7","2026-07-28"
"pt/dinheiro/imposto-de-renda","pt","Dinheiro","Quanto você paga (ou recebe de volta) no imposto de renda.","4","13","6","2","12","3","46","43","7","2026-08-16"
"pt/dinheiro/investir-renda-fixa","pt","Dinheiro","Onde colocar o dinheiro, considerando o que o imposto leva.","4","10","7","4","12","7","49","71","7","2026-07-28"
"pt/dinheiro/simples-nacional","pt","Dinheiro","Em que anexo você cai e quanto sai o DAS deste mês.","5","5","4","3","12","6","39","14","7","2026-07-28"
"pt/matematica/converter-medidas","pt","Conversores","Como converter torque, velocidade e medidas sem errar","4","9","12","6","8","4","53","100","1","2026-08-16"
"pt/matematica/estatistica-e-probabilidade","pt","Matemática","Qual é a chance disso acontecer?","3","7","4","4","12","4","35","50","2","2026-07-28"
"pt/matematica/geometria-e-trigonometria","pt","Matemática","Como calculo essa figura?","3","9","4","4","12","4","37","100","2","2026-07-28"
"pt/matematica/resolver-contas","pt","Ciência e matemática","Como resolvo esta conta de ciência ou matemática?","9","25","47","16","14","9","156","100","1","2026-08-16"
"pt/trabalho/aposentadoria-inss","pt","Trabalho","Quando eu posso me aposentar — e quanto vai cair na conta?","8","11","7","2","12","8","59","100","6","2026-07-28"
"pt/trabalho/beneficios-do-governo","pt","Trabalho","Tenho direito a algum benefício do governo — e de quanto é?","3","8","7","3","12","3","41","17","6","2026-07-28"
"pt/trabalho/ferias-e-decimo-terceiro","pt","Trabalho","Férias e 13º: o valor certo e a data em que cai.","5","6","6","3","12","5","43","33","6","2026-08-16"
"pt/trabalho/quanto-custa-contratar","pt","Trabalho","Quanto custa ter alguém trabalhando pra mim?","4","10","8","5","12","4","48","67","6","2026-07-28"
"pt/trabalho/rescisao-clt","pt","Trabalho","Saí do emprego: quanto entra na minha conta?","5","7","6","3","12","7","46","50","6","2026-08-16"
"pt/trabalho/salario-liquido","pt","Trabalho","Do bruto ao que cai na conta: onde foi parar o seu salário.","5","10","6","3","12","10","52","83","6","2026-08-16"
"pt/veiculos/custo-do-carro","pt","Veículos","Quanto o carro custa por mês, de verdade.","5","26","8","7","12","10","72","100","1","2026-07-28"
"pt/vida/aprender-e-passar","pt","Estudos","Quanto preciso tirar para passar: ENEM, escola e idiomas","7","23","17","12","14","7","88","100","1","2026-08-16"
"pt/vida/capacidade-custo-e-consumo","pt","Tecnologia","Quanto custa, consome ou demora minha tecnologia?","11","25","33","21","14","11","134","100","1","2026-08-16"
"pt/vida/comida-para-receitas-e-festas","pt","Receitas e festas","Quanto de comida preciso preparar para a festa ou a receita?","10","30","29","22","14","10","128","100","1","2026-08-16"
"pt/vida/decisoes-e-calculos-do-dia-a-dia","pt","Cálculos do dia a dia","Qual é o número para decidir melhor no dia a dia?","3","6","50","11","7","3","122","100","1","2026-08-16"
"pt/vida/treino-e-desempenho","pt","Treino e desempenho","Quanto devo treinar e qual é o meu resultado?","11","33","35","28","14","11","146","100","1","2026-08-16"
"py/automotor/tener-auto","py","Automotor","¿Cuánto te cuesta el auto, de punta a punta?","4","10","4","4","12","4","40","100","1","2026-07-28"
"py/finanzas/guaranies","py","Finanzas","¿Cuánto vale tu plata en guaraníes hoy?","4","12","4","3","12","6","44","100","1","2026-08-16"
"py/finanzas/presupuesto-familiar-y-viajes","py","Presupuesto familiar","¿Cuánto necesito por mes o para el viaje en Paraguay?","3","15","6","5","7","3","43","100","1","2026-08-16"
"py/impuestos/cuanto-pago","py","Impuestos","¿Cuánto le pagás al fisco por lo que ganás?","4","7","5","3","12","4","39","100","1","2026-07-28"
"py/trabajo/dias-y-notas","py","Días y notas","¿Cuántos días hábiles hay o qué promedio tengo en Paraguay?","2","7","4","4","7","2","28","100","1","2026-08-16"
"py/trabajo/ips","py","Trabajo","¿Cuánto aportás al IPS y qué te devuelve?","4","5","4","3","11","4","35","33","3","2026-08-04"
"py/trabajo/liquidacion-final","py","Trabajo","Te vas del trabajo en Paraguay: ¿cuánto te tienen que pagar?","4","6","3","3","12","7","37","67","3","2026-08-16"
"py/trabajo/sueldo-neto","py","Trabajo","Salario mínimo Paraguay 2026: Gs. 3.044.000","4","8","4","3","12","10","44","100","3","2026-08-16"
"py/vivienda/casa-propia","py","Vivienda","¿Cuánto cuesta de verdad tu casa propia?","4","8","5","5","12","5","41","100","1","2026-07-28"
"py/vivienda/organizar-un-evento","py","Eventos en Paraguay","¿Cuánto comprar para el asado o el evento en Paraguay?","2","9","2","2","7","2","26","100","1","2026-08-16"
"salud/calorias-de-los-alimentos","ar","Salud","¿Cuántas calorías tiene lo que como?","6","11","6","6","12","16","61","94","16","2026-07-27"
"salud/calorias-quemadas","ar","Salud","¿Cuántas calorías quemé entrenando?","4","7","5","5","12","19","54","75","16","2026-07-27"
"salud/crecimiento-infantil","ar","Salud","¿Está bien el peso y la altura de mi hijo?","4","7","4","4","9","7","39","19","16","2026-07-27"
"salud/cuanto-dormir","ar","Salud","¿Cuánto tenés que dormir?","4","5","4","4","11","8","39","19","16","2026-07-27"
"salud/frecuencia-cardiaca","ar","Salud","¿Cuál es mi zona de frecuencia cardíaca?","6","5","6","6","12","11","50","56","16","2026-07-27"
"salud/fuerza-y-gimnasio","ar","Salud","Cuánto levantás, cuánto descansás y cuándo volvés a entrenar","5","11","5","5","12","11","52","69","16","2026-07-27"
"salud/grasa-corporal","ar","Salud","¿Cuánta grasa corporal tengo?","4","11","9","5","12","8","55","81","16","2026-08-04"
"salud/habitos","ar","Salud","¿Cuánto alcohol, sol y pantalla me hacen bien?","4","16","10","7","12","18","72","100","16","2026-07-27"
"salud/macros","ar","Salud","¿Cómo reparto mis macros?","11","3","4","4","11","8","51","63","16","2026-07-27"
"salud/nutrientes-diarios","ar","Salud","¿Cuánto necesito por día de cada nutriente?","8","5","5","4","12","9","50","56","16","2026-07-27"
"salud/peso-en-el-embarazo","ar","Salud","¿Cuánto peso es esperable subir en cada semana?","6","7","4","4","11","7","44","31","16","2026-07-31"
"salud/peso-ideal-imc","ar","Salud","Calculá tu IMC y entendé su rango saludable","1","5","8","6","10","4","37","6","16","2026-08-16"
"salud/plan-de-carrera","ar","Salud","Te anotaste a una carrera. Veamos si llegás.","6","7","4","4","12","6","43","25","16","2026-07-27"
"salud/proteina","ar","Salud","¿Cuánta proteína tengo que comer?","6","6","5","5","12","8","46","38","16","2026-07-27"
"salud/ritmo-y-pace","ar","Salud","¿A qué ritmo tengo que correr?","6","12","4","4","12","7","49","44","16","2026-07-27"
"salud/sueno-y-pantallas","ar","Salud","¿Cuántas horas de sueño y de pantalla deberíamos tener?","5","15","9","9","12","5","58","88","16","2026-07-27"
"tecnologia/ajustes-de-camara","ar","Tecnología","¿Con qué ajustes disparo?","4","8","4","3","12","4","38","25","12","2026-07-27"
"tecnologia/almacenamiento","ar","Tecnología","¿Cuántos GB son y cuánto espacio me queda de verdad?","1","6","6","6","12","7","37","8","12","2026-07-27"
"tecnologia/audio","ar","Tecnología","Audio: BPM, tempo, afinación y decibeles","9","18","6","6","12","9","67","100","12","2026-07-27"
"tecnologia/baterias","ar","Tecnología","¿Cuánto dura la batería?","5","16","7","5","12","9","59","75","12","2026-07-27"
"tecnologia/costo-de-ia","ar","Tecnología","¿Cuánto te va a costar la IA este mes?","4","19","4","3","12","8","53","50","12","2026-07-27"
"tecnologia/fotografia","ar","Tecnología","Fotos y video: cuánto ocupan y a qué resolución","4","13","7","7","12","16","61","83","12","2026-07-27"
"tecnologia/gaming","ar","Tecnología","¿Qué FPS me da mi PC?","4","22","5","5","12","12","62","92","12","2026-07-27"
"tecnologia/impresion-3d","ar","Tecnología","¿Cuánto cuesta una impresión 3D por hora y por pieza?","1","17","6","4","12","9","50","42","12","2026-07-27"
"tecnologia/instalacion-electrica","ar","Tecnología","¿Qué cable y qué térmica necesita este circuito?","5","20","5","4","12","8","58","67","12","2026-07-27"
"tecnologia/internet-y-red","ar","Tecnología","¿Me alcanzan los megas? ¿Cuánto tarda esta descarga?","1","12","6","5","12","10","46","33","12","2026-07-27"
"tecnologia/nitidez-y-encuadre","ar","Tecnología","¿Qué va a salir nítido y cuánto entra en el cuadro?","4","4","6","6","12","4","38","25","12","2026-07-28"
"tecnologia/resistencias","ar","Tecnología","¿Qué resistencia necesito?","4","16","6","5","12","9","55","58","12","2026-07-27"
"trabajo/accidente-laboral","ar","Trabajo","Tuve un accidente laboral. ¿Qué hago ahora?","1","0","4","1","7","1","18","8","13","2026-08-03"
"trabajo/aguinaldo","ar","Trabajo","¿Cuánto cobro de aguinaldo?","4","4","5","3","10","6","38","38","13","2026-07-27"
"trabajo/costo-de-un-empleado","ar","Trabajo","¿Cuánto me cuesta realmente un empleado?","4","8","6","1","11","8","46","69","13","2026-08-07"
"trabajo/empleada-domestica","ar","Trabajo","Empleada doméstica: ¿cuánto le pago?","4","5","5","3","11","5","38","38","13","2026-07-27"
"trabajo/horas-extra","ar","Trabajo","¿Cuánto me tienen que pagar las horas extra?","4","12","6","2","12","10","52","85","13","2026-07-27"
"trabajo/indemnizacion-por-despido","ar","Trabajo","Calculadora de indemnización por despido 2026","8","5","3","3","8","8","43","54","13","2026-08-04"
"trabajo/liquidacion-final","ar","Trabajo","Calculadora de liquidación final por renuncia y antigüedad laboral 2026","4","6","4","4","11","5","37","15","13","2026-08-07"
"trabajo/liquidacion-latam","ar","Trabajo","Terminás el trabajo: veamos qué te tienen que pagar.","6","10","9","8","12","11","61","100","13","2026-07-28"
"trabajo/seguro-de-desempleo","ar","Trabajo","Me quedé sin trabajo: ¿qué me paga ANSES?","3","5","7","2","11","3","38","38","13","2026-07-27"
"trabajo/sueldo-bruto-y-neto","ar","Trabajo","¿Cuánto me queda en mano del sueldo bruto?","4","8","5","3","10","5","41","46","13","2026-07-31"
"trabajo/sueldo-vs-inflacion","ar","Trabajo","¿Tu sueldo le gana a la inflación?","5","5","5","5","12","12","47","77","13","2026-07-27"
"trabajo/sueldos-por-convenio","ar","Trabajo","¿Cuánto gana un… según convenio?","1","4","12","10","10","18","58","92","13","2026-07-27"
"trabajo/vacaciones","ar","Trabajo","¿Cuántos días de vacaciones me corresponden?","5","7","4","2","12","11","46","69","13","2026-07-27"
"tramites/dni-y-pasaporte","ar","Trámites","DNI, pasaporte y trámites: ¿cuánto cuesta y qué necesito?","8","6","5","5","12","7","49","100","1","2026-07-27"
"uy/finanzas/costos-del-auto","uy","Costos del auto","¿Cuánto cuesta tener y usar el auto en Uruguay?","2","8","4","3","7","2","29","100","1","2026-08-16"
"uy/finanzas/cuentas-y-compras","uy","Cuentas y compras","¿Cuánto termino pagando por la compra o la factura en Uruguay?","2","5","4","3","7","2","26","100","1","2026-08-16"
"uy/finanzas/cuotas-y-prestamos","uy","Préstamos en Uruguay","¿Cuánto voy a pagar por mes por el préstamo en Uruguay?","2","7","4","3","7","2","28","100","1","2026-08-16"
"uy/finanzas/jubilacion","uy","Finanzas","¿A qué edad te podés jubilar en Uruguay y con cuánto te quedás?","4","4","4","3","11","4","34","50","2","2026-07-28"
"uy/finanzas/unidades-y-valores","uy","Finanzas","¿Cuánto vale hoy en pesos? UI, UR, BPC, dólar y tu alquiler","4","4","5","4","11","6","38","100","2","2026-07-28"
"uy/impuestos/trabajo-independiente","uy","Impuestos","Facturás por tu cuenta: ¿qué régimen te conviene y cuánto te queda?","4","7","4","2","11","4","37","50","2","2026-07-28"
"uy/impuestos/vivienda","uy","Impuestos","Tu casa, del escribano a la venta: ¿cuánto pagás de impuestos en cada etapa?","4","8","6","3","11","6","44","100","2","2026-07-28"
"uy/trabajo/estudio-y-vida-cotidiana","uy","Vida cotidiana","Edad de tu perro en años humanos y promedio de escolaridad UdelaR","2","7","5","5","7","2","30","100","1","2026-07-28"
"uy/trabajo/liquidacion-final","uy","Trabajo","¿Cuánto te tienen que pagar cuando se termina el trabajo?","4","5","5","3","11","6","39","67","3","2026-07-28"
"uy/trabajo/prestaciones-bps","uy","Trabajo","Cuando se corta el sueldo, ¿cuánto te paga el BPS?","4","5","5","2","11","4","37","33","3","2026-07-28"
"uy/trabajo/sueldo-liquido","uy","Trabajo","De tu sueldo nominal en Uruguay, ¿cuánto te queda realmente en mano?","4","5","6","4","12","12","47","100","3","2026-08-16"
"ve/finanzas/credito-y-gasolina","ve","Crédito y gasolina","¿Cuánto pago de crédito y cuánto ahorro en gasolina en Venezuela?","2","6","3","3","7","2","25","100","1","2026-08-16"
"ve/finanzas/dolar-y-bolivares","ve","Finanzas","Cuánto es esto en bolívares hoy (y al revés).","4","9","5","4","10","12","49","100","1","2026-07-28"
"ve/impuestos/islr-y-tributos-seniat","ve","Impuestos","Cuánto le debo al SENIAT.","5","12","7","4","11","7","53","100","1","2026-07-28"
"ve/trabajo/ivss-y-deducciones","ve","Trabajo","Qué me descuentan del sueldo y qué me devuelve el IVSS.","4","8","5","5","10","5","41","33","3","2026-07-28"
"ve/trabajo/liquidacion-lottt","ve","Trabajo","Me voy o me sacan: cuánto me tienen que pagar.","4","7","6","4","11","9","46","67","3","2026-07-28"
"ve/trabajo/sueldo-y-recargos","ve","Trabajo","Cuánto me tienen que pagar este mes.","4","9","6","4","10","8","47","100","3","2026-07-28"
"ve/vida/salud-estudio-y-tramites","ve","Salud, estudio y trámites","¿Qué número necesito para mi salud, estudio o trámite en Venezuela?","3","11","5","5","7","3","37","100","1","2026-08-16"
"viajes/aeropuerto","ar","Viajes","¿Con cuánto tiempo tengo que llegar al aeropuerto?","2","11","6","6","12","8","45","44","9","2026-07-27"
"viajes/antes-de-volar","ar","Viajes","Ya tenés el pasaje. Ahora, lo que hay que resolver antes de volar.","4","14","4","3","12","7","47","56","9","2026-07-27"
"viajes/equipaje","ar","Viajes","¿Cuánto equipaje puedo llevar y qué me cobran de más?","4","12","8","8","12","8","54","78","9","2026-07-27"
"viajes/hora-mundial","ar","Viajes","¿Qué hora es allá?","1","4","6","6","12","5","33","22","9","2026-07-27"
"viajes/millas","ar","Viajes","¿Cuántas millas necesito para este destino? LifeMiles, LATAM Pass y más","1","7","5","5","12","5","34","33","9","2026-08-07"
"viajes/mudarse-al-exterior","ar","Viajes","¿Me conviene mudarme al exterior?","3","9","2","2","8","1","28","11","9","2026-08-09"
"viajes/presupuesto-de-viaje","ar","Viajes","¿Cuánta plata necesitás para ese viaje?","8","20","4","4","12","13","67","89","9","2026-07-27"
"viajes/valen-millas","ar","Viajes","Tenés millas juntadas. ¿Las quemás o pagás en plata?","6","9","6","6","12","8","51","67","9","2026-07-27"
"viajes/visas-y-tramites","ar","Viajes","¿Necesitás visa para ese viaje? Veamos cuánto sale y cuánto tarda","10","14","8","8","12","13","73","100","9","2026-07-27"
"vivienda/credito-hipotecario","ar","Vivienda","¿Califico para un crédito hipotecario UVA?","4","9","7","5","11","9","50","100","3","2026-07-27"
"vivienda/gastos-de-escritura","ar","Vivienda","¿Cuánto sale escriturar una propiedad?","4","4","6","5","11","13","47","33","3","2026-07-27"
"vivienda/rentabilidad-de-un-alquiler","ar","Vivienda","Tenés una propiedad: veamos cuánto rinde de verdad.","5","10","5","5","12","8","48","67","3","2026-07-27"
