fecha,tasa_tna_pct
2026-08-14,21.69
2026-08-13,20.42
2026-08-12,20.04
2026-08-11,21.39
2026-08-10,20.67
2026-08-07,20.46
2026-08-06,20.55
2026-08-05,19.89
2026-08-04,21.45
2026-08-03,20.58
2026-07-31,19.76
2026-07-30,20.61
2026-07-29,20.39
2026-07-28,20.74
2026-07-27,19.59
2026-07-24,20.93
2026-07-23,21.07
2026-07-22,20.73
2026-07-21,20.57
2026-07-20,20.05
2026-07-17,20.14
2026-07-16,20.05
2026-07-15,21.39
2026-07-14,20.37
2026-07-13,19.64
2026-07-08,20.28
2026-07-07,20.27
2026-07-06,19.54
2026-07-03,20.2
2026-07-02,20.32
2026-07-01,19.85
2026-06-30,20.31
2026-06-29,20.11
2026-06-26,19.36
2026-06-25,19.8
2026-06-24,20.35
2026-06-23,20.24
2026-06-22,19.94
2026-06-19,19.63
2026-06-18,20.38
2026-06-17,19.66
2026-06-16,19.63
2026-06-12,19.15
2026-06-11,19.73
2026-06-10,19.41
2026-06-09,20.11
2026-06-08,19.96
2026-06-05,19.4
2026-06-04,20.39
2026-06-03,20.16
2026-06-02,21.19
2026-06-01,19.83
2026-05-29,20.01
2026-05-28,20.48
2026-05-27,19.6
2026-05-26,20.27
2026-05-22,20.38
2026-05-21,20.47
2026-05-20,20.21
2026-05-19,20.86
2026-05-18,19.85
2026-05-15,20.29
2026-05-14,19.94
2026-05-13,19.62
2026-05-12,20.84
2026-05-11,20.01
2026-05-08,20.07
2026-05-07,20.47
2026-05-06,20.16
2026-05-05,21.63
2026-05-04,20.44
2026-04-30,19.93
2026-04-29,20.71
2026-04-28,21.19
2026-04-27,20.05
2026-04-24,20.8
2026-04-23,21.25
2026-04-22,21.44
2026-04-21,21.47
2026-04-20,21
2026-04-17,21.44
2026-04-16,21.59
2026-04-15,21.66
2026-04-14,21.91
2026-04-13,21.3
2026-04-10,22.43
2026-04-09,23.23
2026-04-08,24.29
2026-04-07,24.52
2026-04-06,23.88
2026-04-01,24.38
2026-03-31,23.94
2026-03-30,24.55
2026-03-27,23.9
2026-03-26,25.1
2026-03-25,24.88
2026-03-20,24.97
2026-03-19,25.95
2026-03-18,26.31
2026-03-17,27.18
2026-03-16,27.39
2026-03-13,27.16
2026-03-12,27.81
2026-03-11,27.28
2026-03-10,28.27
2026-03-09,27.66
2026-03-06,27.5
2026-03-05,27.27
2026-03-04,27.37
2026-03-03,27.88
2026-03-02,28.08
2026-02-27,28.28
2026-02-26,29.12
2026-02-25,28.04
2026-02-24,31.82
2026-02-23,30.16
2026-02-20,30.75
2026-02-19,30.34
2026-02-18,28.91
2026-02-13,28.18
2026-02-12,28.04
2026-02-11,27.11
2026-02-10,28.63
2026-02-09,27.86
2026-02-06,28.52
2026-02-05,29.14
2026-02-04,28.51
2026-02-03,30.13
2026-02-02,28.21
2026-01-30,28.57
2026-01-29,28.62
2026-01-28,29.29
2026-01-27,31.28
2026-01-26,29.29
2026-01-23,33.06
2026-01-22,32.93
2026-01-21,30.67
2026-01-20,30.87
2026-01-19,30.02
2026-01-16,29.93
2026-01-15,29.88
2026-01-14,28.78
2026-01-13,28.56
2026-01-12,25.86
2026-01-09,26.37
2026-01-08,27.55
2026-01-07,28.43
2026-01-06,26.64
2026-01-05,25.64
2026-01-02,25.22
2025-12-30,25.46
2025-12-29,25.29
2025-12-26,25.38
2025-12-23,27.44
2025-12-22,26.04
2025-12-19,25.63
2025-12-18,25.12
2025-12-17,25
2025-12-16,24.92
2025-12-15,24.8
2025-12-12,24.24
2025-12-11,24.52
2025-12-10,24.73
2025-12-09,24.93
2025-12-05,25.56
2025-12-04,25.68
2025-12-03,26.47
2025-12-02,28.41
2025-12-01,28.06
2025-11-28,29.03
2025-11-27,29.06
2025-11-26,28.91
2025-11-25,29.32
2025-11-20,30.62
2025-11-19,31.19
2025-11-18,30.55
2025-11-17,30.27
2025-11-14,30.7
2025-11-13,30.97
2025-11-12,30.88
2025-11-11,32.73
2025-11-10,32.01
2025-11-07,33.05
2025-11-05,34.17
2025-11-04,35.94
2025-11-03,35.06
2025-10-31,37.49
2025-10-30,39.32
2025-10-29,40.91
2025-10-28,44.82
2025-10-27,43.3
2025-10-24,47.12
2025-10-23,47.06
2025-10-22,47.09
2025-10-21,48.77
2025-10-20,48.28
2025-10-17,49.45
2025-10-16,54.44
2025-10-15,51.47
2025-10-14,49.38
2025-10-13,45.44
2025-10-09,46.08
2025-10-08,41.85
2025-10-07,42.3
2025-10-06,39.98
2025-10-03,39.49
2025-10-02,39.93
2025-10-01,40.17
2025-09-30,37.67
2025-09-29,38.8
2025-09-26,37.78
2025-09-25,39.22
2025-09-24,43.22
2025-09-23,45.64
2025-09-22,43.72
2025-09-19,43.78
2025-09-18,43.89
2025-09-17,43.03
2025-09-16,43.34
2025-09-15,44.71
2025-09-12,45.42
2025-09-11,49.43
2025-09-10,51.16
2025-09-09,55.64
2025-09-08,53.62
2025-09-05,52.72
2025-09-04,56.06
2025-09-03,52.49
2025-09-02,53.62
2025-09-01,54.57
2025-08-29,53.63
2025-08-28,55.63
2025-08-27,51.16
2025-08-26,53.85
2025-08-25,49.04
2025-08-22,48.6
2025-08-21,50.19
2025-08-20,52.81
2025-08-19,54.02
2025-08-18,46.5
2025-08-14,44.81
2025-08-13,42.8
2025-08-12,44.6
2025-08-11,39.05
2025-08-08,40.2
2025-08-07,37.15
2025-08-06,37.51
2025-08-05,37.66
2025-08-04,36.77
2025-08-01,36.03
2025-07-31,35.02
2025-07-30,33.46
2025-07-29,33.96
2025-07-28,32.1
2025-07-25,32.69
2025-07-24,32.77
2025-07-23,31.9
2025-07-22,33.06
2025-07-21,31.11
2025-07-18,29.81
2025-07-17,29.5
2025-07-16,29.77
2025-07-15,29.03
2025-07-14,29.1
2025-07-11,30.76
2025-07-10,31.04
2025-07-08,31.97
2025-07-07,31.66
2025-07-04,31.4
2025-07-03,32.36
2025-07-02,32.15
2025-07-01,32.6
2025-06-30,31.42
2025-06-27,31.06
2025-06-26,31.62
2025-06-25,31.77
2025-06-24,29.79
2025-06-23,31
2025-06-19,32.62
2025-06-18,31.39
2025-06-17,31.95
2025-06-13,31.51
2025-06-12,31.93
2025-06-11,31.8
2025-06-10,31.86
2025-06-09,31.29
2025-06-06,32.11
2025-06-05,32.1
2025-06-04,31.4
2025-06-03,32.82
2025-06-02,32.75
2025-05-30,31.29
2025-05-29,32.43
2025-05-28,31.39
2025-05-27,32.55
2025-05-26,31.55
2025-05-23,32.19
2025-05-22,31.97
2025-05-21,31.45
2025-05-20,33.18
2025-05-19,33.1
2025-05-16,32.2
2025-05-15,32.97
2025-05-14,32.06
2025-05-13,32.56
2025-05-12,32.04
2025-05-09,31.8
2025-05-08,32.63
2025-05-07,33
2025-05-06,33.55
2025-05-05,32.11
2025-04-30,32.44
2025-04-29,33.03
2025-04-28,32.66
2025-04-25,33.54
2025-04-24,33.12
2025-04-23,32.84
2025-04-22,33.87
2025-04-21,34.03
2025-04-16,36.87
2025-04-15,35.13
2025-04-14,34.02
2025-04-11,30.75
2025-04-10,30.6
2025-04-09,29.84
2025-04-08,31.03
2025-04-07,30.6
2025-04-04,29.66
2025-04-03,30.84
2025-04-01,31.07
2025-03-31,29.46
2025-03-28,28.82
2025-03-27,30.72
2025-03-26,29.3
2025-03-25,28.83
2025-03-21,28.57
2025-03-20,29.53
2025-03-19,29.67
2025-03-18,29.59
2025-03-17,28.07
2025-03-14,27.78
2025-03-13,28.23
2025-03-12,27.48
2025-03-11,27.79
2025-03-10,26.61
2025-03-07,28.4
2025-03-06,28.11
2025-03-05,26.65
2025-02-28,27.74
2025-02-27,27.3
2025-02-26,26.84
2025-02-25,27.95
2025-02-24,27.23
2025-02-21,27.32
2025-02-20,27.46
2025-02-19,27.03
2025-02-18,28.13
2025-02-17,27.86
2025-02-14,27.56
2025-02-13,27.16
2025-02-12,27.2
2025-02-11,28.13
2025-02-10,27.2
2025-02-07,27
2025-02-06,28.48
2025-02-05,28.51
2025-02-04,28.45
2025-02-03,26.99
2025-01-31,28.72
2025-01-30,31.2
2025-01-29,30.28
2025-01-28,31.42
2025-01-27,29.46
2025-01-24,30.97
2025-01-23,29.98
2025-01-22,30.34
2025-01-21,30.39
2025-01-20,29.82
2025-01-17,31.27
2025-01-16,30.13
2025-01-15,30.72
2025-01-14,32.28
2025-01-13,31.07
2025-01-10,31.55
2025-01-09,31.07
2025-01-08,30.32
2025-01-07,31.01
2025-01-06,31.59
2025-01-03,31.8
2025-01-02,31.42
2024-12-30,31.78
2024-12-27,32.13
2024-12-26,31.22
2024-12-23,31.56
2024-12-20,31.35
2024-12-19,30.85
2024-12-18,31.57
2024-12-17,31.86
2024-12-16,31.44
2024-12-13,31.32
2024-12-12,31.96
2024-12-11,30.64
2024-12-10,31.73
2024-12-09,30.94
2024-12-06,32.92
2024-12-05,35.16
2024-12-04,35.32
2024-12-03,35.98
2024-12-02,32.65
2024-11-29,36.59
2024-11-28,36.11
2024-11-27,35.67
2024-11-26,36.31
2024-11-25,34.73
2024-11-22,35.18
2024-11-21,36.57
2024-11-20,35.65
2024-11-19,33.8
2024-11-15,36.27
2024-11-14,35.93
2024-11-13,35.59
2024-11-12,36.17
2024-11-11,35.38
2024-11-08,34.88
2024-11-07,35.34
2024-11-05,36.33
2024-11-04,36.1
2024-11-01,36.7
2024-10-31,40.45
2024-10-30,39.47
2024-10-29,40.59
2024-10-28,39.08
2024-10-25,38.47
2024-10-24,39.88
2024-10-23,38.58
2024-10-22,41.12
2024-10-21,39.92
2024-10-18,38.71
2024-10-17,37.36
2024-10-16,39.29
2024-10-15,39.27
2024-10-14,38.97
2024-10-10,39.03
2024-10-09,38.04
2024-10-08,37.94
2024-10-07,38.89
2024-10-04,38.57
2024-10-03,39.52
2024-10-02,38.41
2024-10-01,37.61
2024-09-30,39.41
2024-09-27,39.29
2024-09-26,39.8
2024-09-25,38.21
2024-09-24,41.1
2024-09-23,38.8
2024-09-20,40.42
2024-09-19,39.5
2024-09-18,37.68
2024-09-17,35.22
2024-09-16,37.75
2024-09-13,37.88
2024-09-12,38.56
2024-09-11,38.71
2024-09-10,37.95
2024-09-09,37.16
2024-09-06,37.93
2024-09-05,38.32
2024-09-04,37.24
2024-09-03,37.3
2024-09-02,37.43
2024-08-30,41.21
2024-08-29,39.51
2024-08-28,38.02
2024-08-27,39.18
2024-08-26,37.48
2024-08-23,37.57
2024-08-22,40.34
2024-08-21,38.22
2024-08-20,39.23
2024-08-19,37.45
2024-08-16,37.06
2024-08-15,37
2024-08-14,37.79
2024-08-13,38.75
2024-08-12,37.51
2024-08-09,37.22
2024-08-08,37.16
2024-08-07,36.58
2024-08-06,38.37
2024-08-05,36.45
2024-08-02,36.84
2024-08-01,37.3
2024-07-31,35.69
2024-07-30,37.61
2024-07-29,36.67
2024-07-26,35.48
2024-07-25,35.68
2024-07-24,36.11
2024-07-23,39.35
2024-07-22,36.67
2024-07-19,35.98
2024-07-18,35.14
2024-07-17,37.36
2024-07-16,35.6
2024-07-15,34.84
2024-07-12,36.16
2024-07-11,34.55
2024-07-10,33.72
2024-07-08,35.4
2024-07-05,34.4
2024-07-04,35.66
2024-07-03,34.27
2024-07-02,34.09
2024-07-01,34.45
2024-06-28,35.02
2024-06-27,33.18
2024-06-26,32.36
2024-06-25,33.89
2024-06-24,32.8
2024-06-19,32.69
2024-06-18,31.3
2024-06-14,31.28
2024-06-13,32.73
2024-06-12,32.53
2024-06-11,33.29
2024-06-10,30.65
2024-06-07,31.9
2024-06-06,32.28
2024-06-05,31.22
2024-06-04,30.85
2024-06-03,31.09
2024-05-31,31
2024-05-30,32.18
2024-05-29,31.46
2024-05-28,31.17
2024-05-27,30.9
2024-05-24,30.68
2024-05-23,30.86
2024-05-22,30.34
2024-05-21,30.96
2024-05-20,31.2
2024-05-17,30.18
2024-05-16,31.39
2024-05-15,30.87
2024-05-14,39.08
2024-05-13,39.19
2024-05-10,39.23
2024-05-09,39.63
2024-05-08,39.64
2024-05-07,40.15
2024-05-06,39.53
2024-05-03,40.38
2024-05-02,48.24
2024-04-30,51.02
2024-04-29,50.47
2024-04-26,50.08
2024-04-25,57.16
2024-04-24,60.09
2024-04-23,60.66
2024-04-22,60.48
2024-04-19,60.17
2024-04-18,60.81
2024-04-17,60.24
2024-04-16,60.76
2024-04-15,59.26
2024-04-12,60.85
2024-04-11,66.25
2024-04-10,67.92
2024-04-09,68.98
2024-04-08,70.39
2024-04-05,70.34
2024-04-04,69.51
2024-04-03,70.05
2024-03-27,70.2
2024-03-26,70.64
2024-03-25,70.74
2024-03-22,70.41
2024-03-21,71.44
2024-03-20,70.66
2024-03-19,70.87
2024-03-18,70.44
2024-03-15,69.88
2024-03-14,71.62
2024-03-13,72.35
2024-03-12,75.87
2024-03-11,108.19
2024-03-08,108.3
2024-03-07,108.32
2024-03-06,108.44
2024-03-05,99.77
2024-03-04,107.46
2024-03-01,108.77
2024-02-29,108.12
2024-02-28,108.31
2024-02-27,108.37
2024-02-26,103.49
2024-02-23,108.8
2024-02-22,108.79
2024-02-21,107.95
2024-02-20,108.82
2024-02-19,108.62
2024-02-16,108.35
2024-02-15,108.98
2024-02-14,102.72
2024-02-09,107.97
2024-02-08,108.94
2024-02-07,107.93
2024-02-06,107.73
2024-02-05,108.7
2024-02-02,104.16
2024-02-01,107.27
2024-01-31,107.73
2024-01-30,108.33
2024-01-29,103.81
2024-01-26,102.94
2024-01-25,106.86
2024-01-24,109.17
2024-01-23,109.39
2024-01-22,108.27
2024-01-19,107.84
2024-01-18,109.1
2024-01-17,108.61
2024-01-16,108.11
2024-01-15,100.37
2024-01-12,108.88
2024-01-11,109.22
2024-01-10,107.75
2024-01-09,108.66
2024-01-08,108.3
2024-01-05,108.5
2024-01-04,108.62
2024-01-03,107.86
2024-01-02,107.94
2023-12-29,106.99
2023-12-28,108.67
2023-12-27,108.03
2023-12-26,107.77
2023-12-22,108.94
2023-12-21,109.53
2023-12-20,109.4
2023-12-19,115.84
2023-12-18,129.66
2023-12-15,128.68
2023-12-14,119.87
2023-12-13,129.27
2023-12-12,129.09
2023-12-11,129.57
2023-12-07,129.74
2023-12-06,128.43
2023-12-05,128.84
2023-12-04,129.34
2023-12-01,128.92
2023-11-30,127.94
2023-11-29,128.92
2023-11-28,127.9
2023-11-27,128.85
2023-11-24,129.18
2023-11-23,127.12
2023-11-22,128.91
2023-11-21,129.89
2023-11-17,129.29
2023-11-16,129.15
2023-11-15,127.95
2023-11-14,128.9
2023-11-13,130.42
2023-11-10,129.36
2023-11-09,129.65
2023-11-08,129.51
2023-11-07,130.07
2023-11-03,129.65
2023-11-02,128.19
2023-11-01,128.95
2023-10-31,127.61
2023-10-30,129.26
2023-10-27,128.19
2023-10-26,127.82
2023-10-25,128.55
2023-10-24,127.3
2023-10-23,128.74
2023-10-20,128.68
2023-10-19,127.9
2023-10-18,128.92
2023-10-17,129.17
2023-10-12,114.54
2023-10-11,113.86
2023-10-10,114.29
2023-10-09,115.12
2023-10-06,113.52
2023-10-05,114.14
2023-10-04,111.65
2023-10-03,111.82
2023-10-02,114.04
2023-09-29,111.93
2023-09-28,113.7
2023-09-27,113.4
2023-09-26,112.89
2023-09-25,114.03
2023-09-22,113.89
2023-09-21,110.29
2023-09-20,110.73
2023-09-19,113.28
2023-09-18,113.26
2023-09-15,114.04
2023-09-14,113.51
2023-09-13,112.98
2023-09-12,113.95
2023-09-11,113.49
2023-09-08,114.95
2023-09-07,114.34
2023-09-06,114.25
2023-09-05,112.42
2023-09-04,112.71
2023-09-01,113.66
2023-08-31,113.63
2023-08-30,112.48
2023-08-29,112.4
2023-08-28,113.87
2023-08-25,113.38
2023-08-24,113.07
2023-08-23,113.54
2023-08-22,112.53
2023-08-18,112.44
2023-08-17,112.95
2023-08-16,113.82
2023-08-15,113.6
2023-08-14,95.3
2023-08-11,93.29
2023-08-10,93.59
2023-08-09,93.73
2023-08-08,92.38
2023-08-07,93.81
2023-08-04,93.47
2023-08-03,92.96
2023-08-02,92.58
2023-08-01,91.66
2023-07-31,93.59
2023-07-28,92.79
2023-07-27,91.73
2023-07-26,92.61
2023-07-25,92.57
2023-07-24,93.41
2023-07-21,93.27
2023-07-20,91.55
2023-07-19,92.62
2023-07-18,93.01
2023-07-17,93.68
2023-07-14,93.04
2023-07-13,93.46
2023-07-12,93.45
2023-07-11,92.68
2023-07-10,94.37
2023-07-07,92.45
2023-07-06,93.55
2023-07-05,93.07
2023-07-04,92.91
2023-07-03,93.28
2023-06-30,93.05
2023-06-29,92.12
2023-06-28,92.88
2023-06-27,91.88
2023-06-26,93.79
2023-06-23,91.47
2023-06-22,92.25
2023-06-21,93.51
2023-06-16,92.68
2023-06-15,93.21
2023-06-14,93.27
2023-06-13,92.8
2023-06-12,93.56
2023-06-09,92.35
2023-06-08,92.99
2023-06-07,91.13
2023-06-06,92.92
2023-06-05,92.63
2023-06-02,93.23
2023-06-01,92.55
2023-05-31,90.83
2023-05-30,92.08
2023-05-29,93.07
2023-05-24,91.11
2023-05-23,91.56
2023-05-22,92.46
2023-05-19,92.8
2023-05-18,92.57
2023-05-17,93.25
2023-05-16,92.64
2023-05-15,88.62
2023-05-12,87.47
2023-05-11,88.26
2023-05-10,87.79
2023-05-09,86.39
2023-05-08,85.98
2023-05-05,87.69
2023-05-04,85.68
2023-05-03,87.55
2023-05-02,87.62
2023-04-28,87.57
2023-04-27,76.34
2023-04-26,76.13
2023-04-25,74.8
2023-04-24,75.64
2023-04-21,74.69
2023-04-20,73.45
2023-04-19,73.6
2023-04-18,73.52
2023-04-17,73.96
2023-04-14,73.02
2023-04-13,73.71
2023-04-12,72.91
2023-04-11,73.3
2023-04-10,73.77
2023-04-05,73.16
2023-04-04,72.86
2023-04-03,73.6
2023-03-31,73.58
2023-03-30,72.82
2023-03-29,72.72
2023-03-28,73.01
2023-03-27,73.53
2023-03-23,72.24
2023-03-22,72.67
2023-03-21,71.63
2023-03-20,73.16
2023-03-17,72.87
2023-03-16,70.79
2023-03-15,70.3
2023-03-14,68.31
2023-03-13,70.63
2023-03-10,69.88
2023-03-09,71.33
2023-03-08,71
2023-03-07,69.15
2023-03-06,70.63
2023-03-03,70.28
2023-03-02,70.61
2023-03-01,70.7
2023-02-28,70.14
2023-02-27,70.62
2023-02-24,70.08
2023-02-23,71.67
2023-02-22,71.08
2023-02-17,70.51
2023-02-16,70.41
2023-02-15,70.78
2023-02-14,68.68
2023-02-13,71.26
2023-02-10,69.58
2023-02-09,71.11
2023-02-08,71.17
2023-02-07,69.36
2023-02-06,70.85
2023-02-03,70.06
2023-02-02,67.85
2023-02-01,70.13
2023-01-31,70.87
2023-01-30,70.83
2023-01-27,69.55
2023-01-26,70.83
2023-01-25,69.78
2023-01-24,71.02
2023-01-23,70.98
2023-01-20,70.7
2023-01-19,70.57
2023-01-18,70.38
2023-01-17,70.52
2023-01-16,71.09
2023-01-13,69.46
2023-01-12,70.05
2023-01-11,70.32
2023-01-10,70.06
2023-01-09,70.46
2023-01-06,70.78
2023-01-05,70.25
2023-01-04,70.83
2023-01-03,70.46
2023-01-02,68.67
2022-12-30,70.47
2022-12-29,69.98
2022-12-28,69.99
2022-12-27,69.54
2022-12-26,69.95
2022-12-23,69.76
2022-12-22,70.32
2022-12-21,70.05
2022-12-20,69.66
2022-12-19,70.31
2022-12-16,70.74
2022-12-15,70.3
2022-12-14,68.95
2022-12-13,67.54
2022-12-12,70.67
2022-12-07,71.01
2022-12-06,70.79
2022-12-05,70.99
2022-12-02,69.75
2022-12-01,70.45
2022-11-30,70.19
2022-11-29,64.85
2022-11-28,70.23
2022-11-25,69.51
2022-11-24,69.31
2022-11-23,70.46
2022-11-22,70.34
2022-11-18,69.74
2022-11-17,69.99
2022-11-16,70.41
2022-11-15,66.23
2022-11-14,70.93
2022-11-11,70.2
2022-11-10,70.05
2022-11-09,66.68
2022-11-08,70.57
2022-11-07,70.83
2022-11-04,70.08
2022-11-03,69.88
2022-11-02,69.93
2022-11-01,70.36
2022-10-31,69.98
2022-10-28,66.46
2022-10-27,70.15
2022-10-26,69.59
2022-10-25,69.72
2022-10-24,70.44
2022-10-21,69.87
2022-10-20,69.24
2022-10-19,70.07
2022-10-18,69.58
2022-10-17,70.29
2022-10-14,70.39
2022-10-13,67.78
2022-10-12,69.51
2022-10-11,70.83
2022-10-06,69.86
2022-10-05,69.93
2022-10-04,70.25
2022-10-03,70.09
2022-09-30,69.6
2022-09-29,69.65
2022-09-28,67.88
2022-09-27,69.45
2022-09-26,69.59
2022-09-23,69.62
2022-09-22,69.58
2022-09-21,70.03
2022-09-20,69.69
2022-09-19,70.21
2022-09-16,69.74
2022-09-15,65.12
2022-09-14,61.81
2022-09-13,63
2022-09-12,63.98
2022-09-09,64.77
2022-09-08,64.51
2022-09-07,64.15
2022-09-06,64.77
2022-09-05,64.79
2022-09-01,64.28
2022-08-31,64.19
2022-08-30,63.74
2022-08-29,65.05
2022-08-26,63.68
2022-08-25,64.42
2022-08-24,63.35
2022-08-23,61.76
2022-08-22,64.85
2022-08-19,63.55
2022-08-18,64.5
2022-08-17,64.7
2022-08-16,65.12
2022-08-12,63
2022-08-11,55.12
2022-08-10,56.13
2022-08-09,56.93
2022-08-08,57.06
2022-08-05,56.5
2022-08-04,57.1
2022-08-03,55.98
2022-08-02,56.38
2022-08-01,56.96
2022-07-29,55.81
2022-07-28,50.36
2022-07-27,50.53
2022-07-26,51.02
2022-07-25,50.75
2022-07-22,50.48
2022-07-21,50.7
2022-07-20,50.15
2022-07-19,51.09
2022-07-18,51.01
2022-07-15,51
2022-07-14,50.97
2022-07-13,49.8
2022-07-12,49.19
2022-07-11,50.33
2022-07-08,50.6
2022-07-07,50.87
2022-07-06,51.02
2022-07-05,51.29
2022-07-04,50.48
2022-07-01,50.93
2022-06-30,49.3
2022-06-29,49.47
2022-06-28,50.17
2022-06-27,50.56
2022-06-24,49.95
2022-06-23,50.8
2022-06-22,50.57
2022-06-21,50.5
2022-06-16,46.48
2022-06-15,46.05
2022-06-14,46.46
2022-06-13,45.86
2022-06-10,45.86
2022-06-09,45.62
2022-06-08,46.27
2022-06-07,46.23
2022-06-06,46.77
2022-06-03,45.97
2022-06-02,46.48
2022-06-01,46.33
2022-05-31,45.35
2022-05-30,44.9
2022-05-27,46.1
2022-05-26,46.25
2022-05-24,46.43
2022-05-23,46.54
2022-05-20,45.96
2022-05-19,45.71
2022-05-17,46.64
2022-05-16,46.43
2022-05-13,45.65
2022-05-12,44.6
2022-05-11,44.3
2022-05-10,42.98
2022-05-09,44.38
2022-05-06,44.5
2022-05-05,43.88
2022-05-04,44.05
2022-05-03,44.39
2022-05-02,44.6
2022-04-29,43.36
2022-04-28,43.52
2022-04-27,44.39
2022-04-26,44.87
2022-04-25,43.99
2022-04-22,44.26
2022-04-21,44.19
2022-04-20,44.06
2022-04-19,44.42
2022-04-18,43.66
2022-04-13,41.34
2022-04-12,42.17
2022-04-11,41.86
2022-04-08,41.54
2022-04-07,41.66
2022-04-06,41.98
2022-04-05,41.11
2022-04-04,41.57
2022-04-01,41.89
2022-03-31,41.91
2022-03-30,39.86
2022-03-29,41.21
2022-03-28,41.61
2022-03-25,41.43
2022-03-23,41.58
2022-03-22,39.88
2022-03-21,40.08
2022-03-18,39.43
2022-03-17,39.09
2022-03-16,40.13
2022-03-15,39.78
2022-03-14,39.55
2022-03-11,39.47
2022-03-10,39.89
2022-03-09,39.85
2022-03-08,39.74
2022-03-07,39.98
2022-03-04,39.36
2022-03-03,40.21
2022-03-02,40.16
2022-02-25,39.07
2022-02-24,40.04
2022-02-23,39.82
2022-02-22,40.28
2022-02-21,39.77
2022-02-18,40.1
2022-02-17,37.62
2022-02-16,37.26
2022-02-15,37.69
2022-02-14,37.72
2022-02-11,37.08
2022-02-10,37.6
2022-02-09,37.43
2022-02-08,37.22
2022-02-07,37.61
2022-02-04,37.42
2022-02-03,37.59
2022-02-02,37.2
2022-02-01,36.79
2022-01-31,37.61
2022-01-28,37.36
2022-01-27,37.14
2022-01-26,37.2
2022-01-25,36.87
2022-01-24,37.25
2022-01-21,37.27
2022-01-20,37.93
2022-01-19,37.64
2022-01-18,37.56
2022-01-17,37.44
2022-01-14,37.57
2022-01-13,37.64
2022-01-12,37.03
2022-01-11,37.46
2022-01-10,37.76
2022-01-07,37.75
2022-01-06,34.11
2022-01-05,33.9
2022-01-04,34.51
2022-01-03,34.09
2021-12-30,33.38
2021-12-29,33.81
2021-12-28,33.99
2021-12-27,34.29
2021-12-23,34.17
2021-12-22,34.66
2021-12-21,34.73
2021-12-20,34.69
2021-12-17,34.13
2021-12-16,34.55
2021-12-15,34.34
2021-12-14,34.69
2021-12-13,33.79
2021-12-10,34.67
2021-12-09,34.67
2021-12-07,34.31
2021-12-06,33.98
2021-12-03,33.95
2021-12-02,34.13
2021-12-01,34.59
2021-11-30,33.11
2021-11-29,34.5
2021-11-26,33.65
2021-11-25,34.43
2021-11-24,34.57
2021-11-23,34.48
2021-11-19,34.35
2021-11-18,34.53
2021-11-17,34
2021-11-16,34.63
2021-11-15,34.7
2021-11-12,34.06
2021-11-11,33.67
2021-11-10,34.79
2021-11-09,34.65
2021-11-08,33.93
2021-11-05,34.45
2021-11-04,34.29
2021-11-03,33.99
2021-11-02,34.42
2021-11-01,34.56
2021-10-29,34.14
2021-10-28,34.29
2021-10-27,33.95
2021-10-26,34.45
2021-10-25,34.46
2021-10-22,34.01
2021-10-21,34.28
2021-10-20,34.26
2021-10-19,34.11
2021-10-18,34.08
2021-10-15,34.2
2021-10-14,34.32
2021-10-13,34.18
2021-10-12,33.93
2021-10-07,34.46
2021-10-06,34.63
2021-10-05,34.47
2021-10-04,34.1
2021-10-01,34.43
2021-09-30,34.15
2021-09-29,34.37
2021-09-28,33.9
2021-09-27,34.05
2021-09-24,34.26
2021-09-23,34.64
2021-09-22,34.07
2021-09-21,34.52
2021-09-20,34.73
2021-09-17,33.76
2021-09-16,34.58
2021-09-15,33.89
2021-09-14,34.47
2021-09-13,34.25
2021-09-10,34.02
2021-09-09,32.75
2021-09-08,34.58
2021-09-07,34.55
2021-09-06,34.17
2021-09-03,33.97
2021-09-02,34.32
2021-09-01,34.51
2021-08-31,34.35
2021-08-30,34.36
2021-08-27,33.95
2021-08-26,34.48
2021-08-25,34.32
2021-08-24,34.49
2021-08-23,34.17
2021-08-20,34.53
2021-08-19,34.38
2021-08-18,33.77
2021-08-17,34.67
2021-08-13,34.13
2021-08-12,34.47
2021-08-11,34
2021-08-10,34.82
2021-08-09,34.79
2021-08-06,34.05
2021-08-05,34.41
2021-08-04,33.96
2021-08-03,31.61
2021-08-02,34.71
2021-07-30,33.95
2021-07-29,34.02
2021-07-28,33.95
2021-07-27,34.6
2021-07-26,34.48
2021-07-23,33.42
2021-07-22,34.42
2021-07-21,34.55
2021-07-20,34.68
2021-07-19,34.06
2021-07-16,34.26
2021-07-15,34.56
2021-07-14,34.16
2021-07-13,34.36
2021-07-12,34.13
2021-07-08,33.17
2021-07-07,34.19
2021-07-06,34.55
2021-07-05,34.14
2021-07-02,34.68
2021-07-01,34.27
2021-06-30,33.95
2021-06-29,34.5
2021-06-28,34.06
2021-06-25,34.45
2021-06-24,34.47
2021-06-23,34.72
2021-06-22,34.27
2021-06-18,33.88
2021-06-17,33.41
2021-06-16,34.4
2021-06-15,34.68
2021-06-14,34.37
2021-06-11,33.78
2021-06-10,34.53
2021-06-09,34.22
2021-06-08,34.65
2021-06-07,34.27
2021-06-04,33.74
2021-06-03,34.07
2021-06-02,34.66
2021-06-01,34.65
2021-05-31,34.03
2021-05-28,33.7
2021-05-27,32.17
2021-05-26,34.48
2021-05-21,34.38
2021-05-20,34.58
2021-05-19,34.03
2021-05-18,34.38
2021-05-17,34.6
2021-05-14,34.14
2021-05-13,34.71
2021-05-12,33.71
2021-05-11,34.45
2021-05-10,34.27
2021-05-07,33.82
2021-05-06,34.58
2021-05-05,34.01
2021-05-04,34.88
2021-05-03,34.77
2021-04-30,33.53
2021-04-29,34.11
2021-04-28,33.74
2021-04-27,34.66
2021-04-26,34.44
2021-04-23,33.76
2021-04-22,34.07
2021-04-21,34.18
2021-04-20,34.16
2021-04-19,34.19
2021-04-16,34.57
2021-04-15,34.19
2021-04-14,34.17
2021-04-13,34.55
2021-04-12,33.97
2021-04-09,34.1
2021-04-08,34.61
2021-04-07,33.77
2021-04-06,34.5
2021-04-05,33.95
2021-03-31,33.84
2021-03-30,34.61
2021-03-29,33.7
2021-03-26,34.52
2021-03-25,34.39
2021-03-23,34.5
2021-03-22,34.36
2021-03-19,34.16
2021-03-18,34.55
2021-03-17,34.5
2021-03-16,34.53
2021-03-15,34.31
2021-03-12,34.18
2021-03-11,33.91
2021-03-10,34.03
2021-03-09,34.62
2021-03-08,34.13
2021-03-05,33.44
2021-03-04,34.25
2021-03-03,34.74
2021-03-02,34.22
2021-03-01,34
2021-02-26,33.74
2021-02-25,33.8
2021-02-24,34.55
2021-02-23,34.84
2021-02-22,34.5
2021-02-19,34.09
2021-02-18,34.56
2021-02-17,34.28
2021-02-12,34.17
2021-02-11,34.38
2021-02-10,34.64
2021-02-09,34.27
2021-02-08,34.37
2021-02-05,34.24
2021-02-04,33.75
2021-02-03,33.63
2021-02-02,34.33
2021-02-01,34.94
2021-01-29,33.86
2021-01-28,34.61
2021-01-27,33.93
2021-01-26,34.32
2021-01-25,34.95
2021-01-22,34.46
2021-01-21,34.37
2021-01-20,33.78
2021-01-19,34.71
2021-01-18,34.29
2021-01-15,34.71
2021-01-14,34.22
2021-01-13,34.3
2021-01-12,34.72
2021-01-11,34.83
2021-01-08,33.97
2021-01-07,34.13
2021-01-06,34.01
2021-01-05,33.33
2021-01-04,34.12
2020-12-30,33.83
2020-12-29,34.41
2020-12-28,34.02
2020-12-23,34.4
2020-12-22,34.25
2020-12-21,34.04
2020-12-18,34.27
2020-12-17,34.72
2020-12-16,34.65
2020-12-15,33.89
2020-12-14,33.94
2020-12-11,34.56
2020-12-10,34.64
2020-12-09,34.07
2020-12-04,34.42
2020-12-03,34.68
2020-12-02,33.01
2020-12-01,34.85
2020-11-30,33.79
2020-11-27,34.24
2020-11-26,34.55
2020-11-25,33.9
2020-11-24,34.1
2020-11-20,34.2
2020-11-19,34.28
2020-11-18,34.07
2020-11-17,33.76
2020-11-16,34.67
2020-11-13,34.46
2020-11-12,31.22
2020-11-11,31.88
2020-11-10,32.25
2020-11-09,31.56
2020-11-05,31.85
2020-11-04,30.97
2020-11-03,31.42
2020-11-02,30.88
2020-10-30,30.79
2020-10-29,31.57
2020-10-28,31.61
2020-10-27,28.98
2020-10-26,31.82
2020-10-23,31.18
2020-10-22,31.88
2020-10-21,31.67
2020-10-20,32.27
2020-10-19,31.61
2020-10-16,30.99
2020-10-15,30.65
2020-10-14,30.55
2020-10-13,29.81
2020-10-09,30.33
2020-10-08,30.4
2020-10-07,29.5
2020-10-06,30.82
2020-10-05,29.79
2020-10-02,28.84
2020-10-01,29.48
2020-09-30,30.07
2020-09-29,28.82
2020-09-28,30.11
2020-09-25,30
2020-09-24,30.37
2020-09-23,29.51
2020-09-22,28.59
2020-09-21,30.38
2020-09-18,30.01
2020-09-17,30.08
2020-09-16,30.72
2020-09-15,30.53
2020-09-14,30.65
2020-09-11,29.61
2020-09-10,29.55
2020-09-09,30.46
2020-09-08,30.54
2020-09-07,29.15
2020-09-04,28.94
2020-09-03,30.26
2020-09-02,29.11
2020-09-01,30.73
2020-08-31,30.25
2020-08-28,29.7
2020-08-27,30.12
2020-08-26,30.18
2020-08-25,30.44
2020-08-24,28.24
2020-08-21,30.03
2020-08-20,30.74
2020-08-19,30.11
2020-08-18,30.45
2020-08-14,30.61
2020-08-13,30.3
2020-08-12,29.92
2020-08-11,30.73
2020-08-10,31.01
2020-08-07,29.24
2020-08-06,30.45
2020-08-05,29.3
2020-08-04,30.33
2020-08-03,29.33
2020-07-31,28.35
2020-07-30,29.11
2020-07-29,28.64
2020-07-28,26.86
2020-07-27,28.83
2020-07-24,29.07
2020-07-23,28.57
2020-07-22,29.31
2020-07-21,29.39
2020-07-20,29.31
2020-07-17,28.36
2020-07-16,28.86
2020-07-15,28.16
2020-07-14,28.78
2020-07-13,28.94
2020-07-08,28.32
2020-07-07,29.47
2020-07-06,28.71
2020-07-03,27.78
2020-07-02,28.04
2020-07-01,29.48
2020-06-30,29.29
2020-06-29,28.73
2020-06-26,29.24
2020-06-25,29.06
2020-06-24,29.64
2020-06-23,29.27
2020-06-22,29.5
2020-06-19,29.11
2020-06-18,28.98
2020-06-17,28.89
2020-06-16,29.32
2020-06-12,28.61
2020-06-11,29.37
2020-06-10,29.27
2020-06-09,29.27
2020-06-08,28.66
2020-06-05,29.45
2020-06-04,29.46
2020-06-03,27.58
2020-06-02,27.42
2020-06-01,29.44
2020-05-29,25.2
2020-05-28,25.77
2020-05-27,25.7
2020-05-26,25.84
2020-05-22,25.82
2020-05-21,26.42
2020-05-20,25.85
2020-05-19,25.85
2020-05-18,25.68
2020-05-15,24.06
2020-05-14,22.58
2020-05-13,22.86
2020-05-12,22.11
2020-05-11,23.92
2020-05-08,22.49
2020-05-07,22.42
2020-05-06,22.63
2020-05-05,22.32
2020-05-04,21.72
2020-04-30,19.59
2020-04-29,20.97
2020-04-28,21.44
2020-04-27,20.94
2020-04-24,22.01
2020-04-23,20.14
2020-04-22,20.96
2020-04-21,20.9
2020-04-20,20.51
2020-04-17,19.23
2020-04-16,18.74
2020-04-15,18.66
2020-04-14,20.52
2020-04-13,20.95
2020-04-08,22.04
2020-04-07,24.84
2020-04-06,25.91
2020-04-03,25.04
2020-04-02,26.74
2020-04-01,25.22
2020-03-30,27.27
2020-03-27,26.43
2020-03-26,28.45
2020-03-25,28.34
2020-03-20,25.14
2020-03-19,28.33
2020-03-18,28.62
2020-03-17,28.17
2020-03-16,27.18
2020-03-13,27.02
2020-03-12,28.47
2020-03-11,28.94
2020-03-10,28.71
2020-03-09,27.88
2020-03-06,27.89
2020-03-05,29.2
2020-03-04,28.87
2020-03-03,30.25
2020-03-02,29.92
2020-02-28,30.36
2020-02-27,30.51
2020-02-26,29.64
2020-02-21,31.14
2020-02-20,32.25
2020-02-19,30.62
2020-02-18,32.96
2020-02-17,33.19
2020-02-14,32.08
2020-02-13,33.43
2020-02-12,32.44
2020-02-11,33.91
2020-02-10,33.3
2020-02-07,32.07
2020-02-06,33.47
2020-02-05,33.11
2020-02-04,33.44
2020-02-03,32.77
2020-01-31,33.36
2020-01-30,33.63
2020-01-29,33.45
2020-01-28,33.72
2020-01-27,32.92
2020-01-24,33.57
2020-01-23,34.16
2020-01-22,34.39
2020-01-21,34.92
2020-01-20,33.49
2020-01-17,35.48
2020-01-16,35.64
2020-01-15,34.7
2020-01-14,36.04
2020-01-13,35.54
2020-01-10,36.58
2020-01-09,36.86
2020-01-08,35.45
2020-01-07,37.16
2020-01-06,36.14
2020-01-03,36.36
2020-01-02,37
2019-12-30,37.8
2019-12-27,38.18
2019-12-26,38.13
2019-12-23,39.85
2019-12-20,37.72
2019-12-19,40.74
2019-12-18,41.61
2019-12-17,41.39
2019-12-16,41.14
2019-12-13,42.25
2019-12-12,41.64
2019-12-11,41.63
2019-12-10,42.28
2019-12-09,41.36
2019-12-06,43.31
2019-12-05,43.51
2019-12-04,41.2
2019-12-03,42.88
2019-12-02,44.39
2019-11-29,43.99
2019-11-28,44.33
2019-11-27,44.13
2019-11-26,44.62
2019-11-25,44.59
2019-11-22,44.63
2019-11-21,44.69
2019-11-20,42.57
2019-11-19,45.01
2019-11-15,44.72
2019-11-14,45.01
2019-11-13,45.78
2019-11-12,45.9
2019-11-11,46.4
2019-11-08,45.94
2019-11-07,46.04
2019-11-05,47.31
2019-11-04,46.09
2019-11-01,48.68
2019-10-31,48.91
2019-10-30,49.41
2019-10-29,51.6
2019-10-28,52.83
2019-10-25,52.5
2019-10-24,53.19
2019-10-23,52.78
2019-10-22,54.64
2019-10-21,49.97
2019-10-18,54.96
2019-10-17,54.57
2019-10-16,53.07
2019-10-15,55.06
2019-10-11,55.32
2019-10-10,54.08
2019-10-09,55.29
2019-10-08,57.62
2019-10-07,55.65
2019-10-04,53.41
2019-10-03,57.42
2019-10-02,59.33
2019-10-01,58.56
2019-09-30,57.75
2019-09-27,57.9
2019-09-26,57.89
2019-09-25,57.26
2019-09-24,59.31
2019-09-23,57.53
2019-09-20,52.48
2019-09-19,56.82
2019-09-18,58.77
2019-09-17,58.43
2019-09-16,56.71
2019-09-13,58.53
2019-09-12,58.55
2019-09-11,58.59
2019-09-10,56.86
2019-09-09,57.51
2019-09-06,57.53
2019-09-05,57.64
2019-09-04,54.32
2019-09-03,57.5
2019-09-02,59.89
2019-08-30,56.73
2019-08-29,52.47
2019-08-28,57.35
2019-08-27,56.33
2019-08-26,55.41
2019-08-23,56.06
2019-08-22,56.51
2019-08-21,51.44
2019-08-20,53.89
2019-08-16,55.31
2019-08-15,55.53
2019-08-14,55.49
2019-08-13,54.8
2019-08-12,50.63
2019-08-09,49.13
2019-08-08,49.45
2019-08-07,50.33
2019-08-06,49.22
2019-08-05,47.52
2019-08-02,48.81
2019-08-01,49.5
2019-07-31,48.29
2019-07-30,47.81
2019-07-29,48.55
2019-07-26,46.62
2019-07-25,49.03
2019-07-24,48.46
2019-07-23,49.33
2019-07-22,46.24
2019-07-19,47.9
2019-07-18,45.75
2019-07-17,47.25
2019-07-16,47.67
2019-07-15,47.14
2019-07-12,47.12
2019-07-11,47.12
2019-07-10,46.83
2019-07-05,45.76
2019-07-04,47.41
2019-07-03,47.42
2019-07-02,48.82
2019-07-01,47.79
2019-06-28,48.47
2019-06-27,48.89
2019-06-26,47.93
2019-06-25,49.33
2019-06-24,50.48
2019-06-21,49.73
2019-06-19,49.57
2019-06-18,49.05
2019-06-14,51.39
2019-06-13,50.44
2019-06-12,50.27
2019-06-11,50.74
2019-06-10,49.19
2019-06-07,51.9
2019-06-06,51.03
2019-06-05,48.45
2019-06-04,51.12
2019-06-03,51.1
2019-05-31,51.15
2019-05-30,51.15
2019-05-29,50.52
2019-05-28,51.35
2019-05-27,50.42
2019-05-24,51.6
2019-05-23,50.94
2019-05-22,49.58
2019-05-21,53.14
2019-05-20,50.7
2019-05-17,48.52
2019-05-16,49.93
2019-05-15,51.63
2019-05-14,50.81
2019-05-13,49.74
2019-05-10,48.04
2019-05-09,49.6
2019-05-08,50.86
2019-05-07,50.72
2019-05-06,48.35
2019-05-03,48.82
2019-05-02,48.03
2019-04-30,50.47
2019-04-29,46.67
2019-04-26,46.43
2019-04-25,48.87
2019-04-24,48.85
2019-04-23,47.79
2019-04-22,45.46
2019-04-17,44.82
2019-04-16,46.75
2019-04-15,47
2019-04-12,45.65
2019-04-11,46.4
2019-04-10,43.77
2019-04-09,45.51
2019-04-08,45.27
2019-04-05,43.24
2019-04-04,46.78
2019-04-03,45.33
2019-04-01,43.47
2019-03-29,42.25
2019-03-28,43.49
2019-03-27,40.3
2019-03-26,42.67
2019-03-25,41.18
2019-03-22,39.47
2019-03-21,40.2
2019-03-20,39.75
2019-03-19,39.95
2019-03-18,38.88
2019-03-15,40.61
2019-03-14,38.76
2019-03-13,38
2019-03-12,38.23
2019-03-11,36.32
2019-03-08,37.13
2019-03-07,35.22
2019-03-06,34.49
2019-03-01,35.48
2019-02-28,34.8
2019-02-27,35.42
2019-02-26,38.29
2019-02-25,34.66
2019-02-22,35.07
2019-02-21,34.41
2019-02-20,34.59
2019-02-19,34.45
2019-02-18,34.62
2019-02-15,34.67
2019-02-14,35.46
2019-02-13,36.73
2019-02-12,37.03
2019-02-11,37.51
2019-02-08,37
2019-02-07,39.36
2019-02-06,41.16
2019-02-05,41.29
2019-02-04,42.16
2019-02-01,39.88
2019-01-31,43.15
2019-01-30,42.24
2019-01-29,42.78
2019-01-28,42.98
2019-01-25,42.55
2019-01-24,43.57
2019-01-23,43.66
2019-01-22,43.77
2019-01-21,43.11
2019-01-18,44.09
2019-01-17,43.7
2019-01-16,43.24
2019-01-15,43.71
2019-01-14,43.38
2019-01-11,44.08
2019-01-10,46.13
2019-01-09,42.46
2019-01-08,47.65
2019-01-07,45.27
2019-01-04,45.49
2019-01-03,45.43
2019-01-02,44.98
2018-12-28,41.84
2018-12-27,44.78
2018-12-26,44.86
2018-12-21,48.64
2018-12-20,46.78
2018-12-19,47.33
2018-12-18,45.97
2018-12-17,44.4
2018-12-14,45.05
2018-12-13,45.48
2018-12-12,45.21
2018-12-11,46.02
2018-12-10,43.78
2018-12-07,47.35
2018-12-06,46.46
2018-12-05,45.77
2018-12-04,47.14
2018-12-03,44.12
2018-11-29,47.38
2018-11-28,42.74
2018-11-27,47.39
2018-11-26,48.69
2018-11-23,47.55
2018-11-22,47.57
2018-11-21,47.26
2018-11-20,51.18
2018-11-16,46.9
2018-11-15,47.48
2018-11-14,47.68
2018-11-13,47.53
2018-11-12,47.54
2018-11-09,46.03
2018-11-08,47.58
2018-11-07,48.7
2018-11-05,47.6
2018-11-02,48.73
2018-11-01,48.83
2018-10-31,47.95
2018-10-30,47.33
2018-10-29,50.81
2018-10-26,51.34
2018-10-25,48.98
2018-10-24,41.62
2018-10-23,48.48
2018-10-22,47.61
2018-10-19,51.87
2018-10-18,48.48
2018-10-17,47.44
2018-10-16,43.84
2018-10-12,45.9
2018-10-11,44.88
2018-10-10,44.5
2018-10-09,45.65
2018-10-08,46.28
2018-10-05,42.63
2018-10-04,45.29
2018-10-03,38.75
2018-10-02,43.28
2018-10-01,41.61
2018-09-28,37.22
2018-09-27,42.37
2018-09-26,40.45
2018-09-25,41.91
2018-09-24,36.73
2018-09-21,38.62
2018-09-20,42.67
2018-09-19,44.97
2018-09-18,39.65
2018-09-17,37.92
2018-09-14,37.21
2018-09-13,35.33
2018-09-12,37.6
2018-09-11,34.82
2018-09-10,36.13
2018-09-07,38.03
2018-09-06,37.59
2018-09-05,35.49
2018-09-04,35.07
2018-09-03,32.7
2018-08-31,35.41
2018-08-30,33.15
2018-08-29,29.25
2018-08-28,32.4
2018-08-27,31.2
2018-08-24,32.9
2018-08-23,29.61
2018-08-22,32
2018-08-21,33.08
2018-08-17,32.49
2018-08-16,32.88
2018-08-15,32.59
2018-08-14,32.67
2018-08-13,31.1
2018-08-10,30.94
2018-08-09,31.39
2018-08-08,32.3
2018-08-07,32.81
2018-08-06,34.12
2018-08-03,29.84
2018-08-02,29.38
2018-08-01,32.66
2018-07-31,32.32
2018-07-30,34.57
2018-07-27,31.59
2018-07-26,34.34
2018-07-25,33.01
2018-07-24,28.26
2018-07-23,31.73
2018-07-20,32.47
2018-07-19,33.38
2018-07-18,32.22
2018-07-17,31.72
2018-07-16,31.37
2018-07-13,29.79
2018-07-12,31.57
2018-07-11,30.58
2018-07-10,30.8
2018-07-06,32.25
2018-07-05,30.68
2018-07-04,29.61
2018-07-03,27.86
2018-07-02,30.41
2018-06-29,29.91
2018-06-28,20.53
2018-06-27,29.01
2018-06-26,28.97
2018-06-25,30.94
2018-06-22,28.88
2018-06-21,28.83
2018-06-19,29.34
2018-06-18,27.5
2018-06-15,26.75
2018-06-14,27.03
2018-06-13,27.11
2018-06-12,26.7
2018-06-11,25.83
2018-06-08,26.76
2018-06-07,27.21
2018-06-06,26.96
2018-06-05,26.75
2018-06-04,25.86
2018-06-01,27.08
2018-05-31,27.3
2018-05-30,26.98
2018-05-29,26.25
2018-05-28,23.05
2018-05-24,26.54
2018-05-23,25.91
2018-05-22,27.27
2018-05-21,26.22
2018-05-18,26.34
2018-05-17,27.84
2018-05-16,20.51
2018-05-15,27
2018-05-14,26.09
2018-05-11,24.64
2018-05-10,25.84
2018-05-09,24.72
2018-05-08,24.99
2018-05-07,23.9
2018-05-04,22.34
2018-05-03,22.32
2018-05-02,21.98
2018-04-27,20.01
2018-04-26,21.52
2018-04-25,21.87
2018-04-24,21.77
2018-04-23,21.18
2018-04-20,21.7
2018-04-19,21.26
2018-04-18,19.28
2018-04-17,22.39
2018-04-16,21.31
2018-04-13,21.66
2018-04-12,21.65
2018-04-11,20.7
2018-04-10,21.46
2018-04-09,21.47
2018-04-06,21.94
2018-04-05,21.62
2018-04-04,20.75
2018-04-03,21.86
2018-03-28,20.12
2018-03-27,21.44
2018-03-26,21.67
2018-03-23,21.04
2018-03-22,21.91
2018-03-21,21.76
2018-03-20,21.41
2018-03-19,19.58
2018-03-16,21.31
2018-03-15,19.11
2018-03-14,21.81
2018-03-13,21.77
2018-03-12,20.82
2018-03-09,21.58
2018-03-08,21.46
2018-03-07,21.65
2018-03-06,21.6
2018-03-05,20.97
2018-03-02,21.33
2018-03-01,21.6
2018-02-28,21.55
2018-02-27,21.78
2018-02-26,21.09
2018-02-23,21.83
2018-02-22,21.38
2018-02-21,21.1
2018-02-20,22.26
2018-02-19,21.88
2018-02-16,21.07
2018-02-15,21.6
2018-02-14,21.33
2018-02-09,20.44
2018-02-08,21.43
2018-02-07,21.36
2018-02-06,21.26
2018-02-05,21.56
2018-02-02,22.5
2018-02-01,20.67
2018-01-31,21.53
2018-01-30,21.56
2018-01-29,19.62
2018-01-26,21.41
2018-01-25,20.88
2018-01-24,21.7
2018-01-23,21.57
2018-01-22,21.16
2018-01-19,21.66
2018-01-18,21.53
2018-01-17,21.31
2018-01-16,21.54
2018-01-15,21.7
2018-01-12,21.67
2018-01-11,21.49
2018-01-10,20.84
2018-01-09,21.72
2018-01-08,21.76
2018-01-05,21.97
2018-01-04,21.84
2018-01-03,21.8
2018-01-02,20.99
2017-12-29,22.06
2017-12-28,18.55
2017-12-27,21.42
2017-12-26,21.57
2017-12-22,21.56
2017-12-21,21.53
2017-12-20,22.15
2017-12-19,21.63
2017-12-18,21.58
2017-12-15,21.54
2017-12-14,21.64
2017-12-13,21.39
2017-12-12,21.56
2017-12-11,20.95
2017-12-07,21.45
2017-12-06,21.57
2017-12-05,21.73
2017-12-04,21.47
2017-12-01,19.49
2017-11-30,20.63
2017-11-29,21.34
2017-11-28,21.26
2017-11-27,21.04
2017-11-24,20.73
2017-11-23,21.24
2017-11-22,20.82
2017-11-21,21.02
2017-11-17,21
2017-11-16,20.94
2017-11-15,20.86
2017-11-14,20.66
2017-11-13,20.93
2017-11-10,20.69
2017-11-09,20.38
2017-11-08,20.35
2017-11-07,20.37
2017-11-03,20.79
2017-11-02,20.53
2017-11-01,19.75
2017-10-31,20.43
2017-10-30,20.38
2017-10-27,20.35
2017-10-26,19.25
2017-10-25,19.41
2017-10-24,19.73
2017-10-23,19.59
2017-10-20,19.48
2017-10-19,19.38
2017-10-18,19.5
2017-10-17,19.71
2017-10-13,19.78
2017-10-12,19.27
2017-10-11,18.73
2017-10-10,20.17
2017-10-09,19.27
2017-10-06,19.14
2017-10-05,19.33
2017-10-04,19.3
2017-10-03,19.42
2017-10-02,19.18
2017-09-29,19.78
2017-09-28,19.68
2017-09-27,19.47
2017-09-26,19.08
2017-09-25,19
2017-09-22,19.28
2017-09-21,19.17
2017-09-20,19.25
2017-09-19,18.93
2017-09-18,19.15
2017-09-15,19.31
2017-09-14,18.99
2017-09-13,19.23
2017-09-12,19.29
2017-09-11,18.54
2017-09-08,18.88
2017-09-07,18.66
2017-09-06,18.93
2017-09-05,19.18
2017-09-04,18.86
2017-09-01,18.65
2017-08-31,19.03
2017-08-30,19.1
2017-08-29,18.96
2017-08-28,18.97
2017-08-25,18.6
2017-08-24,18.6
2017-08-23,18.85
2017-08-22,18.75
2017-08-18,18.82
2017-08-17,18.83
2017-08-16,18.75
2017-08-15,18.6
2017-08-14,18.59
2017-08-11,17.93
2017-08-10,18.98
2017-08-09,18.59
2017-08-08,18.36
2017-08-07,18.2
2017-08-04,18.3
2017-08-03,18.44
2017-08-02,18.2
2017-08-01,18.67
2017-07-31,18.52
2017-07-28,18.51
2017-07-27,18.29
2017-07-26,18.11
2017-07-25,18.34
2017-07-24,18.48
2017-07-21,18.13
2017-07-20,17.96
2017-07-19,18.15
2017-07-18,18.4
2017-07-17,18.32
2017-07-14,18.26
2017-07-13,18.12
2017-07-12,17.48
2017-07-11,17.94
2017-07-10,18.49
2017-07-07,18.1
2017-07-06,17.86
2017-07-05,18
2017-07-04,18.3
2017-07-03,17.84
2017-06-30,18.32
2017-06-29,18.04
2017-06-28,18.2
2017-06-27,18.3
2017-06-26,17.98
2017-06-23,18.39
2017-06-22,17.9
2017-06-21,17.88
2017-06-19,17.93
2017-06-16,18.01
2017-06-15,18.15
2017-06-14,18.1
2017-06-13,17.85
2017-06-12,17.36
2017-06-09,18.53
2017-06-08,17.9
2017-06-07,18.7
2017-06-06,17.87
2017-06-05,17.79
2017-06-02,17.92
2017-06-01,17.5
2017-05-31,17.8
2017-05-30,18.19
2017-05-29,17.84
2017-05-26,17.76
2017-05-24,17.71
2017-05-23,17.95
2017-05-22,17.71
2017-05-19,17.84
2017-05-18,17.76
2017-05-17,17.69
2017-05-16,18.27
2017-05-15,17.95
2017-05-12,17.37
2017-05-11,17.49
2017-05-10,17.69
2017-05-09,17.6
2017-05-08,17.67
2017-05-05,17.73
2017-05-04,17.5
2017-05-03,18.41
2017-05-02,17.4
2017-04-28,18.06
2017-04-27,17.87
2017-04-26,17.65
2017-04-25,18.02
2017-04-24,17.53
2017-04-21,17.45
2017-04-20,17.58
2017-04-19,17.57
2017-04-18,17.65
2017-04-17,17.5
2017-04-12,16.91
2017-04-11,17.32
2017-04-10,17.4
2017-04-07,17.26
2017-04-06,17.42
2017-04-05,17.33
2017-04-04,17.34
2017-04-03,16.9
2017-03-31,18.4
2017-03-30,17.63
2017-03-29,17.69
2017-03-28,18.05
2017-03-27,17.47
2017-03-23,17.75
2017-03-22,17.42
2017-03-21,18.1
2017-03-20,17.7
2017-03-17,17.65
2017-03-16,17.78
2017-03-15,17.81
2017-03-14,18.18
2017-03-13,17.42
2017-03-10,18.13
2017-03-09,18.07
2017-03-08,17.72
2017-03-07,17.86
2017-03-06,17.83
2017-03-03,17.64
2017-03-02,18.5
2017-03-01,18.55
2017-02-24,18.09
2017-02-23,17.95
2017-02-22,18.18
2017-02-21,17.97
2017-02-20,17.85
2017-02-17,18.05
2017-02-16,17.85
2017-02-15,17.96
2017-02-14,17.98
2017-02-13,17.84
2017-02-10,17.42
2017-02-09,18.19
2017-02-08,18.34
2017-02-07,17.9
2017-02-06,17.77
2017-02-03,18.06
2017-02-02,17.85
2017-02-01,18.49
2017-01-31,17.95
2017-01-30,18.72
2017-01-27,18.03
2017-01-26,18.16
2017-01-25,18.02
2017-01-24,17.04
2017-01-23,17.88
2017-01-20,17.88
2017-01-19,18.16
2017-01-18,18.11
2017-01-17,18.11
2017-01-16,18.01
2017-01-13,18.11
2017-01-12,18.13
2017-01-11,17.74
2017-01-10,18.44
2017-01-09,18.24
2017-01-06,18.16
2017-01-05,18.29
2017-01-04,18.46
2017-01-03,18.35
2017-01-02,18.06
2016-12-30,18.75
2016-12-29,18.17
2016-12-28,18.61
2016-12-27,18.51
2016-12-26,18.14
2016-12-23,18.47
2016-12-22,18.36
2016-12-21,18.29
2016-12-20,18.42
2016-12-19,18.46
2016-12-16,18.32
2016-12-15,18.28
2016-12-14,18.41
2016-12-13,18.43
2016-12-12,18.78
2016-12-07,18.54
2016-12-06,18.62
2016-12-05,18.79
2016-12-02,18.13
2016-12-01,18.97
2016-11-30,19.07
2016-11-29,19.15
2016-11-25,19.59
2016-11-24,19.78
2016-11-23,19.31
2016-11-22,19.44
2016-11-21,19.2
2016-11-18,19.53
2016-11-17,19.35
2016-11-16,19.41
2016-11-15,19.75
2016-11-14,19.46
2016-11-11,19.3
2016-11-10,19.05
2016-11-09,19.93
2016-11-08,19.96
2016-11-07,19.8
2016-11-04,19.91
2016-11-03,19.84
2016-11-02,19.5
2016-11-01,20.22
2016-10-31,20.02
2016-10-28,19.75
2016-10-27,20.04
2016-10-26,20.7
2016-10-25,20.34
2016-10-24,20.93
2016-10-21,20.2
2016-10-20,20.34
2016-10-19,20.69
2016-10-18,20.5
2016-10-17,20.33
2016-10-14,20.43
2016-10-13,20.54
2016-10-12,20.29
2016-10-11,20.08
2016-10-07,20.55
2016-10-06,20.53
2016-10-05,20.47
2016-10-04,20.89
2016-10-03,20.03
2016-09-30,20.61
2016-09-29,20.43
2016-09-28,20.4
2016-09-27,20.83
2016-09-26,20.75
2016-09-23,21.36
2016-09-22,20.76
2016-09-21,20.85
2016-09-20,21.25
2016-09-19,21.17
2016-09-16,21.1
2016-09-15,21.23
2016-09-14,21.44
2016-09-13,21.44
2016-09-12,21.18
2016-09-09,21.41
2016-09-08,21.45
2016-09-07,21.67
2016-09-06,21.84
2016-09-05,21.77
2016-09-02,21.12
2016-09-01,21.94
2016-08-31,22.26
2016-08-30,22.13
2016-08-29,22.03
2016-08-26,22.48
2016-08-25,23.65
2016-08-24,22.74
2016-08-23,23.65
2016-08-22,22.76
2016-08-19,22.94
2016-08-18,23.12
2016-08-17,22.85
2016-08-16,23.02
2016-08-12,22.63
2016-08-11,23.1
2016-08-10,22.88
2016-08-09,23.39
2016-08-08,23.21
2016-08-05,23.27
2016-08-04,23.58
2016-08-03,22.63
2016-08-02,23.74
2016-08-01,23.71
2016-07-29,23.42
2016-07-28,23.91
2016-07-27,23.68
2016-07-26,25.22
2016-07-25,24.4
2016-07-22,24.04
2016-07-21,23.82
2016-07-20,24.68
2016-07-19,24.95
2016-07-18,24.59
2016-07-15,24.38
2016-07-14,24.58
2016-07-13,24.2
2016-07-12,24.88
2016-07-11,24.28
2016-07-07,24.91
2016-07-06,25
2016-07-05,25.29
2016-07-04,24.12
2016-07-01,25.3
2016-06-30,25.57
2016-06-29,25.24
2016-06-28,25.95
2016-06-27,25.83
2016-06-24,24.57
2016-06-23,26.61
2016-06-22,27.18
2016-06-21,26.47
2016-06-16,27.41
2016-06-15,27.1
2016-06-14,27.32
2016-06-13,27.03
2016-06-10,26.83
2016-06-09,27.28
2016-06-08,27.97
2016-06-07,27.91
2016-06-06,27.97
2016-06-03,26.25
2016-06-02,28.04
2016-06-01,27.75
2016-05-31,28.89
2016-05-30,27.72
2016-05-27,28.13
2016-05-26,28.78
2016-05-24,28.65
2016-05-23,28.62
2016-05-20,28.23
2016-05-19,28.17
2016-05-18,28.13
2016-05-17,29.26
2016-05-16,28.57
2016-05-13,27.76
2016-05-12,28.69
2016-05-11,27.53
2016-05-10,29.07
2016-05-09,28.57
2016-05-06,28.4
2016-05-05,28.28
2016-05-04,26.77
2016-05-03,28.4
2016-05-02,27.92
2016-04-29,27.3
2016-04-28,28.24
2016-04-27,27.49
2016-04-26,28.26
2016-04-25,27.97
2016-04-22,22.5
2016-04-21,28.8
2016-04-20,28.27
2016-04-19,28.29
2016-04-18,27.63
2016-04-15,27.95
2016-04-14,28.91
2016-04-13,27.37
2016-04-12,28.89
2016-04-11,26.72
2016-04-08,28.23
2016-04-07,27.63
2016-04-06,28.07
2016-04-05,27.95
2016-04-04,26.63
2016-04-01,27.56
2016-03-31,28.24
2016-03-30,26.95
2016-03-29,27.83
2016-03-28,27.66
2016-03-23,23.65
2016-03-22,28.42
2016-03-21,27.46
2016-03-18,27.1
2016-03-17,27.21
2016-03-16,26.82
2016-03-15,27.99
2016-03-14,27.08
2016-03-11,26.59
2016-03-10,27.55
2016-03-09,28.42
2016-03-08,28.02
2016-03-07,27.33
2016-03-04,25.78
2016-03-03,27.83
2016-03-02,25.38
2016-03-01,24.43
2016-02-29,24.47
2016-02-26,24.33
2016-02-25,22.18
2016-02-24,24.74
2016-02-23,24.79
2016-02-22,20.81
2016-02-19,25.02
2016-02-18,24.9
2016-02-17,24.59
2016-02-16,25.06
2016-02-15,24.36
2016-02-12,23.15
2016-02-11,24.53
2016-02-10,23.63
2016-02-05,25.12
2016-02-04,25.08
2016-02-03,21.8
2016-02-02,25.46
2016-02-01,25.43
2016-01-29,24.76
2016-01-28,25.22
2016-01-27,24.94
2016-01-26,25.75
2016-01-25,25.34
2016-01-22,25.3
2016-01-21,25.89
2016-01-20,20.73
2016-01-19,26.1
2016-01-18,24.68
2016-01-15,25.05
2016-01-14,25.42
2016-01-13,24.07
2016-01-12,25.55
2016-01-11,26.48
2016-01-08,22.09
2016-01-07,25.11
2016-01-06,26.96
2016-01-05,26.87
2016-01-04,24.03
2015-12-31,25.42
2015-12-30,27.56
2015-12-29,28.64
2015-12-28,27.77
2015-12-24,29.06
2015-12-23,30
2015-12-22,29.6
2015-12-21,24.38
2015-12-18,27.82
2015-12-17,28.41
2015-12-16,26.41
2015-12-15,24.26
2015-12-14,23.78
2015-12-11,25.17
2015-12-10,23.99
2015-12-09,22.08
2015-12-04,22.76
2015-12-03,24.72
2015-12-02,24.81
2015-12-01,25.49
2015-11-30,23.36
2015-11-26,25.1
2015-11-25,24.1
2015-11-24,24.89
2015-11-23,24.95
2015-11-20,24.47
2015-11-19,24.37
2015-11-18,16.05
2015-11-17,23.64
2015-11-16,24.85
2015-11-13,22.79
2015-11-12,24.09
2015-11-11,24.98
2015-11-10,24.76
2015-11-09,22.05
2015-11-05,23.34
2015-11-04,23.01
2015-11-03,24.99
2015-11-02,24.27
2015-10-30,22.65
2015-10-29,22.72
2015-10-28,20.1
2015-10-27,22.57
2015-10-26,21.98
2015-10-23,22.26
2015-10-22,22.55
2015-10-21,22.47
2015-10-20,22.52
2015-10-19,15.98
2015-10-16,22.74
2015-10-15,22.44
2015-10-14,20.3
2015-10-13,22.28
2015-10-09,19.36
2015-10-08,22.7
2015-10-07,21.74
2015-10-06,22.41
2015-10-05,20.94
2015-10-02,21.94
2015-10-01,21.81
2015-09-30,21.97
2015-09-29,22.41
2015-09-28,19.79
2015-09-25,21.62
2015-09-24,22.24
2015-09-23,22.3
2015-09-22,22.31
2015-09-21,21.6
2015-09-18,14.79
2015-09-17,22.09
2015-09-16,22.5
2015-09-15,22.6
2015-09-14,20.44
2015-09-11,21.87
2015-09-10,22.03
2015-09-09,19.62
2015-09-08,22.54
2015-09-07,21.85
2015-09-04,20.78
2015-09-03,22.27
2015-09-02,22.08
2015-09-01,22.28
2015-08-31,22.29
2015-08-28,19.53
2015-08-27,22.11
2015-08-26,21.43
2015-08-25,22.25
2015-08-24,22.36
2015-08-21,22.35
2015-08-20,22.07
2015-08-19,15.12
2015-08-18,22.27
2015-08-14,18.02
2015-08-13,21.71
2015-08-12,21.97
2015-08-11,22.46
2015-08-10,19.91
2015-08-07,22.19
2015-08-06,21.82
2015-08-05,20.49
2015-08-04,22.21
2015-08-03,22.02
2015-07-31,22.45
2015-07-30,21.65
2015-07-29,19.58
2015-07-28,22.2
2015-07-27,21.55
2015-07-24,21.39
2015-07-23,21.31
2015-07-22,21.36
2015-07-21,21.05
2015-07-20,21.01
2015-07-17,13.31
2015-07-16,21.13
2015-07-15,20.68
2015-07-14,21.5
2015-07-13,21.26
2015-07-10,19.3
2015-07-08,21.05
2015-07-07,21.33
2015-07-06,19.63
2015-07-03,20.86
2015-07-02,21.32
2015-07-01,21.17
2015-06-30,21.5
2015-06-29,19.67
2015-06-26,20.05
2015-06-25,20.46
2015-06-24,21.23
2015-06-23,21.36
2015-06-22,21.64
2015-06-19,20.8
2015-06-18,20.93
2015-06-17,13.18
2015-06-16,21.14
2015-06-15,20.85
2015-06-12,21.25
2015-06-11,21.43
2015-06-10,19.17
2015-06-09,21.73
2015-06-08,21.19
2015-06-05,19.4
2015-06-04,21.51
2015-06-03,21.28
2015-06-02,21.34
2015-06-01,21.38
2015-05-29,19.28
2015-05-28,19.59
2015-05-27,21.04
2015-05-26,20.17
2015-05-22,21.21
2015-05-21,21.45
2015-05-20,20.75
2015-05-19,21.16
2015-05-18,13.66
2015-05-15,20.64
2015-05-14,21.13
2015-05-13,21.25
2015-05-12,20.76
2015-05-11,19.46
2015-05-08,21
2015-05-07,20.79
2015-05-06,19.56
2015-05-05,21.56
2015-05-04,21.26
2015-04-30,20.61
2015-04-29,19.29
2015-04-28,20.92
2015-04-27,20.92
2015-04-24,18.87
2015-04-23,21.67
2015-04-22,21.74
2015-04-21,21.58
2015-04-20,21.16
2015-04-17,21.8
2015-04-16,12.8
2015-04-15,20.91
2015-04-14,22.05
2015-04-13,21.17
2015-04-10,19.21
2015-04-09,21.74
2015-04-08,21.41
2015-04-07,21.76
2015-04-06,20.19
2015-04-01,21.47
2015-03-31,22.23
2015-03-30,19.44
2015-03-27,21.32
2015-03-26,21.57
2015-03-25,20.92
2015-03-20,21.18
2015-03-19,21.85
2015-03-18,21.99
2015-03-17,21.78
2015-03-16,15.18
2015-03-13,21.42
2015-03-12,21.84
2015-03-11,19.24
2015-03-10,21.85
2015-03-09,21.43
2015-03-06,19.87
2015-03-05,21.5
2015-03-04,19.58
2015-03-03,21.08
2015-03-02,14.66
2015-02-27,19.86
2015-02-26,21.01
2015-02-25,21.33
2015-02-24,21.34
2015-02-23,21.58
2015-02-20,20.67
2015-02-19,20.94
2015-02-18,21.24
2015-02-13,15.08
2015-02-12,17.95
2015-02-11,21.09
2015-02-10,21.89
2015-02-09,19.52
2015-02-06,21.52
2015-02-05,21.1
2015-02-04,20.85
2015-02-03,22.02
2015-02-02,19.64
2015-01-30,21.64
2015-01-29,13.2
2015-01-28,19.08
2015-01-27,21.05
2015-01-26,21.68
2015-01-23,21.45
2015-01-22,20.38
2015-01-21,20.7
2015-01-20,20.53
2015-01-19,21.33
2015-01-16,21.31
2015-01-15,20.48
2015-01-14,14.99
2015-01-13,16.21
2015-01-12,14.99
2015-01-09,18.78
2015-01-08,21.06
2015-01-07,21.57
2015-01-06,20.86
2015-01-05,20.84
2015-01-02,19.66
2014-12-30,21.37
2014-12-29,19.61
2014-12-24,21.57
2014-12-23,21.24
2014-12-22,20.81
2014-12-19,21.03
2014-12-18,21.61
2014-12-17,21.73
2014-12-16,21.58
2014-12-15,15.31
2014-12-12,20.2
2014-12-11,21.46
2014-12-10,19.09
2014-12-09,21.44
2014-12-05,20.4
2014-12-04,21.91
2014-12-03,18.74
2014-12-02,21.52
2014-12-01,22.12
2014-11-28,18.1
2014-11-27,21.11
2014-11-26,20.09
2014-11-25,18.97
2014-11-21,20.05
2014-11-20,21.12
2014-11-19,20.71
2014-11-18,20.7
2014-11-17,20.52
2014-11-14,15.33
2014-11-13,21.04
2014-11-12,20.63
2014-11-11,21.51
2014-11-10,19.29
2014-11-07,21.2
2014-11-05,20.41
2014-11-04,21.26
2014-11-03,19.22
2014-10-31,20.99
2014-10-30,20.46
2014-10-29,18.91
2014-10-28,21.09
2014-10-27,20.07
2014-10-24,19.25
2014-10-23,18.58
2014-10-22,20.2
2014-10-21,21.05
2014-10-20,20.13
2014-10-17,21.32
2014-10-16,20.97
2014-10-15,14.96
2014-10-14,20.53
2014-10-10,18.82
2014-10-09,21.11
2014-10-08,20.82
2014-10-07,18.92
2014-10-06,18.91
2014-10-03,17.25
2014-10-02,19.34
2014-10-01,18.98
2014-09-30,19.38
2014-09-29,19.03
2014-09-26,18.65
2014-09-25,18.88
2014-09-24,18.27
2014-09-23,19.85
2014-09-22,18.38
2014-09-19,19.52
2014-09-18,19.73
2014-09-17,15.46
2014-09-16,19.97
2014-09-15,15.85
2014-09-12,19.44
2014-09-11,16.56
2014-09-10,18.86
2014-09-09,19.75
2014-09-08,20.04
2014-09-05,19.67
2014-09-04,20.01
2014-09-03,18.06
2014-09-02,20.44
2014-09-01,19.76
2014-08-29,19.59
2014-08-28,20.57
2014-08-27,19.39
2014-08-26,20.26
2014-08-25,19.17
2014-08-22,18.95
2014-08-21,20.21
2014-08-20,20.32
2014-08-19,20.38
2014-08-15,15.07
2014-08-14,17.49
2014-08-13,20.52
2014-08-12,17.21
2014-08-11,19.56
2014-08-08,20.56
2014-08-07,20.73
2014-08-06,20.36
2014-08-05,19.5
2014-08-04,19.07
2014-08-01,20.22
2014-07-31,20.51
2014-07-30,20.1
2014-07-29,20.75
2014-07-28,19.95
2014-07-25,19.26
2014-07-24,20.21
2014-07-23,19.44
2014-07-22,20.66
2014-07-21,20.46
2014-07-18,20.78
2014-07-17,14.62
2014-07-16,18.58
2014-07-15,21.56
2014-07-14,21.08
2014-07-11,20.32
2014-07-10,18.65
2014-07-08,21.94
2014-07-07,21.21
2014-07-04,19.03
2014-07-03,20.79
2014-07-02,20.66
2014-07-01,20.96
2014-06-30,21.13
2014-06-27,20.61
2014-06-26,21.12
2014-06-25,19.94
2014-06-24,20.65
2014-06-23,20.07
2014-06-19,21.73
2014-06-18,21.77
2014-06-17,21.36
2014-06-16,20.07
2014-06-13,21.4
2014-06-12,13.35
2014-06-11,19.65
2014-06-10,22.48
2014-06-09,19.57
2014-06-06,21.88
2014-06-05,21.46
2014-06-04,20.42
2014-06-03,23.27
2014-06-02,22.41
2014-05-30,21.6
2014-05-29,23.66
2014-05-28,22.06
2014-05-27,23.12
2014-05-26,21.35
2014-05-23,21.74
2014-05-22,22.37
2014-05-21,20.79
2014-05-20,23.01
2014-05-19,23.36
2014-05-16,21.85
2014-05-15,22.8
2014-05-14,22.57
2014-05-13,14.21
2014-05-12,20.41
2014-05-09,19.59
2014-05-08,22.56
2014-05-07,23.02
2014-05-06,23.11
2014-05-05,15.7
2014-04-30,23.01
2014-04-29,23.8
2014-04-28,22.95
2014-04-25,22.82
2014-04-24,22.09
2014-04-23,24.34
2014-04-22,24.39
2014-04-21,22.14
2014-04-16,23.33
2014-04-15,24.3
