fecha,valor_ars
2026-07-15,2037.92
2026-07-14,2036.51
2026-07-13,2029.47
2026-07-12,2029.47
2026-07-11,2029.47
2026-07-10,2029.47
2026-07-09,2029.47
2026-07-08,2028.06
2026-07-07,2026.66
2026-07-06,2022.45
2026-07-05,2022.45
2026-07-04,2022.45
2026-07-03,2021.05
2026-07-02,2019.65
2026-07-01,2018.25
2026-06-30,2016.85
2026-06-29,2012.67
2026-06-28,2012.67
2026-06-27,2012.67
2026-06-26,2011.27
2026-06-25,2009.88
2026-06-24,2008.49
2026-06-23,2007.1
2026-06-22,2002.93
2026-06-21,2002.93
2026-06-20,2002.93
2026-06-19,2001.54
2026-06-18,2000.16
2026-06-17,1998.77
2026-06-16,1992.43
2026-06-15,1992.43
2026-06-14,1992.43
2026-06-13,1992.43
2026-06-12,1990.78
2026-06-11,1989.13
2026-06-10,1987.49
2026-06-09,1985.84
2026-06-08,1980.92
2026-06-07,1980.92
2026-06-06,1980.92
2026-06-05,1979.28
2026-06-04,1977.64
2026-06-03,1976
2026-06-02,1974.37
2026-06-01,1969.47
2026-05-31,1969.47
2026-05-30,1969.47
2026-05-29,1967.84
2026-05-28,1966.21
2026-05-27,1964.58
2026-05-26,1958.09
2026-05-25,1958.09
2026-05-24,1958.09
2026-05-23,1958.09
2026-05-22,1956.47
2026-05-21,1954.85
2026-05-20,1953.23
2026-05-19,1951.61
2026-05-18,1946.77
2026-05-17,1946.77
2026-05-16,1946.77
2026-05-15,1944.6
2026-05-14,1942.44
2026-05-13,1940.27
2026-05-12,1938.11
2026-05-11,1931.64
2026-05-10,1931.64
2026-05-09,1931.64
2026-05-08,1929.49
2026-05-07,1927.34
2026-05-06,1925.19
2026-05-05,1923.05
2026-05-04,1914.5
2026-05-03,1914.5
2026-05-02,1914.5
2026-05-01,1914.5
2026-04-30,1912.36
2026-04-29,1910.23
2026-04-28,1908.11
2026-04-27,1901.74
2026-04-26,1901.74
2026-04-25,1901.74
2026-04-24,1899.62
2026-04-23,1897.5
2026-04-22,1895.39
2026-04-21,1893.28
2026-04-20,1886.96
2026-04-19,1886.96
2026-04-18,1886.96
2026-04-17,1884.86
2026-04-16,1882.76
2026-04-15,1881.02
2026-04-14,1879.29
2026-04-13,1874.1
2026-04-12,1874.1
2026-04-11,1874.1
2026-04-10,1872.37
2026-04-09,1870.64
2026-04-08,1868.92
2026-04-07,1867.2
2026-04-06,1858.61
2026-04-05,1858.61
2026-04-04,1858.61
2026-04-03,1858.61
2026-04-02,1858.61
2026-04-01,1856.89
2026-03-31,1855.18
2026-03-30,1850.06
2026-03-29,1850.06
2026-03-28,1850.06
2026-03-27,1848.35
2026-03-26,1846.65
2026-03-25,1838.15
2026-03-24,1838.15
2026-03-23,1838.15
2026-03-22,1838.15
2026-03-21,1838.15
2026-03-20,1836.46
2026-03-19,1834.76
2026-03-18,1833.07
2026-03-17,1831.38
2026-03-16,1825.96
2026-03-15,1825.96
2026-03-14,1825.96
2026-03-13,1824.1
2026-03-12,1822.24
2026-03-11,1820.38
2026-03-10,1818.52
2026-03-09,1812.96
2026-03-08,1812.96
2026-03-07,1812.96
2026-03-06,1811.11
2026-03-05,1809.26
2026-03-04,1807.42
2026-03-03,1805.57
2026-03-02,1800.05
2026-03-01,1800.05
2026-02-28,1800.05
2026-02-27,1798.21
2026-02-26,1796.38
2026-02-25,1794.54
2026-02-24,1792.71
2026-02-23,1787.23
2026-02-22,1787.23
2026-02-21,1787.23
2026-02-20,1785.41
2026-02-19,1783.58
2026-02-18,1774.96
2026-02-17,1774.96
2026-02-16,1774.96
2026-02-15,1774.96
2026-02-14,1774.96
2026-02-13,1773.38
2026-02-12,1771.81
2026-02-11,1770.23
2026-02-10,1768.65
2026-02-09,1763.93
2026-02-08,1763.93
2026-02-07,1763.93
2026-02-06,1762.36
2026-02-05,1760.79
2026-02-04,1759.22
2026-02-03,1757.66
2026-02-02,1752.97
2026-02-01,1752.97
2026-01-31,1752.97
2026-01-30,1751.41
2026-01-29,1749.85
2026-01-28,1748.29
2026-01-27,1746.73
2026-01-26,1742.07
2026-01-25,1742.07
2026-01-24,1742.07
2026-01-23,1740.52
2026-01-22,1738.97
2026-01-21,1737.42
2026-01-20,1735.87
2026-01-19,1731.24
2026-01-18,1731.24
2026-01-17,1731.24
2026-01-16,1729.7
2026-01-15,1728.32
2026-01-14,1726.94
2026-01-13,1725.57
2026-01-12,1721.45
2026-01-11,1721.45
2026-01-10,1721.45
2026-01-09,1720.08
2026-01-08,1718.71
2026-01-07,1717.34
2026-01-06,1715.98
2026-01-05,1711.88
2026-01-04,1711.88
2026-01-03,1711.88
2026-01-02,1709.15
2026-01-01,1709.15
2025-12-31,1707.79
2025-12-30,1706.43
2025-12-29,1702.36
2025-12-28,1702.36
2025-12-27,1702.36
2025-12-26,1699.65
2025-12-25,1699.65
2025-12-24,1698.3
2025-12-23,1696.95
2025-12-22,1692.9
2025-12-21,1692.9
2025-12-20,1692.9
2025-12-19,1691.55
2025-12-18,1690.2
2025-12-17,1688.86
2025-12-16,1687.51
2025-12-15,1683.68
2025-12-14,1683.68
2025-12-13,1683.68
2025-12-12,1682.4
2025-12-11,1681.13
2025-12-10,1679.85
2025-12-09,1674.77
2025-12-08,1674.77
2025-12-07,1674.77
2025-12-06,1674.77
2025-12-05,1673.5
2025-12-04,1672.23
2025-12-03,1670.96
2025-12-02,1669.7
2025-12-01,1665.91
2025-11-30,1665.91
2025-11-29,1665.91
2025-11-28,1664.64
2025-11-27,1663.38
2025-11-26,1662.12
2025-11-25,1655.83
2025-11-24,1655.83
2025-11-23,1655.83
2025-11-22,1655.83
2025-11-21,1655.83
2025-11-20,1654.58
2025-11-19,1653.33
2025-11-18,1652.07
2025-11-17,1648.46
2025-11-16,1648.46
2025-11-15,1648.46
2025-11-14,1647.36
2025-11-13,1646.26
2025-11-12,1645.15
2025-11-11,1644.05
2025-11-10,1640.75
2025-11-09,1640.75
2025-11-08,1640.75
2025-11-07,1638.55
2025-11-06,1638.55
2025-11-05,1637.45
2025-11-04,1636.35
2025-11-03,1633.07
2025-11-02,1633.07
2025-11-01,1633.07
2025-10-31,1631.97
2025-10-30,1630.88
2025-10-29,1629.78
2025-10-28,1628.69
2025-10-27,1625.42
2025-10-26,1625.42
2025-10-25,1625.42
2025-10-24,1624.33
2025-10-23,1623.24
2025-10-22,1622.15
2025-10-21,1621.07
2025-10-20,1617.81
2025-10-19,1617.81
2025-10-18,1617.81
2025-10-17,1616.73
2025-10-16,1615.64
2025-10-15,1614.63
2025-10-14,1613.62
2025-10-13,1609.57
2025-10-12,1609.57
2025-10-11,1609.57
2025-10-10,1609.57
2025-10-09,1608.56
2025-10-08,1607.55
2025-10-07,1606.54
2025-10-06,1603.52
2025-10-05,1603.52
2025-10-04,1603.52
2025-10-03,1602.52
2025-10-02,1601.51
2025-10-01,1600.51
2025-09-30,1599.5
2025-09-29,1596.5
2025-09-28,1596.5
2025-09-27,1596.5
2025-09-26,1595.5
2025-09-25,1594.5
2025-09-24,1593.49
2025-09-23,1592.5
2025-09-22,1589.5
2025-09-21,1589.5
2025-09-20,1589.5
2025-09-19,1588.5
2025-09-18,1587.51
2025-09-17,1586.51
2025-09-16,1585.52
2025-09-15,1582.63
2025-09-14,1582.63
2025-09-13,1582.63
2025-09-12,1581.67
2025-09-11,1580.71
2025-09-10,1579.75
2025-09-09,1578.79
2025-09-08,1575.92
2025-09-07,1575.92
2025-09-06,1575.92
2025-09-05,1574.96
2025-09-04,1574.01
2025-09-03,1573.05
2025-09-02,1572.1
2025-09-01,1569.24
2025-08-31,1569.24
2025-08-30,1569.24
2025-08-29,1568.28
2025-08-28,1567.33
2025-08-27,1566.38
2025-08-26,1565.43
2025-08-25,1562.58
2025-08-24,1562.58
2025-08-23,1562.58
2025-08-22,1561.63
2025-08-21,1560.68
2025-08-20,1559.74
2025-08-19,1558.79
2025-08-18,1555.16
2025-08-17,1555.16
2025-08-16,1555.16
2025-08-15,1555.16
2025-08-14,1554.36
2025-08-13,1553.57
2025-08-12,1552.77
2025-08-11,1550.39
2025-08-10,1550.39
2025-08-09,1550.39
2025-08-08,1549.59
2025-08-07,1548.8
2025-08-06,1548.01
2025-08-05,1547.21
2025-08-04,1544.84
2025-08-03,1544.84
2025-08-02,1544.84
2025-08-01,1544.05
2025-07-31,1543.26
2025-07-30,1542.47
2025-07-29,1541.68
2025-07-28,1539.31
2025-07-27,1539.31
2025-07-26,1539.31
2025-07-25,1538.52
2025-07-24,1537.74
2025-07-23,1536.95
2025-07-22,1536.16
2025-07-21,1533.81
2025-07-20,1533.81
2025-07-19,1533.81
2025-07-18,1533.02
2025-07-17,1532.24
2025-07-16,1531.45
2025-07-15,1530.69
2025-07-14,1528.41
2025-07-13,1528.41
2025-07-12,1528.41
2025-07-11,1527.66
2025-07-10,1526.14
2025-07-09,1526.14
2025-07-08,1525.38
2025-07-07,1523.11
2025-07-06,1523.11
2025-07-05,1523.11
2025-07-04,1522.36
2025-07-03,1521.6
2025-07-02,1520.85
2025-07-01,1520.09
2025-06-30,1517.83
2025-06-29,1517.83
2025-06-28,1517.83
2025-06-27,1517.08
2025-06-26,1516.33
2025-06-25,1515.57
2025-06-24,1514.82
2025-06-23,1511.82
2025-06-22,1511.82
2025-06-21,1511.82
2025-06-20,1511.82
2025-06-19,1511.07
2025-06-18,1510.32
2025-06-17,1506.13
2025-06-16,1506.13
2025-06-15,1506.13
2025-06-14,1506.13
2025-06-13,1504.79
2025-06-12,1503.45
2025-06-11,1502.11
2025-06-10,1500.78
2025-06-09,1496.77
2025-06-08,1496.77
2025-06-07,1496.77
2025-06-06,1495.44
2025-06-05,1494.11
2025-06-04,1492.78
2025-06-03,1491.45
2025-06-02,1487.47
2025-06-01,1487.47
2025-05-31,1487.47
2025-05-30,1486.14
2025-05-29,1484.82
2025-05-28,1483.5
2025-05-27,1482.18
2025-05-26,1478.22
2025-05-25,1478.22
2025-05-24,1478.22
2025-05-23,1476.9
2025-05-22,1475.59
2025-05-21,1474.27
2025-05-20,1472.96
2025-05-19,1469.03
2025-05-18,1469.03
2025-05-17,1469.03
2025-05-16,1467.72
2025-05-15,1465.95
2025-05-14,1464.17
2025-05-13,1462.4
2025-05-12,1457.1
2025-05-11,1457.1
2025-05-10,1457.1
2025-05-09,1455.33
2025-05-08,1453.57
2025-05-07,1451.81
2025-05-06,1450.05
2025-05-05,1441.3
2025-05-04,1441.3
2025-05-03,1441.3
2025-05-02,1441.3
2025-05-01,1441.3
2025-04-30,1439.56
2025-04-29,1437.81
2025-04-28,1432.6
2025-04-27,1432.6
2025-04-26,1432.6
2025-04-25,1430.87
2025-04-24,1429.13
2025-04-23,1427.4
2025-04-22,1425.68
2025-04-21,1417.07
2025-04-20,1417.07
2025-04-19,1417.07
2025-04-18,1417.07
2025-04-17,1417.07
2025-04-16,1415.35
2025-04-15,1414.27
2025-04-14,1411.03
2025-04-13,1411.03
2025-04-12,1411.03
2025-04-11,1409.95
2025-04-10,1408.87
2025-04-09,1407.79
2025-04-08,1406.72
2025-04-07,1403.49
2025-04-06,1403.49
2025-04-05,1403.49
2025-04-04,1402.42
2025-04-03,1400.28
2025-04-02,1400.28
2025-04-01,1399.2
2025-03-31,1396
2025-03-30,1396
2025-03-29,1396
2025-03-28,1394.93
2025-03-27,1393.86
2025-03-26,1392.8
2025-03-25,1388.54
2025-03-24,1388.54
2025-03-23,1388.54
2025-03-22,1388.54
2025-03-21,1387.48
2025-03-20,1386.42
2025-03-19,1385.36
2025-03-18,1384.3
2025-03-17,1381.11
2025-03-16,1381.11
2025-03-15,1381.11
2025-03-14,1380.03
2025-03-13,1378.96
2025-03-12,1377.89
2025-03-11,1376.82
2025-03-10,1373.61
2025-03-09,1373.61
2025-03-08,1373.61
2025-03-07,1372.55
2025-03-06,1371.48
2025-03-05,1366.16
2025-03-04,1366.16
2025-03-03,1366.16
2025-03-02,1366.16
2025-03-01,1366.16
2025-02-28,1365.1
2025-02-27,1364.04
2025-02-26,1362.98
2025-02-25,1361.92
2025-02-24,1358.75
2025-02-23,1358.75
2025-02-22,1358.75
2025-02-21,1357.69
2025-02-20,1356.64
2025-02-19,1355.59
2025-02-18,1354.53
2025-02-17,1351.27
2025-02-16,1351.27
2025-02-15,1351.27
2025-02-14,1350.11
2025-02-13,1348.95
2025-02-12,1347.79
2025-02-11,1346.63
2025-02-10,1343.16
2025-02-09,1343.16
2025-02-08,1343.16
2025-02-07,1342.01
2025-02-06,1340.86
2025-02-05,1339.7
2025-02-04,1338.55
2025-02-03,1335.11
2025-02-02,1335.11
2025-02-01,1335.11
2025-01-31,1333.96
2025-01-30,1332.81
2025-01-29,1331.67
2025-01-28,1330.52
2025-01-27,1327.1
2025-01-26,1327.1
2025-01-25,1327.1
2025-01-24,1325.96
2025-01-23,1324.82
2025-01-22,1323.68
2025-01-21,1322.54
2025-01-20,1319.14
2025-01-19,1319.14
2025-01-18,1319.14
2025-01-17,1318.01
2025-01-16,1316.87
2025-01-15,1315.87
2025-01-14,1314.86
2025-01-13,1311.85
2025-01-12,1311.85
2025-01-11,1311.85
2025-01-10,1310.84
2025-01-09,1309.84
2025-01-08,1308.84
2025-01-07,1307.84
2025-01-06,1304.84
2025-01-05,1304.84
2025-01-04,1304.84
2025-01-03,1303.84
2025-01-02,1301.85
2025-01-01,1301.85
2024-12-31,1300.85
2024-12-30,1297.87
2024-12-29,1297.87
2024-12-28,1297.87
2024-12-27,1296.88
2024-12-26,1294.89
2024-12-25,1294.89
2024-12-24,1293.9
2024-12-23,1290.94
2024-12-22,1290.94
2024-12-21,1290.94
2024-12-20,1289.95
2024-12-19,1288.96
2024-12-18,1287.98
2024-12-17,1286.99
2024-12-16,1283.73
2024-12-15,1283.73
2024-12-14,1283.73
2024-12-13,1282.59
2024-12-12,1281.45
2024-12-11,1280.31
2024-12-10,1279.17
2024-12-09,1275.77
2024-12-08,1275.77
2024-12-07,1275.77
2024-12-06,1274.64
2024-12-05,1273.51
2024-12-04,1272.38
2024-12-03,1271.25
2024-12-02,1267.86
2024-12-01,1267.86
2024-11-30,1267.86
2024-11-29,1266.74
2024-11-28,1265.61
2024-11-27,1264.49
2024-11-26,1263.37
2024-11-25,1260.01
2024-11-24,1260.01
2024-11-23,1260.01
2024-11-22,1258.89
2024-11-21,1257.77
2024-11-20,1256.66
2024-11-19,1252.2
2024-11-18,1252.2
2024-11-17,1252.2
2024-11-16,1252.2
2024-11-15,1250.81
2024-11-14,1249.42
2024-11-13,1248.04
2024-11-12,1246.65
2024-11-11,1242.51
2024-11-10,1242.51
2024-11-09,1242.51
2024-11-08,1241.13
2024-11-07,1238.38
2024-11-06,1238.38
2024-11-05,1237.01
2024-11-04,1232.9
2024-11-03,1232.9
2024-11-02,1232.9
2024-11-01,1231.53
2024-10-31,1230.16
2024-10-30,1228.8
2024-10-29,1227.43
2024-10-28,1223.36
2024-10-27,1223.36
2024-10-26,1223.36
2024-10-25,1222
2024-10-24,1220.64
2024-10-23,1219.29
2024-10-22,1217.94
2024-10-21,1213.89
2024-10-20,1213.89
2024-10-19,1213.89
2024-10-18,1212.54
2024-10-17,1211.2
2024-10-16,1209.85
2024-10-15,1208.2
2024-10-14,1201.59
2024-10-13,1201.59
2024-10-12,1201.59
2024-10-11,1201.59
2024-10-10,1199.94
2024-10-09,1198.3
2024-10-08,1196.65
2024-10-07,1191.74
2024-10-06,1191.74
2024-10-05,1191.74
2024-10-04,1190.11
2024-10-03,1188.48
2024-10-02,1186.85
2024-10-01,1185.22
2024-09-30,1180.35
2024-09-29,1180.35
2024-09-28,1180.35
2024-09-27,1178.74
2024-09-26,1177.12
2024-09-25,1175.51
2024-09-24,1173.9
2024-09-23,1169.08
2024-09-22,1169.08
2024-09-21,1169.08
2024-09-20,1167.48
2024-09-19,1165.88
2024-09-18,1164.28
2024-09-17,1162.68
2024-09-16,1158.15
2024-09-15,1158.15
2024-09-14,1158.15
2024-09-13,1156.69
2024-09-12,1155.23
2024-09-11,1153.77
2024-09-10,1152.31
2024-09-09,1147.94
2024-09-08,1147.94
2024-09-07,1147.94
2024-09-06,1146.49
2024-09-05,1145.04
2024-09-04,1143.59
2024-09-03,1142.15
2024-09-02,1137.82
2024-09-01,1137.82
2024-08-31,1137.82
2024-08-30,1136.38
2024-08-29,1134.95
2024-08-28,1133.51
2024-08-27,1132.08
2024-08-26,1127.79
2024-08-25,1127.79
2024-08-24,1127.79
2024-08-23,1126.36
2024-08-22,1124.94
2024-08-21,1123.52
2024-08-20,1122.1
2024-08-19,1117.84
2024-08-18,1117.84
2024-08-17,1117.84
2024-08-16,1116.43
2024-08-15,1114.81
2024-08-14,1113.2
2024-08-13,1111.58
2024-08-12,1106.76
2024-08-11,1106.76
2024-08-10,1106.76
2024-08-09,1105.15
2024-08-08,1103.55
2024-08-07,1101.95
2024-08-06,1100.35
2024-08-05,1095.57
2024-08-04,1095.57
2024-08-03,1095.57
2024-08-02,1093.98
2024-08-01,1092.4
2024-07-31,1090.82
2024-07-30,1089.23
2024-07-29,1084.5
2024-07-28,1084.5
2024-07-27,1084.5
2024-07-26,1082.93
2024-07-25,1081.36
2024-07-24,1079.79
2024-07-23,1078.23
2024-07-22,1073.55
2024-07-21,1073.55
2024-07-20,1073.55
2024-07-19,1071.99
2024-07-18,1070.44
2024-07-17,1068.88
2024-07-16,1067.33
2024-07-15,1062.95
2024-07-14,1062.95
2024-07-13,1062.95
2024-07-12,1061.5
2024-07-11,1060.04
2024-07-10,1057.14
2024-07-09,1057.14
2024-07-08,1052.8
2024-07-07,1052.8
2024-07-06,1052.8
2024-07-05,1051.35
2024-07-04,1049.91
2024-07-03,1048.47
2024-07-02,1047.04
2024-07-01,1042.74
2024-06-30,1042.74
2024-06-29,1042.74
2024-06-28,1041.31
2024-06-27,1039.88
2024-06-26,1038.46
2024-06-25,1037.03
2024-06-24,1029.95
2024-06-23,1029.95
2024-06-22,1029.95
2024-06-21,1029.95
2024-06-20,1029.95
2024-06-19,1028.54
2024-06-18,1021.53
2024-06-17,1021.53
2024-06-16,1021.53
2024-06-15,1021.53
2024-06-14,1018.75
2024-06-13,1015.99
2024-06-12,1013.23
2024-06-11,1010.47
2024-06-10,1002.26
2024-06-09,1002.26
2024-06-08,1002.26
2024-06-07,999.54
2024-06-06,996.82
2024-06-05,994.11
2024-06-04,991.41
2024-06-03,983.35
2024-06-02,983.35
2024-06-01,983.35
2024-05-31,980.68
2024-05-30,978.02
2024-05-29,975.36
2024-05-28,972.71
2024-05-27,964.8
2024-05-26,964.8
2024-05-25,964.8
2024-05-24,962.18
2024-05-23,959.57
2024-05-22,956.96
2024-05-21,954.36
2024-05-20,946.6
2024-05-19,946.6
2024-05-18,946.6
2024-05-17,944.03
2024-05-16,941.46
2024-05-15,938.19
2024-05-14,934.94
2024-05-13,925.23
2024-05-12,925.23
2024-05-11,925.23
2024-05-10,922.02
2024-05-09,918.82
2024-05-08,915.62
2024-05-07,912.45
2024-05-06,902.97
2024-05-05,902.97
2024-05-04,902.97
2024-05-03,899.84
2024-05-02,893.6
2024-05-01,893.6
2024-04-30,890.49
2024-04-29,881.25
2024-04-28,881.25
2024-04-27,881.25
2024-04-26,878.19
2024-04-25,875.14
2024-04-24,872.1
2024-04-23,869.07
2024-04-22,860.05
2024-04-21,860.05
2024-04-20,860.05
2024-04-19,857.06
2024-04-18,854.09
2024-04-17,851.12
2024-04-16,848.17
2024-04-15,838.05
2024-04-14,838.05
2024-04-13,838.05
2024-04-12,834.7
2024-04-11,831.37
2024-04-10,828.05
2024-04-09,824.75
2024-04-08,814.91
2024-04-07,814.91
2024-04-06,814.91
2024-04-05,811.66
2024-04-04,808.42
2024-04-03,786.1
2024-04-02,786.1
2024-04-01,786.1
2024-03-31,786.1
2024-03-30,786.1
2024-03-29,786.1
2024-03-28,786.1
2024-03-27,782.96
2024-03-26,779.84
2024-03-25,770.54
2024-03-24,770.54
2024-03-23,770.54
2024-03-22,767.46
2024-03-21,764.4
2024-03-20,761.35
2024-03-19,758.31
2024-03-18,749.26
2024-03-17,749.26
2024-03-16,749.26
2024-03-15,744.44
2024-03-14,739.65
2024-03-13,734.88
2024-03-12,730.15
2024-03-11,716.14
2024-03-10,716.14
2024-03-09,716.14
2024-03-08,711.53
2024-03-07,706.95
2024-03-06,702.4
2024-03-05,697.88
2024-03-04,684.48
2024-03-03,684.48
2024-03-02,684.48
2024-03-01,680.08
2024-02-29,675.7
2024-02-28,671.35
2024-02-27,667.03
2024-02-26,654.23
2024-02-25,654.23
2024-02-24,654.23
2024-02-23,650.01
2024-02-22,645.83
2024-02-21,641.67
2024-02-20,637.54
2024-02-19,625.31
2024-02-18,625.31
2024-02-17,625.31
2024-02-16,621.28
2024-02-15,616.74
2024-02-14,594.56
2024-02-13,594.56
2024-02-12,594.56
2024-02-11,594.56
2024-02-10,594.56
2024-02-09,590.22
2024-02-08,585.91
2024-02-07,581.63
2024-02-06,577.39
2024-02-05,564.83
2024-02-04,564.83
2024-02-03,564.83
2024-02-02,560.71
2024-02-01,556.62
2024-01-31,552.55
2024-01-30,548.52
2024-01-29,536.59
2024-01-28,536.59
2024-01-27,536.59
2024-01-26,532.68
2024-01-25,528.79
2024-01-24,524.93
2024-01-23,521.1
2024-01-22,509.77
2024-01-21,509.77
2024-01-20,509.77
2024-01-19,506.05
2024-01-18,502.35
2024-01-17,498.68
2024-01-16,495.04
2024-01-15,489.31
2024-01-14,489.31
2024-01-13,489.31
2024-01-12,487.41
2024-01-11,485.52
2024-01-10,483.64
2024-01-09,481.76
2024-01-08,476.18
2024-01-07,476.18
2024-01-06,476.18
2024-01-05,474.33
2024-01-04,472.49
2024-01-03,470.66
2024-01-02,463.4
2024-01-01,463.4
2023-12-31,463.4
2023-12-30,463.4
2023-12-29,461.6
2023-12-28,459.81
2023-12-27,458.03
2023-12-26,450.97
2023-12-25,450.97
2023-12-24,450.97
2023-12-23,450.97
2023-12-22,449.22
2023-12-21,447.48
2023-12-20,445.74
2023-12-19,444.01
2023-12-18,438.87
2023-12-17,438.87
2023-12-16,438.87
2023-12-15,437.7
2023-12-14,436.54
2023-12-13,435.38
2023-12-12,434.23
2023-12-11,429.64
2023-12-10,429.64
2023-12-09,429.64
2023-12-08,429.64
2023-12-07,428.49
2023-12-06,427.36
2023-12-05,426.22
2023-12-04,422.84
2023-12-03,422.84
2023-12-02,422.84
2023-12-01,421.72
2023-11-30,420.6
2023-11-29,419.48
2023-11-28,418.37
2023-11-27,415.04
2023-11-26,415.04
2023-11-25,415.04
2023-11-24,413.94
2023-11-23,412.84
2023-11-22,411.75
2023-11-21,407.39
2023-11-20,407.39
2023-11-19,407.39
2023-11-18,407.39
2023-11-17,406.31
2023-11-16,405.23
2023-11-15,403.67
2023-11-14,402.12
2023-11-13,397.49
2023-11-12,397.49
2023-11-11,397.49
2023-11-10,395.96
2023-11-09,394.44
2023-11-08,392.92
2023-11-07,386.91
2023-11-06,386.91
2023-11-05,386.91
2023-11-04,386.91
2023-11-03,385.42
2023-11-02,383.93
2023-11-01,382.46
2023-10-31,380.98
2023-10-30,376.6
2023-10-29,376.6
2023-10-28,376.6
2023-10-27,375.15
2023-10-26,373.71
2023-10-25,372.27
2023-10-24,370.84
2023-10-23,366.57
2023-10-22,366.57
2023-10-21,366.57
2023-10-20,365.16
2023-10-19,363.75
2023-10-18,362.35
2023-10-17,355.39
2023-10-16,355.39
2023-10-15,355.39
2023-10-14,355.39
2023-10-13,355.39
2023-10-12,354.01
2023-10-11,352.63
2023-10-10,351.26
2023-10-09,347.18
2023-10-08,347.18
2023-10-07,347.18
2023-10-06,345.83
2023-10-05,344.48
2023-10-04,343.14
2023-10-03,341.81
2023-10-02,337.84
2023-10-01,337.84
2023-09-30,337.84
2023-09-29,336.52
2023-09-28,335.21
2023-09-27,333.91
2023-09-26,332.61
2023-09-25,328.75
2023-09-24,328.75
2023-09-23,328.75
2023-09-22,327.47
2023-09-21,326.19
2023-09-20,324.93
2023-09-19,323.66
2023-09-18,319.9
2023-09-17,319.9
2023-09-16,319.9
2023-09-15,319.27
2023-09-14,318.64
2023-09-13,318.02
2023-09-12,317.39
2023-09-11,315.52
2023-09-10,315.52
2023-09-09,315.52
2023-09-08,314.9
2023-09-07,314.28
2023-09-06,313.66
2023-09-05,313.04
2023-09-04,311.2
2023-09-03,311.2
2023-09-02,311.2
2023-09-01,310.58
2023-08-31,309.97
2023-08-30,309.36
2023-08-29,308.75
2023-08-28,306.93
2023-08-27,306.93
2023-08-26,306.93
2023-08-25,306.33
2023-08-24,305.72
2023-08-23,305.12
2023-08-22,302.73
2023-08-21,302.73
2023-08-20,302.73
2023-08-19,302.73
2023-08-18,302.13
2023-08-17,301.54
2023-08-16,300.94
2023-08-15,300.38
2023-08-14,298.69
2023-08-13,298.69
2023-08-12,298.69
2023-08-11,298.13
2023-08-10,297.57
2023-08-09,297.01
2023-08-08,296.45
2023-08-07,294.78
2023-08-06,294.78
2023-08-05,294.78
2023-08-04,294.23
2023-08-03,293.68
2023-08-02,293.13
2023-08-01,292.58
2023-07-31,290.93
2023-07-30,290.93
2023-07-29,290.93
2023-07-28,290.38
2023-07-27,289.84
2023-07-26,289.29
2023-07-25,288.75
2023-07-24,287.13
2023-07-23,287.13
2023-07-22,287.13
2023-07-21,286.59
2023-07-20,286.05
2023-07-19,285.51
2023-07-18,284.98
2023-07-17,283.2
2023-07-16,283.2
2023-07-15,283.2
2023-07-14,282.49
2023-07-13,281.78
2023-07-12,281.08
2023-07-11,280.38
2023-07-10,278.28
2023-07-09,278.28
2023-07-08,278.28
2023-07-07,277.58
2023-07-06,276.89
2023-07-05,276.2
2023-07-04,275.5
2023-07-03,273.44
2023-07-02,273.44
2023-07-01,273.44
2023-06-30,272.76
2023-06-29,272.08
2023-06-28,271.4
2023-06-27,270.72
2023-06-26,268.69
2023-06-25,268.69
2023-06-24,268.69
2023-06-23,268.02
2023-06-22,267.35
2023-06-21,264.02
2023-06-20,264.02
2023-06-19,264.02
2023-06-18,264.02
2023-06-17,264.02
2023-06-16,263.36
2023-06-15,262.68
2023-06-14,262
2023-06-13,261.32
2023-06-12,259.29
2023-06-11,259.29
2023-06-10,259.29
2023-06-09,258.61
2023-06-08,257.94
2023-06-07,257.27
2023-06-06,256.6
2023-06-05,254.61
2023-06-04,254.61
2023-06-03,254.61
2023-06-02,253.94
2023-06-01,253.28
2023-05-31,252.63
2023-05-30,251.97
2023-05-29,248.71
2023-05-28,248.71
2023-05-27,248.71
2023-05-26,248.71
2023-05-25,248.71
2023-05-24,248.07
2023-05-23,247.42
2023-05-22,245.5
2023-05-21,245.5
2023-05-20,245.5
2023-05-19,244.86
2023-05-18,244.22
2023-05-17,243.59
2023-05-16,242.96
2023-05-15,241.16
2023-05-14,241.16
2023-05-13,241.16
2023-05-12,240.57
2023-05-11,239.97
2023-05-10,239.38
2023-05-09,238.79
2023-05-08,237.02
2023-05-07,237.02
2023-05-06,237.02
2023-05-05,236.44
2023-05-04,235.85
2023-05-03,235.27
2023-05-02,232.96
2023-05-01,232.96
2023-04-30,232.96
2023-04-29,232.96
2023-04-28,232.38
2023-04-27,231.81
2023-04-26,231.23
2023-04-25,230.66
2023-04-24,228.96
2023-04-23,228.96
2023-04-22,228.96
2023-04-21,228.39
2023-04-20,227.83
2023-04-19,227.27
2023-04-18,226.7
2023-04-17,225.12
2023-04-16,225.12
2023-04-15,225.12
2023-04-14,224.66
2023-04-13,224.2
2023-04-12,223.73
2023-04-11,223.27
2023-04-10,220.98
2023-04-09,220.98
2023-04-08,220.98
2023-04-07,220.98
2023-04-06,220.98
2023-04-05,220.53
2023-04-04,220.07
2023-04-03,218.72
2023-04-02,218.72
2023-04-01,218.72
2023-03-31,218.27
2023-03-30,217.82
2023-03-29,217.37
2023-03-28,216.92
2023-03-27,215.14
2023-03-26,215.14
2023-03-25,215.14
2023-03-24,215.14
2023-03-23,214.7
2023-03-22,214.25
2023-03-21,213.81
2023-03-20,212.49
2023-03-19,212.49
2023-03-18,212.49
2023-03-17,212.06
2023-03-16,211.62
2023-03-15,211.18
2023-03-14,210.74
2023-03-13,209.43
2023-03-12,209.43
2023-03-11,209.43
2023-03-10,208.99
2023-03-09,208.56
2023-03-08,208.13
2023-03-07,207.69
2023-03-06,206.4
2023-03-05,206.4
2023-03-04,206.4
2023-03-03,205.97
2023-03-02,205.54
2023-03-01,205.12
2023-02-28,204.69
2023-02-27,203.42
2023-02-26,203.42
2023-02-25,203.42
2023-02-24,202.99
2023-02-23,202.57
2023-02-22,200.47
2023-02-21,200.47
2023-02-20,200.47
2023-02-19,200.47
2023-02-18,200.47
2023-02-17,200.06
2023-02-16,199.64
2023-02-15,199.32
2023-02-14,199
2023-02-13,198.05
2023-02-12,198.05
2023-02-11,198.05
2023-02-10,197.73
2023-02-09,197.41
2023-02-08,197.09
2023-02-07,196.78
2023-02-06,195.83
2023-02-05,195.83
2023-02-04,195.83
2023-02-03,195.52
2023-02-02,195.21
2023-02-01,194.89
2023-01-31,194.58
2023-01-30,193.65
2023-01-29,193.65
2023-01-28,193.65
2023-01-27,193.34
2023-01-26,193.03
2023-01-25,192.72
2023-01-24,192.41
2023-01-23,191.48
2023-01-22,191.48
2023-01-21,191.48
2023-01-20,191.18
2023-01-19,190.87
2023-01-18,190.56
2023-01-17,190.26
2023-01-16,189.37
2023-01-15,189.37
2023-01-14,189.37
2023-01-13,189.08
2023-01-12,188.78
2023-01-11,188.49
2023-01-10,188.2
2023-01-09,187.33
2023-01-08,187.33
2023-01-07,187.33
2023-01-06,187.04
2023-01-05,186.76
2023-01-04,186.47
2023-01-03,186.18
2023-01-02,185.32
2023-01-01,185.32
2022-12-31,185.32
2022-12-30,185.03
2022-12-29,184.75
2022-12-28,184.46
2022-12-27,184.18
2022-12-26,183.33
2022-12-25,183.33
2022-12-24,183.33
2022-12-23,183.05
2022-12-22,182.76
2022-12-21,182.48
2022-12-20,182.2
2022-12-19,181.36
2022-12-18,181.36
2022-12-17,181.36
2022-12-16,181.08
2022-12-15,180.71
2022-12-14,180.34
2022-12-13,179.98
2022-12-12,178.15
2022-12-11,178.15
2022-12-10,178.15
2022-12-09,178.15
2022-12-08,178.15
2022-12-07,177.79
2022-12-06,177.43
2022-12-05,176.35
2022-12-04,176.35
2022-12-03,176.35
2022-12-02,175.99
2022-12-01,175.63
2022-11-30,175.28
2022-11-29,174.92
2022-11-28,173.85
2022-11-27,173.85
2022-11-26,173.85
2022-11-25,173.5
2022-11-24,173.15
2022-11-23,172.79
2022-11-22,171.39
2022-11-21,171.39
2022-11-20,171.39
2022-11-19,171.39
2022-11-18,171.04
2022-11-17,170.7
2022-11-16,170.35
2022-11-15,170.02
2022-11-14,169.03
2022-11-13,169.03
2022-11-12,169.03
2022-11-11,168.7
2022-11-10,168.38
2022-11-09,168.05
2022-11-08,167.72
2022-11-07,166.75
2022-11-06,166.75
2022-11-05,166.75
2022-11-04,166.43
2022-11-03,166.1
2022-11-02,165.78
2022-11-01,165.46
2022-10-31,164.5
2022-10-30,164.5
2022-10-29,164.5
2022-10-28,164.18
2022-10-27,163.86
2022-10-26,163.55
2022-10-25,163.23
2022-10-24,162.28
2022-10-23,162.28
2022-10-22,162.28
2022-10-21,161.97
2022-10-20,161.65
2022-10-19,161.34
2022-10-18,161.03
2022-10-17,160.04
2022-10-16,160.04
2022-10-15,160.04
2022-10-14,159.68
2022-10-13,159.32
2022-10-12,158.96
2022-10-11,157.18
2022-10-10,157.18
2022-10-09,157.18
2022-10-08,157.18
2022-10-07,157.18
2022-10-06,156.83
2022-10-05,156.47
2022-10-04,156.12
2022-10-03,155.07
2022-10-02,155.07
2022-10-01,155.07
2022-09-30,154.72
2022-09-29,154.37
2022-09-28,154.02
2022-09-27,153.68
2022-09-26,152.64
2022-09-25,152.64
2022-09-24,152.64
2022-09-23,152.3
2022-09-22,151.95
2022-09-21,151.61
2022-09-20,151.27
2022-09-19,150.25
2022-09-18,150.25
2022-09-17,150.25
2022-09-16,149.91
2022-09-15,149.56
2022-09-14,149.22
2022-09-13,148.88
2022-09-12,147.85
2022-09-11,147.85
2022-09-10,147.85
2022-09-09,147.51
2022-09-08,147.17
2022-09-07,146.83
2022-09-06,146.5
2022-09-05,145.49
2022-09-04,145.49
2022-09-03,145.49
2022-09-02,145.15
2022-09-01,144.82
2022-08-31,144.49
2022-08-30,144.15
2022-08-29,143.16
2022-08-28,143.16
2022-08-27,143.16
2022-08-26,142.83
2022-08-25,142.5
2022-08-24,142.18
2022-08-23,141.85
2022-08-22,140.87
2022-08-21,140.87
2022-08-20,140.87
2022-08-19,140.55
2022-08-18,140.23
2022-08-17,139.9
2022-08-16,138.88
2022-08-15,138.88
2022-08-14,138.88
2022-08-13,138.88
2022-08-12,138.65
2022-08-11,138.42
2022-08-10,138.19
2022-08-09,137.96
2022-08-08,137.27
2022-08-07,137.27
2022-08-06,137.27
2022-08-05,137.05
2022-08-04,136.82
2022-08-03,136.59
2022-08-02,136.36
2022-08-01,135.68
2022-07-31,135.68
2022-07-30,135.68
2022-07-29,135.46
2022-07-28,135.23
2022-07-27,135.01
2022-07-26,134.78
2022-07-25,134.11
2022-07-24,134.11
2022-07-23,134.11
2022-07-22,133.89
2022-07-21,133.66
2022-07-20,133.44
2022-07-19,133.22
2022-07-18,132.56
2022-07-17,132.56
2022-07-16,132.56
2022-07-15,132.34
2022-07-14,132.12
2022-07-13,131.9
2022-07-12,131.68
2022-07-11,131.03
2022-07-10,131.03
2022-07-09,131.03
2022-07-08,130.81
2022-07-07,130.59
2022-07-06,130.38
2022-07-05,130.16
2022-07-04,129.51
2022-07-03,129.51
2022-07-02,129.51
2022-07-01,129.3
2022-06-30,129.08
2022-06-29,128.87
2022-06-28,128.66
2022-06-27,128.02
2022-06-26,128.02
2022-06-25,128.02
2022-06-24,127.81
2022-06-23,127.6
2022-06-22,127.38
2022-06-21,126.33
2022-06-20,126.33
2022-06-19,126.33
2022-06-18,126.33
2022-06-17,126.33
2022-06-16,126.12
2022-06-15,125.89
2022-06-14,125.65
2022-06-13,124.94
2022-06-12,124.94
2022-06-11,124.94
2022-06-10,124.71
2022-06-09,124.47
2022-06-08,124.24
2022-06-07,124.01
2022-06-06,123.31
2022-06-05,123.31
2022-06-04,123.31
2022-06-03,123.08
2022-06-02,122.85
2022-06-01,122.62
2022-05-31,122.39
2022-05-30,121.7
2022-05-29,121.7
2022-05-28,121.7
2022-05-27,121.47
2022-05-26,121.01
2022-05-25,121.01
2022-05-24,120.79
2022-05-23,120.11
2022-05-22,120.11
2022-05-21,120.11
2022-05-20,119.88
2022-05-19,119.43
2022-05-18,119.43
2022-05-17,119.21
2022-05-16,118.47
2022-05-15,118.47
2022-05-14,118.47
2022-05-13,118.21
2022-05-12,117.96
2022-05-11,117.7
2022-05-10,117.45
2022-05-09,116.69
2022-05-08,116.69
2022-05-07,116.69
2022-05-06,116.44
2022-05-05,116.19
2022-05-04,115.94
2022-05-03,115.69
2022-05-02,114.94
2022-05-01,114.94
2022-04-30,114.94
2022-04-29,114.69
2022-04-28,114.44
2022-04-27,114.2
2022-04-26,113.95
2022-04-25,113.21
2022-04-24,113.21
2022-04-23,113.21
2022-04-22,112.97
2022-04-21,112.72
2022-04-20,112.48
2022-04-19,112.24
2022-04-18,111.18
2022-04-17,111.18
2022-04-16,111.18
2022-04-15,111.18
2022-04-14,111.18
2022-04-13,111.02
2022-04-12,110.85
2022-04-11,110.36
2022-04-10,110.36
2022-04-09,110.36
2022-04-08,110.2
2022-04-07,110.04
2022-04-06,109.87
2022-04-05,109.71
2022-04-04,109.22
2022-04-03,109.22
2022-04-02,109.22
2022-04-01,109.06
2022-03-31,108.9
2022-03-30,108.74
2022-03-29,108.58
2022-03-28,108.1
2022-03-27,108.1
2022-03-26,108.1
2022-03-25,107.78
2022-03-24,107.78
2022-03-23,107.62
2022-03-22,107.46
2022-03-21,106.98
2022-03-20,106.98
2022-03-19,106.98
2022-03-18,106.82
2022-03-17,106.66
2022-03-16,106.51
2022-03-15,106.36
2022-03-14,105.93
2022-03-13,105.93
2022-03-12,105.93
2022-03-11,105.78
2022-03-10,105.64
2022-03-09,105.49
2022-03-08,105.35
2022-03-07,104.92
2022-03-06,104.92
2022-03-05,104.92
2022-03-04,104.77
2022-03-03,104.63
2022-03-02,103.92
2022-03-01,103.92
2022-02-28,103.92
2022-02-27,103.92
2022-02-26,103.92
2022-02-25,103.78
2022-02-24,103.64
2022-02-23,103.49
2022-02-22,103.35
2022-02-21,102.93
2022-02-20,102.93
2022-02-19,102.93
2022-02-18,102.79
2022-02-17,102.65
2022-02-16,102.51
2022-02-15,102.39
2022-02-14,102.02
2022-02-13,102.02
2022-02-12,102.02
2022-02-11,101.89
2022-02-10,101.77
2022-02-09,101.65
2022-02-08,101.53
2022-02-07,101.16
2022-02-06,101.16
2022-02-05,101.16
2022-02-04,101.04
2022-02-03,100.92
2022-02-02,100.8
2022-02-01,100.68
2022-01-31,100.31
2022-01-30,100.31
2022-01-29,100.31
2022-01-28,100.19
2022-01-27,100.07
2022-01-26,99.95
2022-01-25,99.83
2022-01-24,99.47
2022-01-23,99.47
2022-01-22,99.47
2022-01-21,99.35
2022-01-20,99.23
2022-01-19,99.11
2022-01-18,98.99
2022-01-17,98.68
2022-01-16,98.68
2022-01-15,98.68
2022-01-14,98.6
2022-01-13,98.52
2022-01-12,98.44
2022-01-11,98.36
2022-01-10,98.13
2022-01-09,98.13
2022-01-08,98.13
2022-01-07,98.05
2022-01-06,97.97
2022-01-05,97.89
2022-01-04,97.82
2022-01-03,97.58
2022-01-02,97.58
2022-01-01,97.58
2021-12-31,97.51
2021-12-30,97.43
2021-12-29,97.35
2021-12-28,97.27
2021-12-27,97.04
2021-12-26,97.04
2021-12-25,97.04
2021-12-24,96.96
2021-12-23,96.89
2021-12-22,96.81
2021-12-21,96.73
2021-12-20,96.5
2021-12-19,96.5
2021-12-18,96.5
2021-12-17,96.42
2021-12-16,96.35
2021-12-15,96.24
2021-12-14,96.13
2021-12-13,95.8
2021-12-12,95.8
2021-12-11,95.8
2021-12-10,95.69
2021-12-09,95.47
2021-12-08,95.47
2021-12-07,95.36
2021-12-06,95.03
2021-12-05,95.03
2021-12-04,95.03
2021-12-03,94.92
2021-12-02,94.81
2021-12-01,94.7
2021-11-30,94.6
2021-11-29,94.27
2021-11-28,94.27
2021-11-27,94.27
2021-11-26,94.16
2021-11-25,94.06
2021-11-24,93.95
2021-11-23,93.52
2021-11-22,93.52
2021-11-21,93.52
2021-11-20,93.52
2021-11-19,93.41
2021-11-18,93.3
2021-11-17,93.2
2021-11-16,93.09
2021-11-15,92.78
2021-11-14,92.78
2021-11-13,92.78
2021-11-12,92.68
2021-11-11,92.57
2021-11-10,92.47
2021-11-09,92.37
2021-11-08,92.06
2021-11-07,92.06
2021-11-06,92.06
2021-11-05,91.96
2021-11-04,91.86
2021-11-03,91.76
2021-11-02,91.65
2021-11-01,91.35
2021-10-31,91.35
2021-10-30,91.35
2021-10-29,91.25
2021-10-28,91.15
2021-10-27,91.05
2021-10-26,90.95
2021-10-25,90.64
2021-10-24,90.64
2021-10-23,90.64
2021-10-22,90.54
2021-10-21,90.44
2021-10-20,90.34
2021-10-19,90.24
2021-10-18,89.94
2021-10-17,89.94
2021-10-16,89.94
2021-10-15,89.87
2021-10-14,89.79
2021-10-13,89.72
2021-10-12,89.35
2021-10-11,89.35
2021-10-10,89.35
2021-10-09,89.35
2021-10-08,89.35
2021-10-07,89.28
2021-10-06,89.2
2021-10-05,89.13
2021-10-04,88.91
2021-10-03,88.91
2021-10-02,88.91
2021-10-01,88.84
2021-09-30,88.76
2021-09-29,88.69
2021-09-28,88.62
2021-09-27,88.4
2021-09-26,88.4
2021-09-25,88.4
2021-09-24,88.33
2021-09-23,88.25
2021-09-22,88.18
2021-09-21,88.11
2021-09-20,87.89
2021-09-19,87.89
2021-09-18,87.89
2021-09-17,87.82
2021-09-16,87.75
2021-09-15,87.66
2021-09-14,87.58
2021-09-13,87.33
2021-09-12,87.33
2021-09-11,87.33
2021-09-10,87.25
2021-09-09,87.16
2021-09-08,87.08
2021-09-07,87
2021-09-06,86.75
2021-09-05,86.75
2021-09-04,86.75
2021-09-03,86.67
2021-09-02,86.58
2021-09-01,86.5
2021-08-31,86.42
2021-08-30,86.17
2021-08-29,86.17
2021-08-28,86.17
2021-08-27,86.09
2021-08-26,86.01
2021-08-25,85.93
2021-08-24,85.84
2021-08-23,85.6
2021-08-22,85.6
2021-08-21,85.6
2021-08-20,85.52
2021-08-19,85.44
2021-08-18,85.35
2021-08-17,85.02
2021-08-16,85.02
2021-08-15,85.02
2021-08-14,85.02
2021-08-13,84.93
2021-08-12,84.85
2021-08-11,84.76
2021-08-10,84.67
2021-08-09,84.42
2021-08-08,84.42
2021-08-07,84.42
2021-08-06,84.33
2021-08-05,84.25
2021-08-04,84.16
2021-08-03,84.07
2021-08-02,83.82
2021-08-01,83.82
2021-07-31,83.82
2021-07-30,83.73
2021-07-29,83.65
2021-07-28,83.56
2021-07-27,83.48
2021-07-26,83.22
2021-07-25,83.22
2021-07-24,83.22
2021-07-23,83.14
2021-07-22,83.06
2021-07-21,82.97
2021-07-20,82.89
2021-07-19,82.63
2021-07-18,82.63
2021-07-17,82.63
2021-07-16,82.55
2021-07-15,82.46
2021-07-14,82.37
2021-07-13,82.28
2021-07-12,81.93
2021-07-11,81.93
2021-07-10,81.93
2021-07-09,81.93
2021-07-08,81.84
2021-07-07,81.75
2021-07-06,81.66
2021-07-05,81.4
2021-07-04,81.4
2021-07-03,81.4
2021-07-02,81.31
2021-07-01,81.22
2021-06-30,81.13
2021-06-29,81.05
2021-06-28,80.78
2021-06-27,80.78
2021-06-26,80.78
2021-06-25,80.7
2021-06-24,80.61
2021-06-23,80.52
2021-06-22,80.17
2021-06-21,80.17
2021-06-20,80.17
2021-06-19,80.17
2021-06-18,80.09
2021-06-17,80
2021-06-16,79.91
2021-06-15,79.81
2021-06-14,79.5
2021-06-13,79.5
2021-06-12,79.5
2021-06-11,79.4
2021-06-10,79.29
2021-06-09,79.19
2021-06-08,79.09
2021-06-07,78.78
2021-06-06,78.78
2021-06-05,78.78
2021-06-04,78.68
2021-06-03,78.58
2021-06-02,78.48
2021-06-01,78.37
2021-05-31,78.07
2021-05-30,78.07
2021-05-29,78.07
2021-05-28,77.97
2021-05-27,77.87
2021-05-26,77.37
2021-05-25,77.37
2021-05-24,77.37
2021-05-23,77.37
2021-05-22,77.37
2021-05-21,77.26
2021-05-20,77.16
2021-05-19,77.06
2021-05-18,76.97
2021-05-17,76.65
2021-05-16,76.65
2021-05-15,76.65
2021-05-14,76.53
2021-05-13,76.41
2021-05-12,76.29
2021-05-11,76.17
2021-05-10,75.81
2021-05-09,75.81
2021-05-08,75.81
2021-05-07,75.69
2021-05-06,75.58
2021-05-05,75.46
2021-05-04,75.34
2021-05-03,74.99
2021-05-02,74.99
2021-05-01,74.99
2021-04-30,74.87
2021-04-29,74.75
2021-04-28,74.64
2021-04-27,74.52
2021-04-26,74.17
2021-04-25,74.17
2021-04-24,74.17
2021-04-23,74.06
2021-04-22,73.94
2021-04-21,73.82
2021-04-20,73.71
2021-04-19,73.36
2021-04-18,73.36
2021-04-17,73.36
2021-04-16,73.25
2021-04-15,73.17
2021-04-14,73.08
2021-04-13,73
2021-04-12,72.75
2021-04-11,72.75
2021-04-10,72.75
2021-04-09,72.67
2021-04-08,72.58
2021-04-07,72.5
2021-04-06,72.42
2021-04-05,72.01
2021-04-04,72.01
2021-04-03,72.01
2021-04-02,72.01
2021-04-01,72.01
2021-03-31,71.92
2021-03-30,71.84
2021-03-29,71.6
2021-03-28,71.6
2021-03-27,71.6
2021-03-26,71.52
2021-03-25,71.35
2021-03-24,71.35
2021-03-23,71.27
2021-03-22,71.03
2021-03-21,71.03
2021-03-20,71.03
2021-03-19,70.95
2021-03-18,70.87
2021-03-17,70.79
2021-03-16,70.7
2021-03-15,70.41
2021-03-14,70.41
2021-03-13,70.41
2021-03-12,70.31
2021-03-11,70.21
2021-03-10,70.11
2021-03-09,70.01
2021-03-08,69.72
2021-03-07,69.72
2021-03-06,69.72
2021-03-05,69.62
2021-03-04,69.53
2021-03-03,69.43
2021-03-02,69.33
2021-03-01,69.04
2021-02-28,69.04
2021-02-27,69.04
2021-02-26,68.94
2021-02-25,68.85
2021-02-24,68.75
2021-02-23,68.65
2021-02-22,68.37
2021-02-21,68.37
2021-02-20,68.37
2021-02-19,68.27
2021-02-18,68.18
2021-02-17,67.73
2021-02-16,67.73
2021-02-15,67.73
2021-02-14,67.73
2021-02-13,67.73
2021-02-12,67.64
2021-02-11,67.56
2021-02-10,67.47
2021-02-09,67.39
2021-02-08,67.13
2021-02-07,67.13
2021-02-06,67.13
2021-02-05,67.05
2021-02-04,66.96
2021-02-03,66.88
2021-02-02,66.79
2021-02-01,66.54
2021-01-31,66.54
2021-01-30,66.54
2021-01-29,66.45
2021-01-28,66.37
2021-01-27,66.29
2021-01-26,66.2
2021-01-25,65.95
2021-01-24,65.95
2021-01-23,65.95
2021-01-22,65.87
2021-01-21,65.79
2021-01-20,65.7
2021-01-19,65.62
2021-01-18,65.37
2021-01-17,65.37
2021-01-16,65.37
2021-01-15,65.3
2021-01-14,65.24
2021-01-13,65.17
2021-01-12,65.11
2021-01-11,64.91
2021-01-10,64.91
2021-01-09,64.91
2021-01-08,64.84
2021-01-07,64.78
2021-01-06,64.71
2021-01-05,64.64
2021-01-04,64.38
2021-01-03,64.38
2021-01-02,64.38
2021-01-01,64.38
2020-12-31,64.32
2020-12-30,64.25
2020-12-29,64.19
2020-12-28,63.93
2020-12-27,63.93
2020-12-26,63.93
2020-12-25,63.93
2020-12-24,63.86
2020-12-23,63.8
2020-12-22,63.73
2020-12-21,63.54
2020-12-20,63.54
2020-12-19,63.54
2020-12-18,63.47
2020-12-17,63.41
2020-12-16,63.34
2020-12-15,63.26
2020-12-14,63.03
2020-12-13,63.03
2020-12-12,63.03
2020-12-11,62.95
2020-12-10,62.87
2020-12-09,62.48
2020-12-08,62.48
2020-12-07,62.48
2020-12-06,62.48
2020-12-05,62.48
2020-12-04,62.41
2020-12-03,62.33
2020-12-02,62.25
2020-12-01,62.17
2020-11-30,61.94
2020-11-29,61.94
2020-11-28,61.94
2020-11-27,61.86
2020-11-26,61.79
2020-11-25,61.71
2020-11-24,61.4
2020-11-23,61.4
2020-11-22,61.4
2020-11-21,61.4
2020-11-20,61.33
2020-11-19,61.25
2020-11-18,61.18
2020-11-17,61.1
2020-11-16,60.92
2020-11-15,60.92
2020-11-14,60.92
2020-11-13,60.86
2020-11-12,60.81
2020-11-11,60.75
2020-11-10,60.7
2020-11-09,60.48
2020-11-08,60.48
2020-11-07,60.48
2020-11-06,60.48
2020-11-05,60.43
2020-11-04,60.38
2020-11-03,60.32
2020-11-02,60.16
2020-11-01,60.16
2020-10-31,60.16
2020-10-30,60.11
2020-10-29,60.05
2020-10-28,60
2020-10-27,59.95
2020-10-26,59.79
2020-10-25,59.79
2020-10-24,59.79
2020-10-23,59.73
2020-10-22,59.68
2020-10-21,59.63
2020-10-20,59.57
2020-10-19,59.42
2020-10-18,59.42
2020-10-17,59.42
2020-10-16,59.36
2020-10-15,59.31
2020-10-14,59.26
2020-10-13,59.05
2020-10-12,59.05
2020-10-11,59.05
2020-10-10,59.05
2020-10-09,58.99
2020-10-08,58.94
2020-10-07,58.89
2020-10-06,58.84
2020-10-05,58.68
2020-10-04,58.68
2020-10-03,58.68
2020-10-02,58.63
2020-10-01,58.58
2020-09-30,58.52
2020-09-29,58.47
2020-09-28,58.32
2020-09-27,58.32
2020-09-26,58.32
2020-09-25,58.27
2020-09-24,58.21
2020-09-23,58.16
2020-09-22,58.11
2020-09-21,57.96
2020-09-20,57.96
2020-09-19,57.96
2020-09-18,57.9
2020-09-17,57.85
2020-09-16,57.8
2020-09-15,57.77
2020-09-14,57.66
2020-09-13,57.66
2020-09-12,57.66
2020-09-11,57.63
2020-09-10,57.59
2020-09-09,57.56
2020-09-08,57.52
2020-09-07,57.42
2020-09-06,57.42
2020-09-05,57.42
2020-09-04,57.38
2020-09-03,57.35
2020-09-02,57.31
2020-09-01,57.28
2020-08-31,57.17
2020-08-30,57.17
2020-08-29,57.17
2020-08-28,57.14
2020-08-27,57.1
2020-08-26,57.07
2020-08-25,57.03
2020-08-24,56.93
2020-08-23,56.93
2020-08-22,56.93
2020-08-21,56.9
2020-08-20,56.86
2020-08-19,56.83
2020-08-18,56.68
2020-08-17,56.68
2020-08-16,56.68
2020-08-15,56.68
2020-08-14,56.64
2020-08-13,56.6
2020-08-12,56.56
2020-08-11,56.53
2020-08-10,56.41
2020-08-09,56.41
2020-08-08,56.41
2020-08-07,56.37
2020-08-06,56.33
2020-08-05,56.29
2020-08-04,56.25
2020-08-03,56.13
2020-08-02,56.13
2020-08-01,56.13
2020-07-31,56.09
2020-07-30,56.05
2020-07-29,56.01
2020-07-28,55.97
2020-07-27,55.85
2020-07-26,55.85
2020-07-25,55.85
2020-07-24,55.82
2020-07-23,55.78
2020-07-22,55.74
2020-07-21,55.7
2020-07-20,55.58
2020-07-19,55.58
2020-07-18,55.58
2020-07-17,55.54
2020-07-16,55.5
2020-07-15,55.48
2020-07-14,55.45
2020-07-13,55.31
2020-07-12,55.31
2020-07-11,55.31
2020-07-10,55.31
2020-07-09,55.31
2020-07-08,55.28
2020-07-07,55.26
2020-07-06,55.17
2020-07-05,55.17
2020-07-04,55.17
2020-07-03,55.15
2020-07-02,55.12
2020-07-01,55.09
2020-06-30,55.06
2020-06-29,54.98
2020-06-28,54.98
2020-06-27,54.98
2020-06-26,54.95
2020-06-25,54.93
2020-06-24,54.9
2020-06-23,54.87
2020-06-22,54.79
2020-06-21,54.79
2020-06-20,54.79
2020-06-19,54.76
2020-06-18,54.74
2020-06-17,54.71
2020-06-16,54.6
2020-06-15,54.6
2020-06-14,54.6
2020-06-13,54.6
2020-06-12,54.58
2020-06-11,54.55
2020-06-10,54.53
2020-06-09,54.5
2020-06-08,54.42
2020-06-07,54.42
2020-06-06,54.42
2020-06-05,54.39
2020-06-04,54.37
2020-06-03,54.34
2020-06-02,54.32
2020-06-01,54.24
2020-05-31,54.24
2020-05-30,54.24
2020-05-29,54.21
2020-05-28,54.19
2020-05-27,54.16
2020-05-26,54.06
2020-05-25,54.06
2020-05-24,54.06
2020-05-23,54.06
2020-05-22,54.03
2020-05-21,54
2020-05-20,53.98
2020-05-19,53.95
2020-05-18,53.87
2020-05-17,53.87
2020-05-16,53.87
2020-05-15,53.82
2020-05-14,53.76
2020-05-13,53.7
2020-05-12,53.64
2020-05-11,53.47
2020-05-10,53.47
2020-05-09,53.47
2020-05-08,53.41
2020-05-07,53.35
2020-05-06,53.29
2020-05-05,53.24
2020-05-04,53.01
2020-05-03,53.01
2020-05-02,53.01
2020-05-01,53.01
2020-04-30,52.95
2020-04-29,52.89
2020-04-28,52.84
2020-04-27,52.66
2020-04-26,52.66
2020-04-25,52.66
2020-04-24,52.61
2020-04-23,52.55
2020-04-22,52.49
2020-04-21,52.44
2020-04-20,52.27
2020-04-19,52.27
2020-04-18,52.27
2020-04-17,52.21
2020-04-16,52.15
2020-04-15,52.12
2020-04-14,52.09
2020-04-13,51.92
2020-04-12,51.92
2020-04-11,51.92
2020-04-10,51.92
2020-04-09,51.92
2020-04-08,51.89
2020-04-07,51.85
2020-04-06,51.76
2020-04-05,51.76
2020-04-04,51.76
2020-04-03,51.69
2020-04-02,51.69
2020-04-01,51.66
2020-03-31,51.62
2020-03-30,51.52
2020-03-29,51.52
2020-03-28,51.52
2020-03-27,51.49
2020-03-26,51.46
2020-03-25,51.29
2020-03-24,51.29
2020-03-23,51.29
2020-03-22,51.29
2020-03-21,51.29
2020-03-20,51.26
2020-03-19,51.23
2020-03-18,51.2
2020-03-17,51.16
2020-03-16,51.05
2020-03-15,51.05
2020-03-14,51.05
2020-03-13,51.01
2020-03-12,50.97
2020-03-11,50.93
2020-03-10,50.89
2020-03-09,50.77
2020-03-08,50.77
2020-03-07,50.77
2020-03-06,50.73
2020-03-05,50.69
2020-03-04,50.65
2020-03-03,50.61
2020-03-02,50.49
2020-03-01,50.49
2020-02-29,50.49
2020-02-28,50.45
2020-02-27,50.41
2020-02-26,50.22
2020-02-25,50.22
2020-02-24,50.22
2020-02-23,50.22
2020-02-22,50.22
2020-02-21,50.18
2020-02-20,50.14
2020-02-19,50.1
2020-02-18,50.06
2020-02-17,49.92
2020-02-16,49.92
2020-02-15,49.92
2020-02-14,49.86
2020-02-13,49.81
2020-02-12,49.75
2020-02-11,49.69
2020-02-10,49.51
2020-02-09,49.51
2020-02-08,49.51
2020-02-07,49.46
2020-02-06,49.4
2020-02-05,49.34
2020-02-04,49.28
2020-02-03,49.11
2020-02-02,49.11
2020-02-01,49.11
2020-01-31,49.05
2020-01-30,49
2020-01-29,48.94
2020-01-28,48.88
2020-01-27,48.71
2020-01-26,48.71
2020-01-25,48.71
2020-01-24,48.65
2020-01-23,48.59
2020-01-22,48.54
2020-01-21,48.48
2020-01-20,48.31
2020-01-19,48.31
2020-01-18,48.31
2020-01-17,48.25
2020-01-16,48.2
2020-01-15,48.13
2020-01-14,48.07
2020-01-13,47.87
2020-01-12,47.87
2020-01-11,47.87
2020-01-10,47.81
2020-01-09,47.74
2020-01-08,47.68
2020-01-07,47.61
2020-01-06,47.42
2020-01-05,47.42
2020-01-04,47.42
2020-01-03,47.35
2020-01-02,47.23
2020-01-01,47.23
2019-12-31,47.16
2019-12-30,46.97
2019-12-29,46.97
2019-12-28,46.97
2019-12-27,46.91
2019-12-26,46.78
2019-12-25,46.78
2019-12-24,46.72
2019-12-23,46.53
2019-12-22,46.53
2019-12-21,46.53
2019-12-20,46.46
2019-12-19,46.4
2019-12-18,46.34
2019-12-17,46.27
2019-12-16,46.11
2019-12-15,46.11
2019-12-14,46.11
2019-12-13,46.06
2019-12-12,46.01
2019-12-11,45.96
2019-12-10,45.91
2019-12-09,45.76
2019-12-08,45.76
2019-12-07,45.76
2019-12-06,45.71
2019-12-05,45.66
2019-12-04,45.61
2019-12-03,45.57
2019-12-02,45.42
2019-12-01,45.42
2019-11-30,45.42
2019-11-29,45.37
2019-11-28,45.32
2019-11-27,45.27
2019-11-26,45.22
2019-11-25,45.07
2019-11-24,45.07
2019-11-23,45.07
2019-11-22,45.03
2019-11-21,44.98
2019-11-20,44.93
2019-11-19,44.73
2019-11-18,44.73
2019-11-17,44.73
2019-11-16,44.73
2019-11-15,44.65
2019-11-14,44.57
2019-11-13,44.49
2019-11-12,44.4
2019-11-11,44.16
2019-11-10,44.16
2019-11-09,44.16
2019-11-08,44.08
2019-11-07,43.91
2019-11-06,43.91
2019-11-05,43.83
2019-11-04,43.59
2019-11-03,43.59
2019-11-02,43.59
2019-11-01,43.51
2019-10-31,43.43
2019-10-30,43.35
2019-10-29,43.27
2019-10-28,43.03
2019-10-27,43.03
2019-10-26,43.03
2019-10-25,42.95
2019-10-24,42.87
2019-10-23,42.79
2019-10-22,42.71
2019-10-21,42.48
2019-10-20,42.48
2019-10-19,42.48
2019-10-18,42.4
2019-10-17,42.32
2019-10-16,42.24
2019-10-15,42.02
2019-10-14,42.02
2019-10-13,42.02
2019-10-12,42.02
2019-10-11,41.97
2019-10-10,41.91
2019-10-09,41.86
2019-10-08,41.8
2019-10-07,41.64
2019-10-06,41.64
2019-10-05,41.64
2019-10-04,41.58
2019-10-03,41.53
2019-10-02,41.48
2019-10-01,41.42
2019-09-30,41.26
2019-09-29,41.26
2019-09-28,41.26
2019-09-27,41.21
2019-09-26,41.15
2019-09-25,41.1
2019-09-24,41.04
2019-09-23,40.88
2019-09-22,40.88
2019-09-21,40.88
2019-09-20,40.83
2019-09-19,40.78
2019-09-18,40.72
2019-09-17,40.67
2019-09-16,40.56
2019-09-15,40.56
2019-09-14,40.56
2019-09-13,40.53
2019-09-12,40.5
2019-09-11,40.48
2019-09-10,40.45
2019-09-09,40.36
2019-09-08,40.36
2019-09-07,40.36
2019-09-06,40.33
2019-09-05,40.31
2019-09-04,40.28
2019-09-03,40.25
2019-09-02,40.16
2019-09-01,40.16
2019-08-31,40.16
2019-08-30,40.14
2019-08-29,40.11
2019-08-28,40.08
2019-08-27,40.05
2019-08-26,39.97
2019-08-25,39.97
2019-08-24,39.97
2019-08-23,39.94
2019-08-22,39.91
2019-08-21,39.88
2019-08-20,39.77
2019-08-19,39.77
2019-08-18,39.77
2019-08-17,39.77
2019-08-16,39.74
2019-08-15,39.71
2019-08-14,39.67
2019-08-13,39.64
2019-08-12,39.54
2019-08-11,39.54
2019-08-10,39.54
2019-08-09,39.5
2019-08-08,39.47
2019-08-07,39.44
2019-08-06,39.4
2019-08-05,39.3
2019-08-04,39.3
2019-08-03,39.3
2019-08-02,39.27
2019-08-01,39.23
2019-07-31,39.2
2019-07-30,39.17
2019-07-29,39.07
2019-07-28,39.07
2019-07-27,39.07
2019-07-26,39.03
2019-07-25,39
2019-07-24,38.97
2019-07-23,38.93
2019-07-22,38.83
2019-07-21,38.83
2019-07-20,38.83
2019-07-19,38.8
2019-07-18,38.76
2019-07-17,38.73
2019-07-16,38.7
2019-07-15,38.58
2019-07-14,38.58
2019-07-13,38.58
2019-07-12,38.54
2019-07-11,38.5
2019-07-10,38.31
2019-07-09,38.31
2019-07-08,38.31
2019-07-07,38.31
2019-07-06,38.31
2019-07-05,38.27
2019-07-04,38.23
2019-07-03,38.19
2019-07-02,38.15
2019-07-01,38.03
2019-06-30,38.03
2019-06-29,38.03
2019-06-28,38
2019-06-27,37.96
2019-06-26,37.92
2019-06-25,37.88
2019-06-24,37.76
2019-06-23,37.76
2019-06-22,37.76
2019-06-21,37.69
2019-06-20,37.69
2019-06-19,37.65
2019-06-18,37.49
2019-06-17,37.49
2019-06-16,37.49
2019-06-15,37.49
2019-06-14,37.45
2019-06-13,37.41
2019-06-12,37.37
2019-06-11,37.33
2019-06-10,37.21
2019-06-09,37.21
2019-06-08,37.21
2019-06-07,37.17
2019-06-06,37.13
2019-06-05,37.09
2019-06-04,37.05
2019-06-03,36.93
2019-06-02,36.93
2019-06-01,36.93
2019-05-31,36.89
2019-05-30,36.85
2019-05-29,36.81
2019-05-28,36.77
2019-05-27,36.65
2019-05-26,36.65
2019-05-25,36.65
2019-05-24,36.62
2019-05-23,36.58
2019-05-22,36.54
2019-05-21,36.5
2019-05-20,36.38
2019-05-19,36.38
2019-05-18,36.38
2019-05-17,36.34
2019-05-16,36.3
2019-05-15,36.25
2019-05-14,36.19
2019-05-13,36.02
2019-05-12,36.02
2019-05-11,36.02
2019-05-10,35.97
2019-05-09,35.91
2019-05-08,35.86
2019-05-07,35.8
2019-05-06,35.64
2019-05-05,35.64
2019-05-04,35.64
2019-05-03,35.59
2019-05-02,35.48
2019-05-01,35.48
2019-04-30,35.42
2019-04-29,35.26
2019-04-28,35.26
2019-04-27,35.26
2019-04-26,35.21
2019-04-25,35.15
2019-04-24,35.1
2019-04-23,35.04
2019-04-22,34.78
2019-04-21,34.78
2019-04-20,34.78
2019-04-19,34.78
2019-04-18,34.78
2019-04-17,34.72
2019-04-16,34.67
2019-04-15,34.55
2019-04-14,34.55
2019-04-13,34.55
2019-04-12,34.5
2019-04-11,34.46
2019-04-10,34.42
2019-04-09,34.38
2019-04-08,34.26
2019-04-07,34.26
2019-04-06,34.26
2019-04-05,34.22
2019-04-04,34.17
2019-04-03,34.09
2019-04-02,34.09
2019-04-01,33.97
2019-03-31,33.97
2019-03-30,33.97
2019-03-29,33.93
2019-03-28,33.89
2019-03-27,33.85
2019-03-26,33.81
2019-03-25,33.68
2019-03-24,33.68
2019-03-23,33.68
2019-03-22,33.64
2019-03-21,33.6
2019-03-20,33.56
2019-03-19,33.52
2019-03-18,33.4
2019-03-17,33.4
2019-03-16,33.4
2019-03-15,33.37
2019-03-14,33.33
2019-03-13,33.3
2019-03-12,33.27
2019-03-11,33.16
2019-03-10,33.16
2019-03-09,33.16
2019-03-08,33.13
2019-03-07,33.1
2019-03-06,32.93
2019-03-05,32.93
2019-03-04,32.93
2019-03-03,32.93
2019-03-02,32.93
2019-03-01,32.89
2019-02-28,32.86
2019-02-27,32.83
2019-02-26,32.79
2019-02-25,32.69
2019-02-24,32.69
2019-02-23,32.69
2019-02-22,32.66
2019-02-21,32.63
2019-02-20,32.59
2019-02-19,32.56
2019-02-18,32.46
2019-02-17,32.46
2019-02-16,32.46
2019-02-15,32.43
2019-02-14,32.41
2019-02-13,32.38
2019-02-12,32.35
2019-02-11,32.27
2019-02-10,32.27
2019-02-09,32.27
2019-02-08,32.25
2019-02-07,32.22
2019-02-06,32.19
2019-02-05,32.17
2019-02-04,32.09
2019-02-03,32.09
2019-02-02,32.09
2019-02-01,32.06
2019-01-31,32.03
2019-01-30,32.01
2019-01-29,31.98
2019-01-28,31.9
2019-01-27,31.9
2019-01-26,31.9
2019-01-25,31.87
2019-01-24,31.85
2019-01-23,31.82
2019-01-22,31.8
2019-01-21,31.72
2019-01-20,31.72
2019-01-19,31.72
2019-01-18,31.69
2019-01-17,31.66
2019-01-16,31.64
2019-01-15,31.61
2019-01-14,31.51
2019-01-13,31.51
2019-01-12,31.51
2019-01-11,31.48
2019-01-10,31.45
2019-01-09,31.41
2019-01-08,31.38
2019-01-07,31.29
2019-01-06,31.29
2019-01-05,31.29
2019-01-04,31.25
2019-01-03,31.22
2019-01-02,31.06
2019-01-01,31.06
2018-12-31,31.06
2018-12-30,31.06
2018-12-29,31.06
2018-12-28,31.03
2018-12-27,31
2018-12-26,30.84
2018-12-25,30.84
2018-12-24,30.84
2018-12-23,30.84
2018-12-22,30.84
2018-12-21,30.81
2018-12-20,30.78
2018-12-19,30.75
2018-12-18,30.72
2018-12-17,30.6
2018-12-16,30.6
2018-12-15,30.6
2018-12-14,30.55
2018-12-13,30.5
2018-12-12,30.44
2018-12-11,30.39
2018-12-10,30.23
2018-12-09,30.23
2018-12-08,30.23
2018-12-07,30.18
2018-12-06,30.12
2018-12-05,30.07
2018-12-04,30.02
2018-12-03,29.81
2018-12-02,29.81
2018-12-01,29.81
2018-11-30,29.81
2018-11-29,29.76
2018-11-28,29.7
2018-11-27,29.65
2018-11-26,29.5
2018-11-25,29.5
2018-11-24,29.5
2018-11-23,29.45
2018-11-22,29.39
2018-11-21,29.34
2018-11-20,29.14
2018-11-19,29.14
2018-11-18,29.14
2018-11-17,29.14
2018-11-16,29.09
2018-11-15,29.03
2018-11-14,28.97
2018-11-13,28.91
2018-11-12,28.73
2018-11-11,28.73
2018-11-10,28.73
2018-11-09,28.68
2018-11-08,28.62
2018-11-07,28.5
2018-11-06,28.5
2018-11-05,28.33
2018-11-04,28.33
2018-11-03,28.33
2018-11-02,28.27
2018-11-01,28.21
2018-10-31,28.16
2018-10-30,28.1
2018-10-29,27.93
2018-10-28,27.93
2018-10-27,27.93
2018-10-26,27.87
2018-10-25,27.81
2018-10-24,27.76
2018-10-23,27.7
2018-10-22,27.53
2018-10-21,27.53
2018-10-20,27.53
2018-10-19,27.48
2018-10-18,27.42
2018-10-17,27.37
2018-10-16,27.21
2018-10-15,27.21
2018-10-14,27.21
2018-10-13,27.21
2018-10-12,27.17
2018-10-11,27.14
2018-10-10,27.1
2018-10-09,27.07
2018-10-08,26.96
2018-10-07,26.96
2018-10-06,26.96
2018-10-05,26.93
2018-10-04,26.9
2018-10-03,26.86
2018-10-02,26.83
2018-10-01,26.73
2018-09-30,26.73
2018-09-29,26.73
2018-09-28,26.69
2018-09-27,26.66
2018-09-26,26.62
2018-09-25,26.59
2018-09-24,26.49
2018-09-23,26.49
2018-09-22,26.49
2018-09-21,26.45
2018-09-20,26.42
2018-09-19,26.39
2018-09-18,26.35
2018-09-17,26.26
2018-09-16,26.26
2018-09-15,26.26
2018-09-14,26.23
2018-09-13,26.21
2018-09-12,26.18
2018-09-11,26.16
2018-09-10,26.08
2018-09-09,26.08
2018-09-08,26.08
2018-09-07,26.05
2018-09-06,26.03
2018-09-05,26
2018-09-04,25.98
2018-09-03,25.9
2018-09-02,25.9
2018-09-01,25.9
2018-08-31,25.87
2018-08-30,25.85
2018-08-29,25.82
2018-08-28,25.8
2018-08-27,25.72
2018-08-26,25.72
2018-08-25,25.72
2018-08-24,25.7
2018-08-23,25.67
2018-08-22,25.65
2018-08-21,25.55
2018-08-20,25.55
2018-08-19,25.55
2018-08-18,25.55
2018-08-17,25.52
2018-08-16,25.5
2018-08-15,25.47
2018-08-14,25.44
2018-08-13,25.35
2018-08-12,25.35
2018-08-11,25.35
2018-08-10,25.32
2018-08-09,25.29
2018-08-08,25.26
2018-08-07,25.23
2018-08-06,25.14
2018-08-05,25.14
2018-08-04,25.14
2018-08-03,25.11
2018-08-02,25.08
2018-08-01,25.05
2018-07-31,25.02
2018-07-30,24.93
2018-07-29,24.93
2018-07-28,24.93
2018-07-27,24.9
2018-07-26,24.88
2018-07-25,24.85
2018-07-24,24.82
2018-07-23,24.73
2018-07-22,24.73
2018-07-21,24.73
2018-07-20,24.7
2018-07-19,24.67
2018-07-18,24.64
2018-07-17,24.61
2018-07-16,24.55
2018-07-15,24.55
2018-07-14,24.55
2018-07-13,24.53
2018-07-12,24.52
2018-07-11,24.5
2018-07-10,24.43
2018-07-09,24.43
2018-07-08,24.43
2018-07-07,24.43
2018-07-06,24.42
2018-07-05,24.4
2018-07-04,24.38
2018-07-03,24.37
2018-07-02,24.31
2018-07-01,24.31
2018-06-30,24.31
2018-06-29,24.3
2018-06-28,24.28
2018-06-27,24.26
2018-06-26,24.25
2018-06-25,24.2
2018-06-24,24.2
2018-06-23,24.2
2018-06-22,24.18
2018-06-21,24.15
2018-06-20,24.15
2018-06-19,24.13
2018-06-18,24.08
2018-06-17,24.08
2018-06-16,24.08
2018-06-15,24.06
2018-06-14,24.04
2018-06-13,24.02
2018-06-12,24
2018-06-11,23.94
2018-06-10,23.94
2018-06-09,23.94
2018-06-08,23.92
2018-06-07,23.89
2018-06-06,23.87
2018-06-05,23.85
2018-06-04,23.79
2018-06-03,23.79
2018-06-02,23.79
2018-06-01,23.77
2018-05-31,23.75
2018-05-30,23.73
2018-05-29,23.71
2018-05-28,23.63
2018-05-27,23.63
2018-05-26,23.63
2018-05-25,23.63
2018-05-24,23.61
2018-05-23,23.59
2018-05-22,23.57
2018-05-21,23.51
2018-05-20,23.51
2018-05-19,23.51
2018-05-18,23.49
2018-05-17,23.47
2018-05-16,23.45
2018-05-15,23.43
2018-05-14,23.38
2018-05-13,23.38
2018-05-12,23.38
2018-05-11,23.36
2018-05-10,23.34
2018-05-09,23.32
2018-05-08,23.31
2018-05-07,23.25
2018-05-06,23.25
2018-05-05,23.25
2018-05-04,23.23
2018-05-03,23.22
2018-05-02,23.13
2018-05-01,23.13
2018-04-30,23.13
2018-04-29,23.13
