/almibar-proporciones-azucar-agua	/eventos/tragos	301
/area-jardin	/matematica/area-y-perimetro	301
/blog/como-calcular-el-aire-acondicionado-necesario	/hogar/climatizacion	301
/blog/errores-al-calcular-el-aire-acondicionado-necesario	/hogar/climatizacion	301
/blog/preguntas-frecuentes-sobre-el-aire-acondicionado-necesario	/hogar/climatizacion	301
/blog/prima-servicios-diciembre-2026-colombia-fecha-limite	/trabajo/liquidacion-latam	301
/blog/que-es-el-aire-acondicionado-necesario	/hogar/climatizacion	301
/calculadora-aguinaldo-mexico-2026	/trabajo/liquidacion-latam	301
/calculadora-alquiler-temporal-vs-tradicional-rendimiento-neto	/vivienda/rentabilidad-de-un-alquiler	301
/calculadora-ancho-angulo-lente-distancia	/tecnologia/nitidez-y-encuadre	301
/calculadora-aniversario-pareja	/fechas/dias-entre-fechas	301
/calculadora-anos-luz-distancia-conversion	/conversores/longitud	301
/calculadora-aperol-spritz-proporciones	/eventos/tragos	301
/calculadora-arbol-frutal-produccion-kg-anual	/jardin/huerta	301
/calculadora-area-perimetro-figuras	/matematica/area-y-perimetro	301
/calculadora-aumento-prepaga-cuota-mensual-argentina	/finanzas-personales/gastos-del-mes	301
/calculadora-banco-baterias-solar-dias-autonomia	/construccion/paneles-solares	301
/calculadora-bcaa-pre-workout-gramos	/nutricion/nutricion-deportiva	301
/calculadora-black-scholes-opcion-call-put	/inversiones/opciones-call-put	301
/calculadora-blox-fruits-valor-trade	/ocio/numeros-de-videojuegos	301
/calculadora-bonus-anual-marco-fiscal-neto	/trabajo/sueldo-bruto-y-neto	301
/calculadora-break-even-opciones-call-put	/inversiones/opciones-call-put	301
/calculadora-brochetas-por-invitado	/cocina/temperatura-del-horno	301
/calculadora-cable-electrico-seccion-amperaje-distancia	/tecnologia/instalacion-electrica	301
/calculadora-cafe-para-evento	/cocina/temperatura-del-horno	301
/calculadora-caldera-kw-m2-calefaccion	/hogar/climatizacion	301
/calculadora-caldera-potencia-kw-ambiente-metros	/hogar/climatizacion	301
/calculadora-calefaccion-btu-necesarios-ambiente	/hogar/climatizacion	301
/calculadora-calefaccion-watts-kcal-ambiente	/hogar/climatizacion	301
/calculadora-calendario-vacunas-bebe-argentina-2026-completo	/bebes/crecimiento	301
/calculadora-calor-especifico-delta-t	/ciencia/presion-y-gases	301
/calculadora-cantidad-cesped-semillas-kg-m2	/jardin/cuantas-plantas	301
/calculadora-cantidad-plantas-seto-metros	/jardin/cuantas-plantas	301
/calculadora-capacidad-carga-camioneta-peso-util	/auto/ficha-tecnica	301
/calculadora-captacion-agua-lluvia-m2-techo-litros	/jardin/riego	301
/calculadora-carbon-credit-tonelada-precio-mercado-2026	/ambiente/huella-de-carbono	301
/calculadora-cesantias-colombia-2026	/trabajo/liquidacion-latam	301
/calculadora-cesped-semillas-kg-m2	/jardin/cuantas-plantas	301
/calculadora-cilindrada-motor-cc-litros	/auto/ficha-tecnica	301
/calculadora-cilindrada-motor-relacion-potencia	/auto/ficha-tecnica	301
/calculadora-codigo-color-hex-rgb	/tecnologia	301
/calculadora-codigo-lineas-estimacion-proyecto	/finanzas-personales/tarifa-freelance	301
/calculadora-cold-plunge-tiempo-temperatura-cortisol	/salud/habitos	301
/calculadora-complejidad-algoritmica-big-o-iteraciones	/tecnologia	301
/calculadora-compras-chile-vs-argentina	/viajes/millas	301
/calculadora-concurso-docente-puntaje-antecedentes-baires	/estudio	301
/calculadora-conversion-btu-kcal-aire-acondicionado	/hogar/climatizacion	301
/calculadora-conversion-nudos-mph-kmh-viento	/auto/ficha-tecnica	301
/calculadora-conversion-ppm-mg-l-quimica-agua	/ciencia/quimica-de-soluciones	301
/calculadora-conversion-quintal-tonelada-kg-agro	/conversores/peso	301
/calculadora-conversion-torque-nm-lb-ft-kgm	/auto/ficha-tecnica	301
/calculadora-conversion-velocidad-kmh-mph-nudos	/auto/ficha-tecnica	301
/calculadora-conversor-kmh-a-mph	/auto/ficha-tecnica	301
/calculadora-conversor-kmh-a-ms	/auto/ficha-tecnica	301
/calculadora-conversor-micrometros-a-milimetros	/conversores/longitud	301
/calculadora-conversor-milisegundos-a-segundos	/conversores/tiempo	301
/calculadora-copom-tasa-referencia-banco-central-impacto	/finanzas-personales	301
/calculadora-cosecha-esperada-huerta-kg	/jardin/huerta	301
/calculadora-costo-aire-calefactor-toda-la-noche	/hogar/climatizacion	301
/calculadora-costo-balneario-playa-argentina	/viajes/millas	301
/calculadora-costo-camping-escapada-argentina	/viajes/millas	301
/calculadora-costo-cesped-sintetico-m2	/construccion/costo-por-m2	301
/calculadora-costo-cine-familia-argentina	/fechas/dias-entre-fechas	301
/calculadora-costo-colonia-vacaciones-argentina	/fechas/dias-entre-fechas	301
/calculadora-costo-envio-compra-exterior	/impuestos/comprar-en-el-exterior	301
/calculadora-costo-fiesta-cumpleanos-infantil-invitados	/eventos/presupuesto	301
/calculadora-costo-fiv-argentina	/familia/costo-de-un-bebe	301
/calculadora-costo-mascota-vida-util	/mascotas/cuanto-cuesta	301
/calculadora-costo-parque-diversiones-salida-infantil	/fechas/dias-entre-fechas	301
/calculadora-costo-por-unidad	/impuestos/iva	301
/calculadora-costo-previa-boliche-argentina	/fechas/dias-entre-fechas	301
/calculadora-costo-receta-precio-por-porcion	/negocios/precio-de-venta	301
/calculadora-cts-peru-compensacion-tiempo-servicios-2026	/trabajo/liquidacion-latam	301
/calculadora-cuanto-necesito-ganar-para-mantener-una-familia	/alquiler/aumento-de-alquiler	301
/calculadora-cuanto-tengo-que-facturar-para-ganar-x-neto	/impuestos/monotributo	301
/calculadora-cuantos-dias-faltan-para-una-fecha	/conversores/numeros-a-letras	301
/calculadora-cuna-colecho-edad-transicion-cama	/bebes/crecimiento	301
/calculadora-cuna-colecho-edad-transicion-cama-ninos	/bebes/crecimiento	301
/calculadora-cuota-plan-ahorro-auto-circulo-cerrado	/finanzas-personales/prestamo	301
/calculadora-daiquiri-clasico-personas	/eventos/tragos	301
/calculadora-dias-juntos-pareja	/fechas/dias-entre-fechas	301
/calculadora-dias-minimos-test-embarazo-positivo	/embarazo/dias-fertiles	301
/calculadora-dilatacion-termica-longitud	/ciencia/presion-y-gases	301
/calculadora-dioptrias-receta-optica	/salud	301
/calculadora-distancia-entre-plantas-espaciado	/jardin/cuantas-plantas	301
/calculadora-distancia-entre-plantas-huerto	/jardin/cuantas-plantas	301
/calculadora-distancia-frenado-velocidad-adhesion	/auto/ficha-tecnica	301
/calculadora-distancia-hiperfocal-lente	/tecnologia/nitidez-y-encuadre	301
/calculadora-division-bienes-divorcio	/familia/herencia	301
/calculadora-divorcio-express-costo-argentina-honorarios	/familia/herencia	301
/calculadora-divorcio-liquidacion-bienes-gananciales-costo	/familia/herencia	301
/calculadora-edad-ideal-pareja	/hogar	301
/calculadora-edad-ingreso-escolar-primaria-jardin	/estudio	301
/calculadora-edad-quitar-pa%C3%B1al-control-esfinteres	/bebes/crecimiento	301
/calculadora-edad-quitar-panal-control-esfinteres	/bebes/crecimiento	301
/calculadora-electricidad-cable-amperaje-seccion	/tecnologia/instalacion-electrica	301
/calculadora-engagement-rate-redes-sociales	/negocios/publicar-en-redes	301
/calculadora-entropia-cambio-fase	/ciencia/presion-y-gases	301
/calculadora-escalera-huella-contrahuella-ley-blondel	/construccion	301
/calculadora-escalera-madera-huella-contrahuella	/construccion	301
/calculadora-escalera-pasos-huella-contrahuella	/construccion	301
/calculadora-espacio-jaula-hamster-tamano	/mascotas/rutina-y-cuidados	301
/calculadora-facturas-por-persona-desayuno	/cocina/temperatura-del-horno	301
/calculadora-fertilidad-intentos-ivf-fiv-edad-costo-argentina	/familia/costo-de-un-bebe	301
/calculadora-financiacion-auto-cuota-prendario	/finanzas-personales/prestamo	301
/calculadora-finiquito-bolivia-desvinculacion	/trabajo/liquidacion-latam	301
/calculadora-finiquito-liquidacion-mexico-2026	/trabajo/liquidacion-latam	301
/calculadora-finiquito-mexico	/trabajo/liquidacion-latam	301
/calculadora-finiquito-renuncia-chile-articulo-162	/trabajo/liquidacion-latam	301
/calculadora-fondo-asistencia-laboral-fal-ley-27802	/impuestos/iva	301
/calculadora-forro-almohadon-medidas	/hogar/amueblar	301
/calculadora-ftp-watts-ciclismo	/futbol/mundial-2026	301
/calculadora-ganancias-segunda-categoria-renta-financiera-2026	/impuestos/ganancias-cuarta-categoria	301
/calculadora-gasto-cafe-anual	/alquiler/aumento-de-alquiler	301
/calculadora-generador-qr	/tecnologia	301
/calculadora-gin-tonic-proporciones	/eventos/tragos	301
/calculadora-gratificacion-peru-julio-diciembre-2026	/trabajo/liquidacion-latam	301
/calculadora-hashes-bcrypt-costo-tiempo-cracking	/tecnologia	301
/calculadora-hidromiel-proporciones-miel-agua	/eventos/tragos	301
/calculadora-hidroponia-nutrientes-ec-ppm	/jardin/riego	301
/calculadora-hielo-para-fiesta	/cocina/temperatura-del-horno	301
/calculadora-honorarios-abogado-espana-turno-oficio	/es	301
/calculadora-honorarios-persona-fisica-mexico	/trabajo/sueldo-neto-mexico	301
/calculadora-horas-luz-solar-planta-necesarias	/jardin/huerta	301
/calculadora-hotel-vs-alquiler-temporario-escapada	/viajes/millas	301
/calculadora-huella-digital-estimacion	/ambiente/huella-de-carbono	301
/calculadora-humedad-absoluta-relativa-confort	/hogar/humedad-en-casa	301
/calculadora-humedad-relativa-ideal-ambiente	/hogar/humedad-en-casa	301
/calculadora-iluminacion-lux-lumens-ambiente	/tecnologia/instalacion-electrica	301
/calculadora-impedancia-circuito-rlc	/tecnologia/resistencias	301
/calculadora-impuestos-autonomo-espana	/trabajo/sueldo-neto-espana	301
/calculadora-impuestos-courier-temu-shein-argentina	/impuestos/comprar-en-el-exterior	301
/calculadora-indemnizacion-despido-objetivo-espana-20-dias	/trabajo/liquidacion-latam	301
/calculadora-ingreso-medicina-puntaje-cbc-uba-2026	/estudio/promedio	301
/calculadora-instagram-carrousel-slides-optimas	/negocios/publicar-en-redes	301
/calculadora-instagram-influencer-pago-historia	/negocios/creador-de-contenido	301
/calculadora-instagram-rate-card-por-followers	/negocios/creador-de-contenido	301
/calculadora-irpf-cataluna-2026-asalariado	/trabajo/sueldo-neto-espana	301
/calculadora-irpf-madrid-2026-asalariado	/trabajo/sueldo-neto-espana	301
/calculadora-iso-invariance-camara-modelo	/tecnologia/ajustes-de-camara	301
/calculadora-iv-pokemon-go-cp-nivel	/ocio/numeros-de-videojuegos	301
/calculadora-jardin-vertical-plantas-m2	/jardin/cuantas-plantas	301
/calculadora-kefir-leche-proporciones	/cocina/adaptar-una-receta	301
/calculadora-ley-coulomb-fuerza-electrica	/ciencia/movimiento-y-fuerzas	301
/calculadora-lineas-codigo-proyecto-complejidad-kloc	/finanzas-personales/tarifa-freelance	301
/calculadora-linkedin-posts-alcance	/negocios/publicar-en-redes	301
/calculadora-liquidacion-cesantias-colombia-2026	/trabajo/liquidacion-latam	301
/calculadora-lluvia-captacion-techo-m3-anual	/construccion/agua	301
/calculadora-lombriz-compostera-cantidad-necesaria	/jardin/tierra-y-macetas	301
/calculadora-luz-solar-horas-planta	/jardin/huerta	301
/calculadora-macronutrientes	/salud/macros	301
/calculadora-macronutrientes-dieta	/salud/macros	301
/calculadora-mate-yerba-para-ronda	/cocina/temperatura-del-horno	301
/calculadora-matrimonio-civil-costo-tramite-argentina	/eventos/casamiento	301
/calculadora-metros-cuadrados-vivienda-por-persona	/hogar/amueblar	301
/calculadora-mojito-cubano-ingredientes	/eventos/tragos	301
/calculadora-mulching-espesor-cantidad	/jardin/tierra-y-macetas	301
/calculadora-nombre-bebe-significado	/bebes/crecimiento	301
/calculadora-nota-promedio-bachillerato-secundario-materias	/estudio/promedio	301
/calculadora-operaciones-con-fracciones	/conversores/numeros-a-letras	301
/calculadora-ovulos-congelados-vitrificacion-precio-clinica	/familia/costo-de-un-bebe	301
/calculadora-pH-alimento-alcalinidad	/ciencia/ph-y-equilibrio-quimico	301
/calculadora-panel-solar-kwh-dimensionar	/construccion/paneles-solares	301
/calculadora-pasto-semilla-kg-m2-cesped-sembrar	/jardin/tierra-y-macetas	301
/calculadora-ph-suelo-correccion-calcio	/jardin/tierra-y-macetas	301
/calculadora-pileta-cloro-litros-volumen-dosificacion	/hogar/pileta	301
/calculadora-pinterest-calendario-pines	/negocios/publicar-en-redes	301
/calculadora-pintura-pileta-piscina-m2	/construccion/costo-por-m2	301
/calculadora-pisco-sour-receta	/eventos/tragos	301
/calculadora-plantas-purificar-aire-habitacion	/hogar/climatizacion	301
/calculadora-poisson-goles-esperados-partido	/futbol/estadisticas	301
/calculadora-poliza-juridica-arrendamiento-mexico	/alquiler/entrar-a-un-alquiler	301
/calculadora-portal-nether-overworld-minecraft	/ocio/numeros-de-videojuegos	301
/calculadora-potencia-hp-kw-cv	/auto/ficha-tecnica	301
/calculadora-presupuesto-navidad-regalos-cena	/eventos/presupuesto	301
/calculadora-presupuesto-viaje-lima-peru	/viajes/presupuesto-de-viaje	301
/calculadora-presupuesto-viaje-madrid	/viajes/presupuesto-de-viaje	301
/calculadora-prima-de-antiguedad-mexico	/trabajo/liquidacion-latam	301
/calculadora-prima-servicios-colombia-2026	/trabajo/liquidacion-latam	301
/calculadora-prima-vacacional-mexico-2026	/trabajo/liquidacion-latam	301
/calculadora-profundidad-campo-dof-lente	/tecnologia/nitidez-y-encuadre	301
/calculadora-promedio-goles-tiempo-anadido-drama-late-match	/futbol/estadisticas	301
/calculadora-propiedad-tasacion-m2-barrio-caba-promedio	/construccion/costo-por-m2	301
/calculadora-proporciones-receta	/cocina/adaptar-una-receta	301
/calculadora-proyectos-hogar	/construccion/costo-por-m2	301
/calculadora-pubalgia-atletica-tiempo-recuperacion-fases	/salud/fuerza-y-gimnasio	301
/calculadora-punto-de-rocio-dew-point-temperatura-humedad	/hogar/humedad-en-casa	301
/calculadora-que-porcentaje-es-un-numero-de-otro	/conversores/numeros-a-letras	301
/calculadora-que-sueldo-necesito-para-comprar-un-auto	/alquiler/aumento-de-alquiler	301
/calculadora-que-sueldo-necesito-para-sacar-un-credito	/alquiler/aumento-de-alquiler	301
/calculadora-rankeo-elo-puntos	/ocio/numeros-de-videojuegos	301
/calculadora-ratio-alumno-profesor-curso	/estudio	301
/calculadora-reactancia-inductiva-capacitiva	/tecnologia/resistencias	301
/calculadora-recoleccion-agua-lluvia-techo	/construccion/agua	301
/calculadora-regla-600-estrellas	/tecnologia/nitidez-y-encuadre	301
/calculadora-regla-numero-dunbar-150-contactos-red	/hogar	301
/calculadora-retencion-ganancias-rg-830	/impuestos/retenciones	301
/calculadora-rural-rentabilidad-hectarea-soja-maiz-trigo-2026	/negocios	301
/calculadora-screen-time-pediatra-edad-hora-dia	/salud/sueno-y-pantallas	301
/calculadora-scrum-sprint-velocity-story-points	/negocios	301
/calculadora-semillas-por-m2-huerta	/jardin/cuantas-plantas	301
/calculadora-smart-goals-objetivos-metodologia-meta	/salud/habitos	301
/calculadora-stepper-pasos-grado	/tecnologia/impresion-3d	301
/calculadora-streamer-setup-presupuesto	/negocios/ingresos-por-plataforma	301
/calculadora-subnetting-mascara-red-cidr	/tecnologia/internet-y-red	301
/calculadora-suspension-altura-libre-piso-auto	/auto/ficha-tecnica	301
/calculadora-tamano-archivo-conversor	/tecnologia/almacenamiento	301
/calculadora-tamano-cucha-perro-medidas	/mascotas/rutina-y-cuidados	301
/calculadora-tarifario-creador-contenido-multiplataforma	/negocios/creador-de-contenido	301
/calculadora-tarjetas-amarillas-acumuladas-suspension	/futbol/puntos-y-campeonato	301
/calculadora-test-embarazo-cuando	/embarazo/dias-fertiles	301
/calculadora-test-prenatal-no-invasivo-nipt-precio-arg	/familia/costo-de-un-bebe	301
/calculadora-tiempo-calidad-hijos-padres-madres-minutos	/familia	301
/calculadora-tiempo-coccion-legumbres-remojo	/cocina/coccion-de-carne	301
/calculadora-tiempo-descarga-archivo-internet	/tecnologia/internet-y-red	301
/calculadora-tiempo-recuperacion-isquiotibial-grado-1-2-3	/salud/fuerza-y-gimnasio	301
/calculadora-tiempo-soldadura-tipo-estano	/tecnologia/resistencias	301
/calculadora-tiempo-superar-ruptura-relacion-meses	/hogar	301
/calculadora-tiempo-viaje-con-paradas	/viajes/millas	301
/calculadora-tiempos-coccion-verduras-al-vapor-hervido	/cocina/coccion-de-carne	301
/calculadora-tierra-jardin-cantero-m3	/jardin/tierra-y-macetas	301
/calculadora-tiktok-ads-cpm-presupuesto-conversion-2026	/negocios/metricas-de-marketing	301
/calculadora-tiktok-duracion-optima-video	/negocios/publicar-en-redes	301
/calculadora-tiktok-engagement-rate	/negocios/publicar-en-redes	301
/calculadora-tiktok-spark-ads-costo	/negocios/metricas-de-marketing	301
/calculadora-ugc-tarifa-contenido-marca	/negocios/creador-de-contenido	301
/calculadora-uptime-servidor-nueve-nueves-minutos	/tecnologia/internet-y-red	301
/calculadora-vacaciones-invierno-chicos-argentina	/fechas/dias-entre-fechas	301
/calculadora-vacunas-bebe-calendario	/bebes/crecimiento	301
/calculadora-vacunas-bebe-calendario-2026-argentina-edad	/bebes/crecimiento	301
/calculadora-vacunas-faltantes-bebe-edad-meses	/bebes/crecimiento	301
/calculadora-vajilla-descartable-fiesta	/cocina/temperatura-del-horno	301
/calculadora-velocidad-maxima-relacion-potencia-peso	/auto/ficha-tecnica	301
/calculadora-velocidad-viento-beaufort-escala-0-12	/hogar/humedad-en-casa	301
/calculadora-vida-media-decaimiento-radiactivo	/ciencia	301
/calculadora-visa-turismo-usa-ee-uu-costo-b1-b2	/viajes/visas-y-tramites	301
/calculadora-volumen-semanal-hipertrofia-musculo-series	/salud/fuerza-y-gimnasio	301
/conversor-fraccion-a-decimal	/conversores/numeros-a-letras	301
/conversor-moneda-dolar-peso-real-latam	/finanzas-personales/dolar	301
/conversor-numero-a-ordinal	/conversores/numeros-a-letras	301
/convertir-mayusculas-minusculas	/conversores/numeros-a-letras	301
/gelatina-sin-sabor-gramos-por-litro	/cocina/adaptar-una-receta	301
/generador-de-contrasenas-seguras	/conversores/numeros-a-letras	301
/merengue-azucar-por-clara	/cocina/adaptar-una-receta	301
/olla-presion-conversion-tiempos-coccion	/cocina/coccion-de-carne	301
/velocidad-distancia-tiempo-despeje	/ciencia/movimiento-y-fuerzas	301
