/categoria/astronomia	/ciencia	301
/categoria/astronomia/top	/ciencia	301
/categoria/automotor	/auto	301
/categoria/automotor/top	/auto	301
/categoria/ciencia	/ciencia	301
/categoria/ciencia/top	/ciencia	301
/categoria/clima	/ciencia	301
/categoria/clima/top	/ciencia	301
/categoria/cocina	/cocina	301
/categoria/cocina/top	/cocina	301
/categoria/construccion	/construccion	301
/categoria/construccion/top	/construccion	301
/categoria/deportes	/salud	301
/categoria/deportes/top	/salud	301
/categoria/educacion	/estudio	301
/categoria/educacion/top	/estudio	301
/categoria/electronica	/tecnologia	301
/categoria/electronica/top	/tecnologia	301
/categoria/entretenimiento	/ocio	301
/categoria/entretenimiento/top	/ocio	301
/categoria/familia	/familia	301
/categoria/familia/top	/familia	301
/categoria/finanzas	/finanzas-personales	301
/categoria/finanzas/top	/finanzas-personales	301
/categoria/hogar	/hogar	301
/categoria/hogar/top	/hogar	301
/categoria/idiomas	/estudio	301
/categoria/idiomas/top	/estudio	301
/categoria/impuestos	/impuestos	301
/categoria/impuestos/top	/impuestos	301
/categoria/jardineria	/jardin	301
/categoria/jardineria/top	/jardin	301
/categoria/juegos	/ocio	301
/categoria/juegos/top	/ocio	301
/categoria/legal	/familia	301
/categoria/legal/top	/familia	301
/categoria/marketing	/negocios	301
/categoria/marketing/top	/negocios	301
/categoria/mascotas	/mascotas	301
/categoria/mascotas/top	/mascotas	301
/categoria/matematica	/matematica	301
/categoria/matematica/top	/matematica	301
/categoria/medio-ambiente	/ambiente	301
/categoria/medio-ambiente/top	/ambiente	301
/categoria/negocios	/negocios	301
/categoria/negocios/top	/negocios	301
/categoria/salud	/salud	301
/categoria/salud/top	/salud	301
/categoria/tecnologia	/tecnologia	301
/categoria/tecnologia/top	/tecnologia	301
/categoria/trabajo	/trabajo	301
/categoria/trabajo/top	/trabajo	301
/categoria/viajes	/viajes	301
/categoria/viajes/top	/viajes	301
/categoria/vida	/hogar	301
/categoria/vida/top	/hogar	301
