/cl/decidir	/cl	301
/cl/decidir/arrendar-o-comprar	/cl/hogar/arrendar-o-comprar	301
/cl/decidir/como-salir-de-deudas	/cl/dinero/pedir-un-credito	301
/cl/decidir/cuando-alcanzo-mi-meta-de-ahorro	/cl/dinero/donde-invierto-mis-ahorros	301
/cl/decidir/cuanto-arriendo-puedo-pagar	/cl/hogar/arrendar-o-comprar	301
/cl/decidir/cuanto-cobrar-por-hora-freelance	/cl/trabajo/trabajo-a-honorarios	301
/cl/decidir/cuanto-fondo-de-emergencia-necesito	/cl/dinero/donde-invierto-mis-ahorros	301
/cl/decidir/cuanto-puedo-gastar-al-mes	/cl/vida/cuanto-cuesta-vivir	301
/cl/decidir/cuotas-o-contado	/cl/dinero/pedir-un-credito	301
/cl/decidir/prepagar-deuda-o-invertir	/cl/dinero/donde-invierto-mis-ahorros	301
/cl/decidir/puedo-pagar-este-credito	/cl/dinero/pedir-un-credito	301
/co/decidir	/co	301
/co/decidir/arrendar-o-comprar	/co/finanzas/comprar-vivienda	301
/co/decidir/como-salir-de-deudas	/co/finanzas/creditos-y-tarjetas	301
/co/decidir/cuando-alcanzo-mi-meta-de-ahorro	/co/finanzas/donde-pongo-mis-ahorros	301
/co/decidir/cuanto-arriendo-puedo-pagar	/co/vida/arriendo	301
/co/decidir/cuanto-cobrar-por-hora-independiente	/co/trabajo/independiente-y-honorarios	301
/co/decidir/cuanto-fondo-de-emergencia-necesito	/co/finanzas/donde-pongo-mis-ahorros	301
/co/decidir/cuanto-puedo-gastar-al-mes	/co/vida/presupuesto-del-hogar	301
/co/decidir/cuotas-o-de-contado	/co/finanzas/creditos-y-tarjetas	301
/co/decidir/pagar-deuda-o-invertir	/co/finanzas/donde-pongo-mis-ahorros	301
/co/decidir/puedo-pagar-este-credito	/co/finanzas/creditos-y-tarjetas	301
/mx/decidir	/mx	301
/mx/decidir/como-salir-de-deudas	/mx/finanzas/deudas-y-credito	301
/mx/decidir/cuando-alcanzo-mi-meta-de-ahorro	/mx/finanzas/donde-invierto	301
/mx/decidir/cuanta-renta-puedo-pagar	/mx/vida/cuanto-cuesta-vivir	301
/mx/decidir/cuanto-cobrar-por-hora-freelance	/mx/impuestos/isr-por-mi-cuenta	301
/mx/decidir/cuanto-fondo-de-emergencia-necesito	/mx/finanzas/donde-invierto	301
/mx/decidir/cuanto-puedo-gastar-al-mes	/mx/vida/cuanto-cuesta-vivir	301
/mx/decidir/liquidar-deuda-o-invertir	/mx/finanzas/donde-invierto	301
/mx/decidir/meses-sin-intereses-o-contado	/mx/finanzas/deudas-y-credito	301
/mx/decidir/puedo-pagar-este-credito	/mx/finanzas/deudas-y-credito	301
/mx/decidir/rentar-o-comprar	/mx/finanzas/credito-de-vivienda	301
/pe/decidir	/pe	301
/pe/decidir/alquilar-o-comprar	/pe/finanzas-personales/creditos-y-ahorro	301
/pe/decidir/cancelar-deuda-o-invertir	/pe/finanzas-personales/afp-onp-y-jubilacion	301
/pe/decidir/como-salir-de-deudas	/pe/finanzas-personales/creditos-y-ahorro	301
/pe/decidir/cuando-alcanzo-mi-meta-de-ahorro	/pe/finanzas-personales/creditos-y-ahorro	301
/pe/decidir/cuanto-alquiler-puedo-pagar	/pe/hogar/presupuesto-mensual	301
/pe/decidir/cuanto-cobrar-por-hora-freelance	/pe/impuestos/renta-de-personas	301
/pe/decidir/cuanto-fondo-de-emergencia-necesito	/pe/finanzas-personales/creditos-y-ahorro	301
/pe/decidir/cuanto-puedo-gastar-al-mes	/pe/hogar/presupuesto-mensual	301
/pe/decidir/cuotas-o-contado	/pe/finanzas-personales/creditos-y-ahorro	301
/pe/decidir/puedo-pagar-este-prestamo	/pe/finanzas-personales/creditos-y-ahorro	301
