/argentina/buenos-aires	/impuestos	301
/argentina/buenos-aires/calculadora-costo-m2-construccion-argentina	/construccion/costo-por-m2	301
/argentina/buenos-aires/calculadora-impuesto-inmobiliario-provincial	/impuestos/bienes-personales	301
/argentina/buenos-aires/calculadora-impuesto-sellos-inmueble-contrato	/vivienda/gastos-de-escritura	301
/argentina/buenos-aires/calculadora-ingresos-brutos-provincial	/impuestos/ingresos-brutos	301
/argentina/buenos-aires/calculadora-patente-auto-provincia	/auto/patente	301
/argentina/caba	/impuestos	301
/argentina/caba/calculadora-costo-m2-construccion-argentina	/construccion/costo-por-m2	301
/argentina/caba/calculadora-impuesto-inmobiliario-provincial	/impuestos/bienes-personales	301
/argentina/caba/calculadora-impuesto-sellos-inmueble-contrato	/vivienda/gastos-de-escritura	301
/argentina/caba/calculadora-ingresos-brutos-provincial	/impuestos/ingresos-brutos	301
/argentina/caba/calculadora-patente-auto-provincia	/auto/patente	301
/argentina/catamarca	/impuestos	301
/argentina/catamarca/calculadora-costo-m2-construccion-argentina	/construccion/costo-por-m2	301
/argentina/catamarca/calculadora-impuesto-inmobiliario-provincial	/impuestos/bienes-personales	301
/argentina/catamarca/calculadora-impuesto-sellos-inmueble-contrato	/vivienda/gastos-de-escritura	301
/argentina/catamarca/calculadora-ingresos-brutos-provincial	/impuestos/ingresos-brutos	301
/argentina/catamarca/calculadora-patente-auto-provincia	/auto/patente	301
/argentina/chaco	/impuestos	301
/argentina/chaco/calculadora-costo-m2-construccion-argentina	/construccion/costo-por-m2	301
/argentina/chaco/calculadora-impuesto-inmobiliario-provincial	/impuestos/bienes-personales	301
/argentina/chaco/calculadora-impuesto-sellos-inmueble-contrato	/vivienda/gastos-de-escritura	301
/argentina/chaco/calculadora-ingresos-brutos-provincial	/impuestos/ingresos-brutos	301
/argentina/chaco/calculadora-patente-auto-provincia	/auto/patente	301
/argentina/chubut	/impuestos	301
/argentina/chubut/calculadora-costo-m2-construccion-argentina	/construccion/costo-por-m2	301
/argentina/chubut/calculadora-impuesto-inmobiliario-provincial	/impuestos/bienes-personales	301
/argentina/chubut/calculadora-impuesto-sellos-inmueble-contrato	/vivienda/gastos-de-escritura	301
/argentina/chubut/calculadora-ingresos-brutos-provincial	/impuestos/ingresos-brutos	301
/argentina/chubut/calculadora-patente-auto-provincia	/auto/patente	301
/argentina/cordoba	/impuestos	301
/argentina/cordoba/calculadora-costo-m2-construccion-argentina	/construccion/costo-por-m2	301
/argentina/cordoba/calculadora-impuesto-inmobiliario-provincial	/impuestos/bienes-personales	301
/argentina/cordoba/calculadora-impuesto-sellos-inmueble-contrato	/vivienda/gastos-de-escritura	301
/argentina/cordoba/calculadora-patente-auto-provincia	/auto/patente	301
/argentina/corrientes	/impuestos	301
/argentina/corrientes/calculadora-costo-m2-construccion-argentina	/construccion/costo-por-m2	301
/argentina/corrientes/calculadora-impuesto-inmobiliario-provincial	/impuestos/bienes-personales	301
/argentina/corrientes/calculadora-impuesto-sellos-inmueble-contrato	/vivienda/gastos-de-escritura	301
/argentina/corrientes/calculadora-ingresos-brutos-provincial	/impuestos/ingresos-brutos	301
/argentina/corrientes/calculadora-patente-auto-provincia	/auto/patente	301
/argentina/entre-rios	/impuestos	301
/argentina/entre-rios/calculadora-costo-m2-construccion-argentina	/construccion/costo-por-m2	301
/argentina/entre-rios/calculadora-impuesto-inmobiliario-provincial	/impuestos/bienes-personales	301
/argentina/entre-rios/calculadora-impuesto-sellos-inmueble-contrato	/vivienda/gastos-de-escritura	301
/argentina/entre-rios/calculadora-ingresos-brutos-provincial	/impuestos/ingresos-brutos	301
/argentina/entre-rios/calculadora-patente-auto-provincia	/auto/patente	301
/argentina/formosa	/impuestos	301
/argentina/formosa/calculadora-costo-m2-construccion-argentina	/construccion/costo-por-m2	301
/argentina/formosa/calculadora-impuesto-inmobiliario-provincial	/impuestos/bienes-personales	301
/argentina/formosa/calculadora-impuesto-sellos-inmueble-contrato	/vivienda/gastos-de-escritura	301
/argentina/formosa/calculadora-ingresos-brutos-provincial	/impuestos/ingresos-brutos	301
/argentina/formosa/calculadora-patente-auto-provincia	/auto/patente	301
/argentina/jujuy	/impuestos	301
/argentina/jujuy/calculadora-costo-m2-construccion-argentina	/construccion/costo-por-m2	301
/argentina/jujuy/calculadora-impuesto-inmobiliario-provincial	/impuestos/bienes-personales	301
/argentina/jujuy/calculadora-impuesto-sellos-inmueble-contrato	/vivienda/gastos-de-escritura	301
/argentina/jujuy/calculadora-ingresos-brutos-provincial	/impuestos/ingresos-brutos	301
/argentina/jujuy/calculadora-patente-auto-provincia	/auto/patente	301
/argentina/la-pampa	/impuestos	301
/argentina/la-pampa/calculadora-costo-m2-construccion-argentina	/construccion/costo-por-m2	301
/argentina/la-pampa/calculadora-impuesto-inmobiliario-provincial	/impuestos/bienes-personales	301
/argentina/la-pampa/calculadora-impuesto-sellos-inmueble-contrato	/vivienda/gastos-de-escritura	301
/argentina/la-pampa/calculadora-ingresos-brutos-provincial	/impuestos/ingresos-brutos	301
/argentina/la-pampa/calculadora-patente-auto-provincia	/auto/patente	301
/argentina/la-rioja	/impuestos	301
/argentina/la-rioja/calculadora-costo-m2-construccion-argentina	/construccion/costo-por-m2	301
/argentina/la-rioja/calculadora-impuesto-inmobiliario-provincial	/impuestos/bienes-personales	301
/argentina/la-rioja/calculadora-impuesto-sellos-inmueble-contrato	/vivienda/gastos-de-escritura	301
/argentina/la-rioja/calculadora-ingresos-brutos-provincial	/impuestos/ingresos-brutos	301
/argentina/la-rioja/calculadora-patente-auto-provincia	/auto/patente	301
/argentina/mendoza	/impuestos	301
/argentina/mendoza/calculadora-costo-m2-construccion-argentina	/construccion/costo-por-m2	301
/argentina/mendoza/calculadora-impuesto-inmobiliario-provincial	/impuestos/bienes-personales	301
/argentina/mendoza/calculadora-impuesto-sellos-inmueble-contrato	/vivienda/gastos-de-escritura	301
/argentina/mendoza/calculadora-ingresos-brutos-provincial	/impuestos/ingresos-brutos	301
/argentina/mendoza/calculadora-patente-auto-provincia	/auto/patente	301
/argentina/misiones	/impuestos	301
/argentina/misiones/calculadora-costo-m2-construccion-argentina	/construccion/costo-por-m2	301
/argentina/misiones/calculadora-impuesto-inmobiliario-provincial	/impuestos/bienes-personales	301
/argentina/misiones/calculadora-impuesto-sellos-inmueble-contrato	/vivienda/gastos-de-escritura	301
/argentina/misiones/calculadora-ingresos-brutos-provincial	/impuestos/ingresos-brutos	301
/argentina/misiones/calculadora-patente-auto-provincia	/auto/patente	301
/argentina/neuquen	/impuestos	301
/argentina/neuquen/calculadora-costo-m2-construccion-argentina	/construccion/costo-por-m2	301
/argentina/neuquen/calculadora-impuesto-inmobiliario-provincial	/impuestos/bienes-personales	301
/argentina/neuquen/calculadora-impuesto-sellos-inmueble-contrato	/vivienda/gastos-de-escritura	301
/argentina/neuquen/calculadora-ingresos-brutos-provincial	/impuestos/ingresos-brutos	301
/argentina/neuquen/calculadora-patente-auto-provincia	/auto/patente	301
/argentina/rio-negro	/impuestos	301
/argentina/rio-negro/calculadora-costo-m2-construccion-argentina	/construccion/costo-por-m2	301
/argentina/rio-negro/calculadora-impuesto-inmobiliario-provincial	/impuestos/bienes-personales	301
/argentina/rio-negro/calculadora-impuesto-sellos-inmueble-contrato	/vivienda/gastos-de-escritura	301
/argentina/rio-negro/calculadora-ingresos-brutos-provincial	/impuestos/ingresos-brutos	301
/argentina/rio-negro/calculadora-patente-auto-provincia	/auto/patente	301
/argentina/salta	/impuestos	301
/argentina/salta/calculadora-costo-m2-construccion-argentina	/construccion/costo-por-m2	301
/argentina/salta/calculadora-impuesto-inmobiliario-provincial	/impuestos/bienes-personales	301
/argentina/salta/calculadora-impuesto-sellos-inmueble-contrato	/vivienda/gastos-de-escritura	301
/argentina/salta/calculadora-ingresos-brutos-provincial	/impuestos/ingresos-brutos	301
/argentina/salta/calculadora-patente-auto-provincia	/auto/patente	301
/argentina/san-juan	/impuestos	301
/argentina/san-juan/calculadora-costo-m2-construccion-argentina	/construccion/costo-por-m2	301
/argentina/san-juan/calculadora-impuesto-inmobiliario-provincial	/impuestos/bienes-personales	301
/argentina/san-juan/calculadora-impuesto-sellos-inmueble-contrato	/vivienda/gastos-de-escritura	301
/argentina/san-juan/calculadora-ingresos-brutos-provincial	/impuestos/ingresos-brutos	301
/argentina/san-juan/calculadora-patente-auto-provincia	/auto/patente	301
/argentina/san-luis	/impuestos	301
/argentina/san-luis/calculadora-costo-m2-construccion-argentina	/construccion/costo-por-m2	301
/argentina/san-luis/calculadora-impuesto-inmobiliario-provincial	/impuestos/bienes-personales	301
/argentina/san-luis/calculadora-impuesto-sellos-inmueble-contrato	/vivienda/gastos-de-escritura	301
/argentina/san-luis/calculadora-ingresos-brutos-provincial	/impuestos/ingresos-brutos	301
/argentina/san-luis/calculadora-patente-auto-provincia	/auto/patente	301
/argentina/santa-cruz	/impuestos	301
/argentina/santa-cruz/calculadora-costo-m2-construccion-argentina	/construccion/costo-por-m2	301
/argentina/santa-cruz/calculadora-impuesto-inmobiliario-provincial	/impuestos/bienes-personales	301
/argentina/santa-cruz/calculadora-impuesto-sellos-inmueble-contrato	/vivienda/gastos-de-escritura	301
/argentina/santa-cruz/calculadora-ingresos-brutos-provincial	/impuestos/ingresos-brutos	301
/argentina/santa-cruz/calculadora-patente-auto-provincia	/auto/patente	301
/argentina/santa-fe	/impuestos	301
/argentina/santa-fe/calculadora-costo-m2-construccion-argentina	/construccion/costo-por-m2	301
/argentina/santa-fe/calculadora-impuesto-inmobiliario-provincial	/impuestos/bienes-personales	301
/argentina/santa-fe/calculadora-impuesto-sellos-inmueble-contrato	/vivienda/gastos-de-escritura	301
/argentina/santa-fe/calculadora-ingresos-brutos-provincial	/impuestos/ingresos-brutos	301
/argentina/santa-fe/calculadora-patente-auto-provincia	/auto/patente	301
/argentina/santiago-del-estero	/impuestos	301
/argentina/santiago-del-estero/calculadora-costo-m2-construccion-argentina	/construccion/costo-por-m2	301
/argentina/santiago-del-estero/calculadora-impuesto-inmobiliario-provincial	/impuestos/bienes-personales	301
/argentina/santiago-del-estero/calculadora-impuesto-sellos-inmueble-contrato	/vivienda/gastos-de-escritura	301
/argentina/santiago-del-estero/calculadora-ingresos-brutos-provincial	/impuestos/ingresos-brutos	301
/argentina/santiago-del-estero/calculadora-patente-auto-provincia	/auto/patente	301
/argentina/tierra-del-fuego	/impuestos	301
/argentina/tierra-del-fuego/calculadora-costo-m2-construccion-argentina	/construccion/costo-por-m2	301
/argentina/tierra-del-fuego/calculadora-impuesto-inmobiliario-provincial	/impuestos/bienes-personales	301
/argentina/tierra-del-fuego/calculadora-impuesto-sellos-inmueble-contrato	/vivienda/gastos-de-escritura	301
/argentina/tierra-del-fuego/calculadora-ingresos-brutos-provincial	/impuestos/ingresos-brutos	301
/argentina/tierra-del-fuego/calculadora-patente-auto-provincia	/auto/patente	301
/argentina/tucuman	/impuestos	301
/argentina/tucuman/calculadora-costo-m2-construccion-argentina	/construccion/costo-por-m2	301
/argentina/tucuman/calculadora-impuesto-inmobiliario-provincial	/impuestos/bienes-personales	301
/argentina/tucuman/calculadora-impuesto-sellos-inmueble-contrato	/vivienda/gastos-de-escritura	301
/argentina/tucuman/calculadora-ingresos-brutos-provincial	/impuestos/ingresos-brutos	301
/argentina/tucuman/calculadora-patente-auto-provincia	/auto/patente	301
/categoria/automotor	/auto	301
/categoria/ciencia	/ciencia	301
/categoria/cocina	/cocina	301
/categoria/construccion	/construccion	301
/categoria/deportes	/futbol	301
/categoria/educacion	/estudio	301
/categoria/electronica	/tecnologia	301
/categoria/entretenimiento	/ocio	301
/categoria/familia	/familia	301
/categoria/finanzas	/finanzas-personales	301
/categoria/idiomas	/estudio	301
/categoria/jardineria	/jardin	301
/categoria/marketing	/negocios	301
/categoria/mascotas	/mascotas	301
/categoria/matematica	/matematica	301
/categoria/negocios	/negocios	301
/categoria/salud	/salud	301
/categoria/tecnologia	/tecnologia	301
/categoria/viajes	/viajes	301
/categoria/vida	/hogar	301
/categoria/astronomia	/ciencia	301
/categoria/auto	/auto	301
/categoria/autos	/auto	301
/categoria/coches	/auto	301
/categoria/vehiculos	/auto	301
/categoria/clima	/ambiente	301
/categoria/medio-ambiente	/ambiente	301
/categoria/empresas	/negocios	301
/categoria/hogar	/hogar	301
/categoria/impuestos	/impuestos	301
/categoria/juegos	/ocio	301
/categoria/laboral	/trabajo	301
/categoria/trabajo	/trabajo	301
/categoria/legal	/tramites	301
/categoria/vivienda	/vivienda	301
