/mx/calculadora-aguinaldo-mexico-2026-15-dias-tope-30	/mx/trabajo/aguinaldo-prima-y-ptu	301
/mx/calculadora-prima-antiguedad-mexico	/mx/trabajo/finiquito-y-liquidacion	301
/mx/calculadora-prima-vacacional-mexico	/mx/trabajo/aguinaldo-prima-y-ptu	301
/mx/calculadora-ptu-reparto-utilidades-mexico-10-porcentaje	/mx/trabajo/aguinaldo-prima-y-ptu	301
/mx/calculadora-salario-diario-integrado-sdi-mexico	/mx/trabajo/sueldo-neto	301
/mx/calculadora-imss-cuotas-empleado-patron-mexico-2026	/mx/trabajo/costo-de-un-empleado	301
/mx/calculadora-isr-mexico-2026-tarifa-mensual-empleado	/mx/trabajo/sueldo-neto	301
/mx/calculadora-isr-honorarios-persona-fisica	/mx/impuestos/isr-por-mi-cuenta	301
/mx/calculadora-cetes-mexico-rendimiento-28-91-182-364-dias	/mx/finanzas/donde-invierto	301
/mx/calculadora-canasta-basica-mexico-costo-mensual-familia	/mx/vida/cuanto-cuesta-vivir	301
/mx/calculadora-descuento-pension-alimenticia-nomina-mexico	/mx/familia/pension-alimenticia	301
/es/calculadora-irpf-2026-tramos-espana-nomina	/es/impuestos/irpf-nomina	301
/es/calculadora-modelo-145-irpf-situacion-familiar-nomina	/es/impuestos/irpf-nomina	301
/es/calculadora-renta-bruta-neta-espana-2026-irpf-ss	/es/trabajo/mi-nomina	301
/es/calculadora-convenio-hosteleria-espana-sueldo-2026-categoria	/es/trabajo/mi-nomina	301
/es/calculadora-beca-comedor-escolar-espana-renta-umbrales	/es/familia/ayudas-por-renta	301
/es/calculadora-tasa-basura-municipios-espana-anual	/es/vida/gastos-de-la-casa	301
/cl/calculadora-aguinaldo-fiestas-patrias-Navidad-chile-2026	/cl/trabajo/gratificacion-y-aguinaldo	301
/cl/calculadora-gratificacion-legal-chile-25-porcentaje-4-75-utm	/cl/trabajo/gratificacion-y-aguinaldo	301
/cl/calculadora-asignacion-zona-extrema-chile-aysen-magallanes-arica	/cl/vida/bonos-y-beneficios-del-estado	301
/cl/calculadora-isapre-cotizacion-chile-7-porcentaje-plan	/cl/vida/fonasa-o-isapre	301
/cl/calculadora-credito-aval-cae-chile-deuda-final-promedio	/cl/vida/cuanto-cuesta-estudiar	301
/cl/calculadora-licencia-conducir-chile-renovacion-precio-vencimiento	/cl/auto/cuanto-cuesta-tener-auto	301
/cl/calculadora-pension-alimenticia-chile-padre-tribunal-familia	/cl/vida	301
/cl/calculadora-tarifa-electrica-distribuidoras-chile-bt1-bt2-bt3	/cl/hogar/cuentas-de-la-casa	301
/cl/calculadora-bebidas-por-invitado-evento-chile	/cl/vida/cuanto-cuesta-vivir	301
/comparar/monotributo-vs-responsable-inscripto	/impuestos/monotributo	301
/comparar/uala-vs-brubank-vs-naranja-x-cuenta-digital	/finanzas-personales/tarjeta-de-credito	301
/comparar/iol-vs-balanz-vs-cocos-vs-bull-broker-bolsa	/inversiones/plazo-fijo	301
/comparar/imc-vs-grasa-corporal-vs-cintura-cadera	/salud/peso-ideal-imc	301
/comparar/perro-pequeno-vs-mediano-vs-grande-costo-anual	/mascotas/cuanto-cuesta	301
/comparar/cafe-arabica-vs-robusta-blend-cuando-conviene	/cocina/cafe	301
/glosario/tna	/finanzas-personales/prestamo	301
/glosario/uva	/vivienda/credito-hipotecario	301
/glosario/vo2max	/salud/frecuencia-cardiaca	301
