/pt/jardim/plantar-e-reduzir-impacto	/pt/casa/plantar-e-reduzir-impacto	301
/pt/pets/cuidar-do-meu-pet	/pt/casa/cuidar-do-meu-pet	301
/pt/ciencia/resolver-contas	/pt/matematica/resolver-contas	301
/pt/ferramentas/converter-medidas	/pt/matematica/converter-medidas	301
/pt/cozinha/comida-para-receitas-e-festas	/pt/vida/comida-para-receitas-e-festas	301
/pt/familia/bebe-e-familia	/pt/vida/bebe-e-familia	301
/pt/estudos/aprender-e-passar	/pt/vida/aprender-e-passar	301
/pt/saude/treino-e-desempenho	/pt/vida/treino-e-desempenho	301
/pt/tecnologia/capacidade-custo-e-consumo	/pt/vida/capacidade-custo-e-consumo	301
/deudas/salir-de-deudas	/finanzas-personales/salir-de-deudas	301
/musica/audio	/tecnologia/audio	301
/moda/talles	/conversores/talles	301
/ambiente/huella-de-carbono	/hogar/huella-de-carbono	301
/ambiente	/hogar/huella-de-carbono	301
