/posiciones-mundial-2026	/fixture-mundial-2026	301
/cuando-juega-argentina-mundial-2026	/mundial-2026	301
/llave-mundial-2026	/mundial-2026	301
/partidos-hoy-mundial-2026	/mundial-2026	301
/cuando-juega-espana-mundial-2026	/mundial-2026	301
/cuando-juega-colombia-mundial-2026	/mundial-2026	301
/balon-de-oro-mundial-2026	/mundial-2026	301
/donde-ver-mundial-2026	/mundial-2026	301
/cuando-juega-mexico-mundial-2026	/mundial-2026	301
/cuando-juega-paraguay-mundial-2026	/mundial-2026	301
/cuando-juega-uruguay-mundial-2026	/mundial-2026	301
/blog/partidos-mundial-finde-20-junio-2026	/mundial-2026	301
/blog/partidos-mundial-finde-13-junio-2026	/mundial-2026	301
