/guia/construccion-diy-hogar	/construccion	301
/guia/cocina-medidas-recetas	/cocina	301
/guia/productividad-aprendizaje	/estudio	301
/guia/salud-nutricion-fitness	/salud	301
/guia/sueldos-impuestos-ecuador-2026	/ec/impuestos	301
/guia/viajes	/viajes	301
/guia/inversion-inmobiliaria	/inversiones	301
/guia/vida-cotidiana	/hogar	301
/guia/embarazo-y-bebe	/embarazo	301
/guia/matematicas-ciencias	/matematica	301
/guia/sueldos-impuestos-peru-2026	/pe/impuestos	301
/guia/auto-y-movilidad	/auto	301
/guia/mascotas	/mascotas	301
/guia/negocios-e-independientes-2026	/negocios	301
/guia/presupuesto-viaje-completo	/viajes	301
/guia/fondo-emergencia-como-calcular	/finanzas-personales	301
/guia/pintar-casa-materiales-litros	/construccion/pintura	301
