/decidir	/finanzas-personales	301
/decidir/aceptar-oferta-laboral	/trabajo/sueldo-bruto-y-neto	301
/decidir/alquilar-o-comprar	/hogar/amueblar	301
/decidir/auto-nuevo-o-usado	/auto/electrico-vs-nafta	301
/decidir/auto-transporte-publico-taxi-o-app	/negocios/publicar-en-redes	301
/decidir/cancelar-deuda-o-invertir	/finanzas-personales/salir-de-deudas	301
/decidir/como-cambia-mi-presupuesto-con-un-hijo	/salud/crecimiento-infantil	301
/decidir/como-salir-de-deudas	/finanzas-personales/salir-de-deudas	301
/decidir/comprar-o-alquilar-equipamiento	/hogar/amueblar	301
/decidir/construir-o-comprar-terminado	/hogar/amueblar	301
/decidir/cual-es-mi-salud-financiera	/salud/crecimiento-infantil	301
/decidir/cuando-alcanzo-la-independencia-financiera	/inversiones/interes-compuesto	301
/decidir/cuando-alcanzo-mi-meta-de-ahorro	/finanzas-personales/meta-de-ahorro	301
/decidir/cuando-tomar-vacaciones	/nutricion/nutricion-deportiva	301
/decidir/cuanto-ahorrar-para-la-educacion-de-mis-hijos	/finanzas-personales/meta-de-ahorro	301
/decidir/cuanto-alquiler-puedo-pagar	/trabajo/liquidacion-final	301
/decidir/cuanto-aumento-pedir	/alquiler/aumento-de-alquiler	301
/decidir/cuanto-cambia-mi-sueldo-con-la-paritaria	/impuestos/ganancias-cuarta-categoria	301
/decidir/cuanto-cobrar-por-hora-freelance	/finanzas-personales/tarifa-freelance	301
/decidir/cuanto-cobrar-por-mi-producto-o-servicio	/finanzas-personales/becas-para-estudiar	301
/decidir/cuanto-cuesta-comprar-una-propiedad	/hogar/amueblar	301
/decidir/cuanto-cuesta-tener-un-hijo-primer-ano	/mascotas/cuanto-cuesta	301
/decidir/cuanto-cuesta-terminar-mi-obra	/mascotas/cuanto-cuesta	301
/decidir/cuanto-cuesta-vivir-en-esta-ciudad	/mascotas/cuanto-cuesta	301
/decidir/cuanto-facturar-para-ganar-x-neto	/trabajo/sueldo-bruto-y-neto	301
/decidir/cuanto-fondo-de-emergencia-necesito	/finanzas-personales/meta-de-ahorro	301
/decidir/cuanto-invertir-en-publicidad	/negocios/creador-de-contenido	301
/decidir/cuanto-necesito-para-mi-viaje	/ciencia/planetas-y-viaje-espacial	301
/decidir/cuanto-puedo-gastar-por-mes	/finanzas-personales/gastos-del-mes	301
/decidir/cuanto-sueldo-para-mantener-mi-nivel-de-vida	/impuestos/ganancias-cuarta-categoria	301
/decidir/cuanto-tiempo-de-mi-vida-cuesta-esta-compra	/cocina/coccion-de-carne	301
/decidir/cuanto-vale-mi-hora	/ciencia/sol-luna-y-mareas	301
/decidir/cuotas-o-contado	/finanzas-personales/tarjeta-de-credito	301
/decidir/deudas	/finanzas-personales/salir-de-deudas	301
/decidir/estoy-listo-para-jubilarme	/embarazo/semanas	301
/decidir/financiar-el-auto-o-contado	/auto/electrico-vs-nafta	301
/decidir/guarderia-o-reducir-horas	/salud/sueno-y-pantallas	301
/decidir/laborales	/trabajo	301
/decidir/me-conviene-aceptar-este-cliente	/finanzas-personales/prestamo	301
/decidir/me-conviene-adelantar-cuotas	/finanzas-personales/prestamo	301
/decidir/me-conviene-emigrar	/viajes	301
/decidir/me-conviene-estudiar-esta-carrera	/finanzas-personales/becas-para-estudiar	301
/decidir/me-conviene-vender-mi-auto	/auto/electrico-vs-nafta	301
/decidir/me-conviene-vender-mi-propiedad	/vivienda/gastos-de-escritura	301
/decidir/me-despidieron	/trabajo/indemnizacion-por-despido	301
/decidir/mi-negocio-es-rentable	/negocios/cuanto-vale-mi-negocio	301
/decidir/monotributo-o-responsable-inscripto	/impuestos/monotributo	301
/decidir/nafta-hibrido-o-electrico	/auto/electrico-vs-nafta	301
/decidir/negocio	/negocios	301
/decidir/negocio	/negocios/cuanto-vale-mi-negocio	301
/decidir/podemos-afrontar-este-viaje-familiar	/auto/nafta-y-peajes	301
/decidir/podemos-vivir-con-un-solo-ingreso	/finanzas-personales/gastos-del-mes	301
/decidir/puedo-afrontar-un-credito-uva	/finanzas-personales/tarjeta-de-credito	301
/decidir/puedo-contratar-a-una-persona	/cocina/porciones	301
/decidir/puedo-hacer-esta-compra	/matematica/area-y-perimetro	301
/decidir/puedo-mantener-este-auto	/auto/nafta-y-peajes	301
/decidir/puedo-pagar-este-prestamo	/finanzas-personales/prestamo	301
/decidir/que-categoria-de-monotributo-me-corresponde	/impuestos/ganancias-cuarta-categoria	301
/decidir/que-decision-mejora-mas-mis-finanzas	/finanzas-personales/prestamo	301
/decidir/que-hago-con-mis-ahorros	/matematica/regla-de-tres	301
/decidir/que-pasa-si-pierdo-mi-ingreso	/trabajo/indemnizacion-por-despido	301
/decidir/refaccionar-o-mudarme	/construccion/costo-por-m2	301
/decidir/relacion-dependencia-o-facturar	/impuestos/monotributo	301
/decidir/renovar-alquiler-o-mudarme	/alquiler/entrar-a-un-alquiler	301
/decidir/reparar-o-reemplazar-electrodomestico	/hogar/gastos-de-la-casa	301
/decidir/trabajo-remoto-hibrido-o-presencial	/trabajo/empleada-domestica	301
/decidir/vivienda	/vivienda	301
/decidir/vivienda	/vivienda/gastos-de-escritura	301
