q,i,c,ctr,pos,exp,gap,recup
salario mínimo 2026,17256,170,0.99,3.8,3.19,2.21,380.52
quién ganó el mundial 2026,9620,171,1.78,2.5,4.08,2.3,221.6
salario minimo 2026,5297,34,0.64,4.2,3.19,2.55,134.99
salario mínimo 2026 colombia,3615,37,1.02,2.6,3.78,2.75,99.52
salário mínimo 2026,3127,10,0.32,3.75,3.19,2.87,89.76
salario minimo,2060,33,1.6,3.25,3.78,2.17,44.8
salario mínimo 2026 valor,1294,23,1.78,1.8,4.08,2.3,29.81
partidos de hoy mundial 2026,13133,18,0.14,8.0,0.34,0.2,26.58
salario 2026,961,5,0.52,4.0,3.19,2.67,25.66
calendario colombia 2026,5768,3,0.05,9.0,0.43,0.38,22.0
partidos del mundial 2026,7964,7,0.09,8.33,0.34,0.25,20.03
mundial 2026 partidos,5633,3,0.05,8.0,0.34,0.29,16.12
partidos mundial 2026,4972,1,0.02,7.0,0.31,0.29,14.31
auxilio de transporte 2026 valor,400,3,0.75,4.33,3.19,2.44,9.76
escala monotributo 2026,1115,27,2.42,4.0,3.19,0.77,8.57
smlv 2026,347,5,1.44,3.33,3.78,2.34,8.1
sueldo básico ecuador 2026,247,2,0.81,3.0,3.78,2.97,7.33
auxilio de transporte 2026,1184,3,0.25,6.0,0.86,0.61,7.21
factor de integración 2026,1760,8,0.45,6.5,0.86,0.41,7.17
festivos colombia 2026,3495,4,0.11,7.0,0.31,0.19,6.76
tipo de cambio sunat,3029,3,0.1,7.0,0.31,0.21,6.33
salario mínimo 2026 en colombia,460,13,2.83,1.6,4.08,1.25,5.77
feriados colombia 2026,935,3,0.32,5.67,0.86,0.54,5.06
recargo nocturno 2026,530,15,2.83,2.83,3.78,0.95,5.02
feriados 2026,3528,7,0.2,8.0,0.34,0.14,4.97
fixture mundial 2026,3664,11,0.3,9.0,0.43,0.13,4.88
metros lineales a metros,113,0,0.0,2.0,4.08,4.08,4.61
fixture del mundial 2026,1954,4,0.2,9.0,0.43,0.23,4.47
dolar a soles,552,1,0.18,5.0,0.93,0.74,4.11
quien gano el mundial 2026,1506,53,3.52,3.0,3.78,0.26,3.88
salário mínimo paraguay 2026,384,9,2.34,4.0,3.19,0.85,3.25
minimo 2026,421,14,3.33,2.5,4.08,0.76,3.18
salario mínimo paraguay 2026,130,1,0.77,4.0,3.19,2.42,3.15
partidos hoy mundial,1801,3,0.17,7.5,0.34,0.17,3.11
partidos del mundial hoy,2022,4,0.2,8.0,0.34,0.14,2.86
smmlv 2026 colombia,239,5,2.09,4.33,3.19,1.1,2.62
salário mínimo 2026 colombia,107,1,0.93,4.0,3.19,2.26,2.41
cálculo retenciones 2026,501,2,0.4,6.33,0.86,0.46,2.32
tabla de posiciones mundial 2026,1208,2,0.17,8.0,0.34,0.17,2.1
mínimo 2026,96,2,2.08,2.0,4.08,2.0,1.92
quien ganó el mundial,66,1,1.52,3.0,3.78,2.26,1.49
salario minimo colombia,391,2,0.51,6.0,0.86,0.35,1.37
retención de islr sueldos y salarios 2026 venezuela,33,0,0.0,2.0,4.08,4.08,1.35
salário 2026,79,2,2.53,1.5,4.08,1.55,1.22
nueva tabla monotributo 2026,67,1,1.49,4.0,3.19,1.7,1.14
posiciones mundial 2026,96,2,2.08,4.0,3.19,1.11,1.06
prestaciones laborales,661,1,0.15,7.0,0.31,0.16,1.04
quién ganó en el mundial 2026,48,1,2.08,2.0,4.08,2.0,0.96
tc sunat,204,1,0.49,5.0,0.93,0.44,0.89
valor dólar hoy en colombia,56,1,1.79,4.0,3.19,1.4,0.79
sunat tipo de cambio,512,1,0.2,8.0,0.34,0.14,0.74
auxilio transporte 2026,174,1,0.57,5.0,0.93,0.35,0.61
quien gano la copa mundial 2026,42,1,2.38,3.0,3.78,1.4,0.59
calendario 2026,505,1,0.2,7.0,0.31,0.11,0.55
quien gano en el mundial 2026,38,1,2.63,2.0,4.08,1.45,0.55
calcio corregido por albúmina,115,0,0.0,9.0,0.43,0.43,0.5
sanción mínima 2026,730,2,0.27,7.5,0.34,0.07,0.48
indec,426,1,0.23,8.0,0.34,0.1,0.45
generaciones por edad,151,1,0.66,5.0,0.93,0.26,0.4
quién ganó la copa mundial 2026,33,1,3.03,2.0,4.08,1.05,0.35
recategorización monotributo argentina 2026,42,1,2.38,4.0,3.19,0.81,0.34
uf sii 2026,80,0,0.0,7.0,0.31,0.31,0.25
partido mundial 2026,144,1,0.69,6.0,0.86,0.17,0.24
mundial 2026 hoy,400,1,0.25,7.0,0.31,0.06,0.23
cuantas madejas se necesitan de nuuk 904 reginella para hacer una piecera,31,1,3.23,3.0,3.78,0.55,0.17
quién ganó mundial 2026,53,2,3.77,2.0,4.08,0.31,0.16
salario minimo 2026 colombia,199,8,4.02,2.0,4.08,0.06,0.12
festivos en colombia 2026,681,2,0.29,7.0,0.31,0.01,0.1
como se calcula el payback meses,30,0,0.0,7.0,0.31,0.31,0.09
salario minimo 2026 mexico,51,2,3.92,2.0,4.08,0.16,0.08
salario mínimo 2026 méxico,114,1,0.88,5.0,0.93,0.05,0.06
campeón del mundial 2026,50,2,4.0,1.0,4.08,0.08,0.04
partidos mundial hoy,239,1,0.42,9.0,0.43,0.02,0.04
categorías monotributo 2026,6990,107,1.53,5.78,0.86,-0.67,0.0
tabla monotributo 2026,3135,67,2.14,5.0,0.93,-1.21,0.0
cálculo irpf 2026,1624,5,0.31,7.2,0.31,0.0,0.0
ipc junio 2026,1540,56,3.64,4.2,3.19,-0.45,0.0
categoría monotributo 2026,1330,26,1.95,5.44,0.93,-1.03,0.0
categorías monotributo,1263,12,0.95,5.8,0.86,-0.09,0.0
salario diario integrado 2026,1154,209,18.11,2.0,4.08,-14.03,0.0
sueldo mínimo 2026,1050,15,1.43,4.8,0.93,-0.5,0.0
numeros a letras,914,5,0.55,7.5,0.34,-0.21,0.0
monotributo categorías 2026,909,29,3.19,4.43,3.19,0.0,0.0
tabla de monotributo 2026,750,27,3.6,4.0,3.19,-0.41,0.0
categorias monotributo,725,4,0.55,6.67,0.31,-0.24,0.0
ipc junio 2026 argentina,651,25,3.84,4.0,3.19,-0.65,0.0
categorias monotributo 2026,568,22,3.87,4.43,3.19,-0.68,0.0
préstamos quirografarios,567,2,0.35,7.0,0.31,-0.04,0.0
salario mínimo colombia 2026,534,23,4.31,1.4,4.08,-0.23,0.0
contador de palabras,494,2,0.4,8.0,0.34,-0.07,0.0
prima de antigüedad 2026,478,19,3.97,4.8,0.93,-3.05,0.0
feriados perú 2026,474,3,0.63,7.5,0.34,-0.29,0.0
quien gano el mundial,471,19,4.03,3.0,3.78,-0.26,0.0
jornal diario paraguay 2026,424,54,12.74,3.25,3.78,-8.96,0.0
salario minimo colombia 2026,386,17,4.4,2.25,4.08,-0.32,0.0
recategorización monotributo julio 2026,342,16,4.68,3.2,3.78,-0.9,0.0
calculo de prestaciones laborales,325,2,0.62,7.0,0.31,-0.31,0.0
tipo de cambio sunat 2026,324,3,0.93,5.0,0.93,0.0,0.0
hora extra diurna 2026,322,23,7.14,3.67,3.19,-3.95,0.0
sanción por extemporaneidad 2026,307,13,4.23,3.0,3.78,-0.46,0.0
ganador del mundial 2026,277,12,4.33,1.0,4.08,-0.25,0.0
escalas monotributo 2026,267,11,4.12,4.25,3.19,-0.93,0.0
deducciones personales 2026,238,2,0.84,7.5,0.34,-0.5,0.0
tabla del mundial 2026,231,1,0.43,8.0,0.34,-0.09,0.0
categoria monotributo 2026,223,20,8.97,3.5,3.19,-5.78,0.0
calendario con festivos 2026,223,1,0.45,9.0,0.43,-0.02,0.0
recategorización monotributo 2026,211,6,2.84,5.0,0.93,-1.92,0.0
calendario 2026 chile,204,1,0.49,8.0,0.34,-0.15,0.0
numero a letra,204,6,2.94,7.0,0.31,-2.63,0.0
factor de integración imss 2026,198,9,4.55,3.25,3.78,-0.77,0.0
calendario chile 2026,196,1,0.51,9.0,0.43,-0.08,0.0
generaciones,191,3,1.57,6.5,0.86,-0.71,0.0
categorías de monotributo 2026,178,8,4.49,4.33,3.19,-1.3,0.0
ipc julio 2026,177,12,6.78,4.0,3.19,-3.59,0.0
tabla posiciones mundial 2026,174,1,0.57,9.0,0.43,-0.14,0.0
recargo dominical 2026,173,25,14.45,1.75,4.08,-10.37,0.0
nit dian,172,2,1.16,7.0,0.31,-0.85,0.0
horas extras 2026,170,5,2.94,6.5,0.86,-2.08,0.0
partidos de hoy mundial,169,1,0.59,8.0,0.34,-0.25,0.0
quien ganó el mundial 2026,169,7,4.14,1.5,4.08,-0.06,0.0
salario mínimo en colombia 2026,164,9,5.49,2.0,4.08,-1.41,0.0
calculo irpf 2026,161,2,1.24,7.67,0.34,-0.9,0.0
nit,157,1,0.64,8.0,0.34,-0.3,0.0
tabla de pensiones alimenticias 2026,155,20,12.9,3.0,3.78,-9.13,0.0
mundial 2026 partidos de hoy,146,3,2.05,6.0,0.86,-1.19,0.0
calendario 2026 perú,144,1,0.69,7.0,0.31,-0.39,0.0
numero a letras,141,2,1.42,7.0,0.31,-1.11,0.0
calendario colombia 2026 con festivos,137,1,0.73,9.0,0.43,-0.3,0.0
calendario colombia con festivos 2026,125,1,0.8,9.0,0.43,-0.37,0.0
prima de antigüedad,121,2,1.65,8.5,0.34,-1.31,0.0
retenciones 2026,116,1,0.86,6.0,0.86,0.0,0.0
calendario chile 2026 con feriados,115,5,4.35,4.5,3.19,-1.16,0.0
mínimo en colombia 2026,114,6,5.26,2.5,4.08,-1.18,0.0
ipc 2026,106,6,5.66,6.33,0.86,-4.8,0.0
feriados 2026 peru,99,3,3.03,7.5,0.34,-2.69,0.0
dolar hoy colombia,95,1,1.05,8.0,0.34,-0.71,0.0
ipc abril 2026 argentina,92,2,2.17,5.0,0.93,-1.25,0.0
valor hora extra diurna 2026,92,6,6.52,3.0,3.78,-2.75,0.0
tabla mundial,90,2,2.22,7.0,0.31,-1.91,0.0
partidos jugados mundial 2026,89,4,4.49,5.0,0.93,-3.57,0.0
calculadora isr,86,2,2.33,7.5,0.34,-1.99,0.0
monotributo categorias,86,6,6.98,5.5,0.86,-6.11,0.0
nuevas categorías monotributo 2026,85,4,4.71,4.0,3.19,-1.52,0.0
partidos jugados del mundial 2026,81,5,6.17,5.5,0.86,-5.31,0.0
clearance de creatinina,80,2,2.5,6.67,0.31,-2.19,0.0
smmlv 2026,80,3,3.75,4.67,0.93,-2.82,0.0
ipc indec,78,2,2.56,7.0,0.31,-2.26,0.0
partidos del mundial de hoy,77,1,1.3,7.0,0.31,-0.99,0.0
cálculo irpf 2026 aeat,75,2,2.67,5.0,0.93,-1.74,0.0
quien juega hoy mundial 2026,72,1,1.39,6.0,0.86,-0.53,0.0
cuánto es el salario mínimo 2026,72,5,6.94,3.33,3.78,-3.17,0.0
nueva escala monotributo 2026,72,1,1.39,5.0,0.93,-0.46,0.0
fixture 2026,71,1,1.41,8.0,0.34,-1.07,0.0
salarios mínimos 2026,68,3,4.41,4.0,3.19,-1.22,0.0
quien ha ganado el mundial 2026,67,6,8.96,1.0,4.08,-4.87,0.0
festivos 2026,66,1,1.52,8.0,0.34,-1.18,0.0
recategorizacion monotributo julio 2026,65,13,20.0,2.33,4.08,-15.92,0.0
bcra,65,1,1.54,8.0,0.34,-1.2,0.0
feriado en colombia 2026,63,1,1.59,5.0,0.93,-0.66,0.0
dígito de verificación,62,1,1.61,8.0,0.34,-1.27,0.0
categorias monotributo julio 2026,57,15,26.32,3.0,3.78,-22.54,0.0
tabla de categorías monotributo 2026,56,4,7.14,4.5,3.19,-3.95,0.0
calculadora retenciones 2026,53,1,1.89,8.5,0.34,-1.55,0.0
quien gano mundial 2026,52,7,13.46,2.0,4.08,-9.38,0.0
mejor jugador del mundial 2026,52,3,5.77,7.0,0.31,-5.46,0.0
partidos del mundial para hoy,51,1,1.96,6.0,0.86,-1.1,0.0
feriado colombia 2026,49,1,2.04,5.0,0.93,-1.11,0.0
quién ha ganado el mundial 2026,49,5,10.2,2.0,4.08,-6.12,0.0
salário mínimo,49,3,6.12,3.0,3.78,-2.35,0.0
uva bcra,47,3,6.38,6.0,0.86,-5.52,0.0
rg 830 tabla actualizada 2026,46,7,15.22,3.75,3.19,-12.03,0.0
vacaciones de invierno 2026 argentina,46,2,4.35,6.0,0.86,-3.49,0.0
minimo,46,2,4.35,3.0,3.78,-0.57,0.0
quien gano el mundial de futbol 2026,46,4,8.7,2.0,4.08,-4.61,0.0
lista de partidos mundial 2026,44,1,2.27,6.0,0.86,-1.41,0.0
salario integral 2026,44,3,6.82,3.0,3.78,-3.04,0.0
qué partidos hay hoy mundial,43,1,2.33,5.0,0.93,-1.4,0.0
liquidador intereses moratorios dian 2026,43,2,4.65,5.0,0.93,-3.73,0.0
quién ganó el mundial de fútbol 2026,43,8,18.6,2.0,4.08,-14.52,0.0
fixture mundial fifa 2026,42,1,2.38,6.0,0.86,-1.52,0.0
calendario con festivos colombia 2026,40,2,5.0,9.0,0.43,-4.57,0.0
tabla monotributo julio 2026,40,5,12.5,5.5,0.86,-11.64,0.0
categorias de monotributo 2026,40,4,10.0,3.5,3.19,-6.81,0.0
ipc de junio 2026,39,3,7.69,3.5,3.19,-4.5,0.0
partidos jugados del mundial,37,1,2.7,5.0,0.93,-1.78,0.0
jornal mínimo paraguay 2026,37,3,8.11,3.0,3.78,-4.33,0.0
prima de antiguedad,36,2,5.56,6.0,0.86,-4.69,0.0
uva hoy,36,1,2.78,10.0,0.43,-2.34,0.0
ingresos brutos tucuman retenciones normativa 2026 topes,36,1,2.78,6.0,0.86,-1.92,0.0
salario minimo paraguay 2026,35,2,5.71,4.0,3.19,-2.52,0.0
salario mínimo legal vigente 2026,34,2,5.88,4.0,3.19,-2.69,0.0
ganador mundial 2026,34,3,8.82,1.5,4.08,-4.74,0.0
quien gano el mundial 2026?,34,2,5.88,2.0,4.08,-1.8,0.0
quién ganó la final del mundial 2026,34,1,2.94,5.0,0.93,-2.02,0.0
calculador de amor por nombres,33,2,6.06,5.0,0.93,-5.13,0.0
tabla monotributo,33,2,6.06,3.0,3.78,-2.28,0.0
valor utm 2026,32,1,3.12,6.0,0.86,-2.26,0.0
calculadora libertadores,32,2,6.25,7.0,0.31,-5.94,0.0
mañana es festivo en colombia,32,2,6.25,7.0,0.31,-5.94,0.0
de numero a letra,30,1,3.33,7.0,0.31,-3.03,0.0
