classification,topic,a,b,suggestedCanonical,titleSim,intentSim,sameFormula,sameFields,sameOutputs,sameCategory,autoRedirectSafe
same_intent,porcentajes,calculadora-cuota-alimentaria-hijos,calculadora-cuota-alimentos-porcentaje-sueldo-hijo,,0.5,0.63,false,false,false,false,false
same_intent,agua_diaria,calculadora-consumo-agua-mensual,calculadora-gasto-agua-mensual-hogar-litros,,0.14,0.6,false,false,false,true,false
same_intent,conversiones,calculadora-conversor-kw-a-hp,calculadora-potencia-hp-kw-cv,,0,0.58,false,false,false,false,false
same_intent,agua_diaria,calculadora-conversion-litros-galones-onzas,conversor-litros-galones-mililitros,,0.67,0.56,false,false,false,true,false
same_intent,conversiones,calculadora-conversion-millas-kilometros-nudos-velocidad,calculadora-conversion-velocidad-kmh-mph-nudos,,0.43,0.53,false,false,false,false,false
same_intent,embarazo_parto,calculadora-gestacion-perra,calculadora-gestacion-perro-gato-duracion-parto,,0.4,0.53,false,false,false,true,false
same_intent,agua_diaria,calculadora-agua-consumo-hogar-ahorro,calculadora-gasto-agua-mensual-hogar-litros,,0.29,0.5,false,false,false,false,false
same_intent,conversiones,calculadora-conversion-celsius-fahrenheit-kelvin-rankine-temperatura,conversor-celsius-fahrenheit-temperatura,,0.29,0.5,false,false,false,false,false
same_intent,conversiones,calculadora-conversion-kilo-libra-lb-kg-exacto,calculadora-conversion-libras-kilos-onzas-stone,,0.5,0.5,false,false,false,true,false
same_intent,conversiones,calculadora-conversor-anos-a-dias,calculadora-conversor-semanas-a-dias,,0.67,0.5,false,true,true,true,false
same_intent,conversiones,calculadora-conversor-brazas-a-metros,calculadora-conversor-pies-a-metros,,0.5,0.5,false,true,true,true,false
same_intent,conversiones,calculadora-conversor-pies-a-metros,calculadora-conversor-pies-a-pulgadas,,0.5,0.5,false,true,true,true,false
same_intent,conversiones,calculadora-diferencia-horaria-ciudades-paises,calculadora-zona-horaria-diferencia-ciudades-convertir,,0.5,0.5,false,false,false,true,false
same_intent,conversiones,calculadora-conversor-bolsas-cemento-por-metro-cubico,calculadora-conversor-pie-tabla-a-metro-cubico,,0.5,0.46,false,true,true,true,false
same_intent,conversiones,calculadora-conversor-fahrenheit-a-celsius-horno,conversor-celsius-fahrenheit-temperatura,,0.75,0.41,false,false,false,false,false
same_intent,conversiones,calculadora-conversion-milla-kilometro-ida-vuelta,calculadora-conversion-millas-kilometros-nudos-velocidad,,0.67,0.38,false,false,false,true,false
same_intent,conversiones,calculadora-conversor-pie-tabla-a-metro-cubico,calculadora-conversor-pies-a-metros,,0.6,0.38,false,true,true,false,false
same_intent,conversiones,calculadora-conversor-celsius-a-kelvin,calculadora-conversor-fahrenheit-a-celsius-horno,,0.6,0.35,false,true,true,false,false
same_intent,conversiones,calculadora-conversor-kw-a-hp,calculadora-conversor-milimetros-a-pulgadas,,0.75,0.33,false,true,true,false,false
same_intent,conversiones,calculadora-conversor-pulgadas-cuadradas-a-centimetros-cuadrados,conversor-pulgadas-a-centimetros,,0.6,0.33,false,true,false,true,false
same_intent,conversiones,calculadora-conversor-hectareas-a-metros-cuadrados,conversor-metros-cuadrados-hectareas-acres,,0.8,0.31,false,false,false,false,false
same_intent,conversiones,calculadora-conversor-btu-a-joules,calculadora-conversor-kwh-a-joules,,0.6,0.29,false,true,true,true,false
same_intent,conversiones,calculadora-conversor-dias-a-horas,calculadora-conversor-kw-a-hp,,0.6,0.27,false,true,true,false,false
same_intent,regla_de_tres,calculadora-regla-de-tres-inversa,calculadora-regla-de-tres-simple,,0.57,0.25,false,false,false,true,false
same_intent,,calculadora-comida-gato-diaria-gramos,calculadora-comida-perro-diaria-gramos,,0.75,0.48,false,true,false,true,false
same_intent,,calculadora-area-perimetro-circulo-radio,calculadora-area-perimetro-circulo-sector-circular,,0.75,0.44,false,false,false,true,false
same_intent,,calculadora-sueldo-en-dolares,calculadora-sueldo-en-dolares-poder-compra,,0.6,0.44,false,false,false,true,false
same_intent,,calculadora-determinante-inversa-matriz-2x2,calculadora-determinante-inversa-matriz-3x3,,0.75,0.33,false,false,false,true,false
same_intent,,calculadora-consumo-electrico-aparato-kwh-mes,calculadora-consumo-electrico-kwh-factura-luz,,0.71,0.32,false,false,false,false,false
same_intent,,calculadora-comision-uber-driver-ganancia-real-argentina-2026,calculadora-uber-driver-chile-ganancia-neta,,0.8,0.28,false,false,false,true,false
same_intent,,calculadora-salario-minimo-2026-comparativa,salario-minimo-vital-movil-argentina,,0.8,0.28,false,false,false,true,false
same_intent,,calculadora-frecuencia-cardiaca-maxima-edad,calculadora-frecuencia-cardiaca-reposo-categorias-deportistas-edad,,0.6,0.2,false,false,false,true,false
same_intent,,calculadora-sueno-bebe-horas,calculadora-sueno-ideal-edad,,0.6,0.17,false,false,false,false,false
complementary,calorias,calculadora-calorias-arroz-blanco-integral-cocido,calculadora-calorias-pan-blanco-integral-porcion,,0.33,0.46,false,false,false,true,false
complementary,conversiones,calculadora-almacenamiento-bytes-kb-mb-gb-tb,calculadora-conversor-bits-a-bytes,,0.43,0.43,false,false,false,true,false
complementary,conversiones,calculadora-conversor-horas-a-minutos,calculadora-conversor-semanas-a-dias,,0.29,0.43,false,true,true,true,false
complementary,conversiones,calculadora-conversor-talles-calzado-us-ar-eu,calculadora-talle-zapatilla-conversion,,0.44,0.43,false,false,false,true,false
complementary,regla_de_tres,calculadora-aperol-spritz-proporciones,calculadora-gin-tonic-proporciones,,0.2,0.42,false,false,false,true,false
complementary,conversiones,conversor-letras-a-numero,conversor-numero-a-letras-cantidad,,0.36,0.41,false,false,false,true,false
complementary,agua_diaria,calculadora-cano-agua-diametro-caudal,calculadora-diametro-caneria-agua-caudal,,0.2,0.4,false,false,false,true,false
complementary,conversiones,calculadora-conversion-celsius-fahrenheit-kelvin-rankine-temperatura,calculadora-conversion-fahrenheit-celsius-clima,,0.44,0.4,false,false,false,true,false
complementary,conversiones,calculadora-conversor-brazas-a-metros,calculadora-conversor-hectareas-a-metros-cuadrados,,0.4,0.4,false,true,true,true,false
complementary,conversiones,calculadora-conversor-hectareas-a-metros-cuadrados,calculadora-conversor-pies-a-metros,,0.4,0.4,false,true,true,true,false
complementary,conversiones,calculadora-metros-cuadrados-habitacion,conversor-metros-cuadrados-hectareas-acres,,0.4,0.4,false,false,false,true,false
complementary,conversiones,calculadora-conversor-talles-calzado-us-ar-eu,calculadora-conversor-talles-ropa-us-ar-eu,,0.43,0.4,false,false,true,true,false
complementary,conversiones,calculadora-conversor-dias-a-horas,calculadora-conversor-meses-a-semanas,,0.29,0.38,false,true,true,true,false
complementary,regla_de_tres,calculadora-fernet-cola-proporciones,calculadora-gin-tonic-proporciones,,0.2,0.38,false,false,false,true,false
complementary,conversiones,calculadora-conversor-bits-a-bytes,calculadora-conversor-tb-a-gb,,0.27,0.36,false,true,true,true,false
complementary,conversiones,calculadora-conversor-dias-a-horas,calculadora-conversor-horas-a-minutos,,0.5,0.36,false,true,true,true,false
complementary,conversiones,calculadora-conversor-dias-a-horas,calculadora-conversor-milimetros-a-pulgadas,,0.5,0.36,false,true,true,true,false
complementary,conversiones,calculadora-conversor-dias-a-horas,calculadora-conversor-semanas-a-dias,,0.43,0.36,false,true,true,true,false
complementary,conversiones,calculadora-conversor-meses-a-semanas,calculadora-conversor-semanas-a-dias,,0.5,0.36,false,true,true,true,false
complementary,regla_de_tres,calculadora-aperol-spritz-proporciones,calculadora-fernet-cola-proporciones,,0.2,0.36,false,false,false,true,false
complementary,agua_diaria,calculadora-cafe-french-press-ratio,calculadora-cafe-ratio-agua-gramos-metodo-preparacion,,0.18,0.35,false,false,false,true,false
complementary,,calculadora-cuota-jardin-maternal-cama-cuna-mensual-2026,calculadora-guarderia-jardin-maternal-costo-caba-mensual,,0.5,0.44,false,false,false,true,false
complementary,,calculadora-calendario-siembra-hemisferio-norte,calculadora-calendario-siembra-hemisferio-sur,,0.33,0.43,false,true,true,true,false
complementary,,calculadora-equipaje-extra-costo-aerolinea,calculadora-equipaje-vuelo-kg-lb-limites,,0.29,0.4,false,false,false,true,false
complementary,,calculadora-youtube-ingresos-vistas-pais,calculadora-youtube-shorts-fund-ingreso,,0.5,0.38,false,false,false,true,false
complementary,,calculadora-monotributo-2026,calculadora-monotributo-categoria-ingresos-tope,,0.33,0.38,false,false,false,true,false
complementary,,calculadora-capacidad-credito-hipotecario,calculadora-cuota-credito-hipotecario-uva-banco-nacion,,0.33,0.36,false,false,false,true,false
