file,slug,locale,explanation_chars,previous_status,reasons,changed
"src/content/calcs/aceleracion-fuerza-masa.json","calculadora-aceleracion-fuerza-masa","es-AR","1405","restricted","explanation-under-1500","false"
"src/content/calcs/acero-kg-m2-losa.json","calculadora-acero-kg-m2-losa","es-AR","2282","restricted","high-stakes-without-professional-review","false"
"src/content/calcs/adoquines-m2.json","calculadora-adoquines-m2","es-AR","882","restricted","explanation-under-1500","false"
"src/content/calcs/agua-diaria-necesaria.json","calculadora-agua-diaria-necesaria","es-AR","1193","restricted","explanation-under-1500|generic-data-source","false"
"src/content/calcs/almacenamiento-juegos-gb.json","calculadora-almacenamiento-juegos-gb","es-AR","1479","restricted","explanation-under-1500|generic-data-source","false"
"src/content/calcs/alquiler-auto-costo-dias.json","calculadora-alquiler-auto-costo-dias","es-AR","1143","restricted","explanation-under-1500","false"
"src/content/calcs/autonomia-tanque-lleno-kilometros.json","calculadora-autonomia-tanque-lleno-kilometros","es-AR","1353","restricted","explanation-under-1500|generic-data-source","false"
"src/content/calcs/bpm-tempo-cancion.json","calculadora-bpm-tempo-cancion","es-AR","1455","restricted","explanation-under-1500|generic-data-source","false"
"src/content/calcs/brochetas-por-invitado.json","calculadora-brochetas-por-invitado","es-AR","839","restricted","explanation-under-1500","false"
"src/content/calcs/cafe-para-evento.json","calculadora-cafe-para-evento","es-AR","857","restricted","explanation-under-1500","false"
"src/content/calcs/cafeina-dosis-rendimiento.json","calculadora-cafeina-dosis-rendimiento","es-AR","4063","restricted","high-stakes-without-professional-review","false"
"src/content/calcs/cafeina-dosis-segura-diaria-peso.json","calculadora-cafeina-dosis-segura-diaria-peso","es-AR","2940","restricted","high-stakes-without-professional-review","false"
"src/content/calcs/caida-libre-tiempo-altura.json","calculadora-caida-libre-tiempo-altura","es-AR","1356","restricted","explanation-under-1500","false"
"src/content/calcs/calculadora-acidez-orina-alimentos.json","calculadora-acidez-orina-alimentos","es-AR","1104","restricted","explanation-under-1500|generic-data-source","false"
"src/content/calcs/calculadora-anos-fluidez-idioma.json","calculadora-anos-fluidez-idioma","es-AR","932","restricted","explanation-under-1500","false"
"src/content/calcs/calculadora-apalancamiento-liquidacion.json","calculadora-apalancamiento-liquidacion","es-AR","1732","restricted","high-stakes-without-professional-review","false"
"src/content/calcs/calculadora-art-indemnizacion-tabla-incapacidad-laboral-permanente.json","calculadora-art-indemnizacion-tabla-incapacidad-laboral-permanente","es-AR","6032","restricted","high-stakes-without-professional-review","false"
"src/content/calcs/calculadora-audible-ingreso-audiolibro.json","calculadora-audible-ingreso-audiolibro","es-AR","1494","restricted","explanation-under-1500","false"
"src/content/calcs/calculadora-bcaa-pre-workout-gramos.json","calculadora-bcaa-pre-workout-gramos","es-AR","1364","restricted","explanation-under-1500","false"
"src/content/calcs/calculadora-black-scholes-opcion-call-put.json","calculadora-black-scholes-opcion-call-put","es-AR","1361","restricted","explanation-under-1500","false"
"src/content/calcs/calculadora-blog-adsense-rpm-nicho.json","calculadora-blog-adsense-rpm-nicho","es-AR","1540","restricted","adsense-benchmark-unverified","false"
"src/content/calcs/calculadora-calentamiento-estudio-minutos.json","calculadora-calentamiento-estudio-minutos","es-AR","1189","restricted","explanation-under-1500","false"
"src/content/calcs/calculadora-costo-hora-disenador-grafico.json","calculadora-costo-hora-disenador-grafico","es-AR","3019","restricted","source-topic-mismatch-bcra","false"
"src/content/calcs/calculadora-costo-impresion-3d-pieza.json","calculadora-costo-impresion-3d-pieza","es-AR","1302","restricted","explanation-under-1500|generic-data-source","false"
"src/content/calcs/calculadora-cuanto-falta-fin-de-ano-2026-dias-horas-segundos.json","calculadora-cuanto-falta-fin-de-ano-2026-dias-horas-segundos","es-AR","1355","restricted","explanation-under-1500|missing-solved-example","false"
"src/content/calcs/calculadora-cupos-champions-league-coeficiente-uefa.json","calculadora-cupos-champions-league-coeficiente-uefa","es-AR","1474","restricted","explanation-under-1500|generic-data-source","false"
"src/content/calcs/calculadora-cupos-copa-sudamericana-pais-conmebol.json","calculadora-cupos-copa-sudamericana-pais-conmebol","es-AR","1252","restricted","explanation-under-1500|generic-data-source","false"
"src/content/calcs/calculadora-cupos-europa-league-tercer-lugar-liga.json","calculadora-cupos-europa-league-tercer-lugar-liga","es-AR","1086","restricted","explanation-under-1500|generic-data-source","false"
"src/content/calcs/calculadora-de-propinas.json","calculadora-de-propinas","es-AR","0","restricted","explanation-under-1500|missing-source|missing-solved-example","false"
"src/content/calcs/calculadora-densidad-aire-temperatura-humedad-altitud-aviacion.json","calculadora-densidad-aire-temperatura-humedad-altitud-aviacion","es-AR","1478","restricted","explanation-under-1500|generic-data-source","false"
"src/content/calcs/calculadora-dias-laborables-habiles-entre-fechas.json","calculadora-dias-laborables-habiles-entre-fechas","es-AR","1363","restricted","explanation-under-1500","false"
"src/content/calcs/calculadora-dificultad-idioma-fsi.json","calculadora-dificultad-idioma-fsi","es-AR","961","restricted","explanation-under-1500","false"
"src/content/calcs/calculadora-duolingo-xp-objetivo.json","calculadora-duolingo-xp-objetivo","es-AR","1327","restricted","explanation-under-1500","false"
"src/content/calcs/calculadora-edad-humana-por-raza-perro.json","calculadora-edad-humana-por-raza-perro","es-AR","800","restricted","explanation-under-1500|generic-data-source","false"
"src/content/calcs/calculadora-edad-jubilacion-anos-aporte.json","calculadora-edad-jubilacion-anos-aporte","es-AR","4437","restricted","high-stakes-without-professional-review","false"
"src/content/calcs/calculadora-edad-quitar-panal-control-esfinteres.json","calculadora-edad-quitar-panal-control-esfinteres","es-AR","2851","restricted","high-stakes-without-professional-review","false"
"src/content/calcs/calculadora-escala-suficiente-tiempo.json","calculadora-escala-suficiente-tiempo","es-AR","1385","restricted","explanation-under-1500","false"
"src/content/calcs/calculadora-filamento-3d-necesario-modelo.json","calculadora-filamento-3d-necesario-modelo","es-AR","1367","restricted","explanation-under-1500|generic-data-source","false"
"src/content/calcs/calculadora-ganancias-monotributista-pase-regimen-general.json","calculadora-ganancias-monotributista-pase-regimen-general","es-AR","2156","restricted","high-stakes-without-professional-review","false"
"src/content/calcs/calculadora-ganancias-segunda-categoria-renta-financiera-2026.json","calculadora-ganancias-segunda-categoria-renta-financiera-2026","es-AR","4039","restricted","high-stakes-without-professional-review","false"
"src/content/calcs/calculadora-hidrometro-correccion-temperatura.json","calculadora-hidrometro-correccion-temperatura","es-AR","1335","restricted","explanation-under-1500|generic-data-source","false"
"src/content/calcs/calculadora-hierro-construccion-losa-m2.json","calculadora-hierro-construccion-losa-m2","es-AR","3629","restricted","high-stakes-without-professional-review","false"
"src/content/calcs/calculadora-horas-preparar-sat.json","calculadora-horas-preparar-sat","es-AR","1082","restricted","explanation-under-1500|generic-data-source","false"
"src/content/calcs/calculadora-impuesto-bienes-personales-2026-cripto-cedears.json","calculadora-impuesto-bienes-personales-2026-cripto-cedears","es-AR","3314","restricted","source-topic-mismatch-bcra|high-stakes-without-professional-review","false"
"src/content/calcs/calculadora-indemnizacion-despido-embarazo-estabilidad-13-salarios.json","calculadora-indemnizacion-despido-embarazo-estabilidad-13-salarios","es-AR","4893","restricted","high-stakes-without-professional-review","false"
"src/content/calcs/calculadora-indemnizacion-despido-fuerza-mayor-art-247-lct.json","calculadora-indemnizacion-despido-fuerza-mayor-art-247-lct","es-AR","5160","restricted","high-stakes-without-professional-review","false"
"src/content/calcs/calculadora-indemnizacion-despido-improcedente-espana-33-dias.json","calculadora-indemnizacion-despido-improcedente-espana-33-dias","es-AR","3546","restricted","high-stakes-without-professional-review","false"
"src/content/calcs/calculadora-indemnizacion-despido-objetivo-espana-20-dias.json","calculadora-indemnizacion-despido-objetivo-espana-20-dias","es-AR","3404","restricted","high-stakes-without-professional-review","false"
"src/content/calcs/calculadora-indemnizacion-empleada-casa-particular-ley-26844-despido.json","calculadora-indemnizacion-empleada-casa-particular-ley-26844-despido","es-AR","7235","restricted","high-stakes-without-professional-review","false"
"src/content/calcs/calculadora-indice-saciedad-alimento.json","calculadora-indice-saciedad-alimento","es-AR","1335","restricted","explanation-under-1500|generic-data-source","false"
"src/content/calcs/calculadora-ingreso-uber-airbnb-host.json","calculadora-ingreso-uber-airbnb-host","es-AR","832","restricted","explanation-under-1500","false"
"src/content/calcs/calculadora-instagram-influencer-pago-historia.json","calculadora-instagram-influencer-pago-historia","es-AR","1372","restricted","explanation-under-1500","false"
"src/content/calcs/calculadora-instagram-rate-card-por-followers.json","calculadora-instagram-rate-card-por-followers","es-AR","1412","restricted","explanation-under-1500","false"
"src/content/calcs/calculadora-jubilacion-docente-caba.json","calculadora-jubilacion-docente-caba","es-AR","2423","restricted","high-stakes-without-professional-review","false"
"src/content/calcs/calculadora-jubilacion-docente-ips-buenos-aires.json","calculadora-jubilacion-docente-ips-buenos-aires","es-AR","1937","restricted","high-stakes-without-professional-review","false"
"src/content/calcs/calculadora-kefir-leche-proporciones.json","calculadora-kefir-leche-proporciones","es-AR","1468","restricted","explanation-under-1500","false"
"src/content/calcs/calculadora-lavarropas-eficiencia-agua-litros-ciclo.json","calculadora-lavarropas-eficiencia-agua-litros-ciclo","es-AR","1296","restricted","explanation-under-1500|generic-data-source","false"
"src/content/calcs/calculadora-liquidacion-final-empleada-casa-particular-despido-art-49.json","calculadora-liquidacion-final-empleada-casa-particular-despido-art-49","es-AR","4993","restricted","high-stakes-without-professional-review","false"
"src/content/calcs/calculadora-llegada-aeropuerto-minutos-vuelo.json","calculadora-llegada-aeropuerto-minutos-vuelo","es-AR","1474","restricted","explanation-under-1500","false"
"src/content/calcs/calculadora-m2-pared-descontando-aberturas-pintura.json","calculadora-m2-pared-descontando-aberturas-pintura","es-AR","1204","restricted","explanation-under-1500|generic-data-source","false"
"src/content/calcs/calculadora-macros-dash-hipertension.json","calculadora-macros-dash-hipertension","es-AR","928","restricted","explanation-under-1500","false"
"src/content/calcs/calculadora-macros-paleo-dieta.json","calculadora-macros-paleo-dieta","es-AR","1466","restricted","explanation-under-1500","false"
"src/content/calcs/calculadora-magnesio-glicinato-vs-citrato-vs-malato-dosis.json","calculadora-magnesio-glicinato-vs-citrato-vs-malato-dosis","es-AR","3402","restricted","high-stakes-without-professional-review","false"
"src/content/calcs/calculadora-mundial-2026-comparador-selecciones-ranking.json","calculadora-mundial-2026-comparador-selecciones-ranking","es-AR","1182","restricted","explanation-under-1500","false"
"src/content/calcs/calculadora-mundial-2026-cupos-confederacion.json","calculadora-mundial-2026-cupos-confederacion","es-AR","1086","restricted","explanation-under-1500","false"
"src/content/calcs/calculadora-mundial-2026-probabilidad-ganar-penales.json","calculadora-mundial-2026-probabilidad-ganar-penales","es-AR","1288","restricted","explanation-under-1500","false"
"src/content/calcs/calculadora-ovulos-congelados-vitrificacion-precio-clinica.json","calculadora-ovulos-congelados-vitrificacion-precio-clinica","es-AR","1675","restricted","high-stakes-without-professional-review","false"
"src/content/calcs/calculadora-oxalatos-calculos-renales.json","calculadora-oxalatos-calculos-renales","es-AR","3968","restricted","generic-data-source","false"
"src/content/calcs/calculadora-pH-alimento-alcalinidad.json","calculadora-pH-alimento-alcalinidad","es-AR","1323","restricted","explanation-under-1500|generic-data-source","false"
"src/content/calcs/calculadora-pension-invalidez-anses-no-contributiva-2026-cuantia.json","calculadora-pension-invalidez-anses-no-contributiva-2026-cuantia","es-AR","3215","restricted","high-stakes-without-professional-review","false"
"src/content/calcs/calculadora-pension-no-contributiva-madre-7-hijos-anses-2026.json","calculadora-pension-no-contributiva-madre-7-hijos-anses-2026","es-AR","5110","restricted","high-stakes-without-professional-review","false"
"src/content/calcs/calculadora-peso-pla-abs-petg-volumen.json","calculadora-peso-pla-abs-petg-volumen","es-AR","1414","restricted","explanation-under-1500|generic-data-source","false"
"src/content/calcs/calculadora-plusvalia-inmueble-pba-venta-impuesto-2026.json","calculadora-plusvalia-inmueble-pba-venta-impuesto-2026","es-AR","5523","restricted","high-stakes-without-professional-review","false"
"src/content/calcs/calculadora-premios-copa-argentina-por-ronda.json","calculadora-premios-copa-argentina-por-ronda","es-AR","1454","restricted","explanation-under-1500|generic-data-source","false"
"src/content/calcs/calculadora-prima-de-antiguedad-mexico.json","calculadora-prima-de-antiguedad-mexico","es-AR","1212","restricted","explanation-under-1500","false"
"src/content/calcs/calculadora-priming-sugar-carbonatacion-cerveza.json","calculadora-priming-sugar-carbonatacion-cerveza","es-AR","1303","restricted","explanation-under-1500|generic-data-source","false"
"src/content/calcs/calculadora-proteina-por-comida-anabolismo.json","calculadora-proteina-por-comida-anabolismo","es-AR","1378","restricted","explanation-under-1500","false"
"src/content/calcs/calculadora-proyeccion-ahorro-jubilacion.json","calculadora-proyeccion-ahorro-jubilacion","es-AR","2201","restricted","high-stakes-without-professional-review","false"
"src/content/calcs/calculadora-puam-pension-universal-adulto-mayor-anses-2026.json","calculadora-puam-pension-universal-adulto-mayor-anses-2026","es-AR","3817","restricted","high-stakes-without-professional-review","false"
"src/content/calcs/calculadora-pubalgia-atletica-tiempo-recuperacion-fases.json","calculadora-pubalgia-atletica-tiempo-recuperacion-fases","es-AR","1771","restricted","generic-data-source","false"
"src/content/calcs/calculadora-puntaje-dele-spanish.json","calculadora-puntaje-dele-spanish","es-AR","1170","restricted","explanation-under-1500","false"
"src/content/calcs/calculadora-puntos-amex-membership-rewards.json","calculadora-puntos-amex-membership-rewards","es-AR","1330","restricted","explanation-under-1500","false"
"src/content/calcs/calculadora-puntos-vs-cash-vuelo-cuando-conviene.json","calculadora-puntos-vs-cash-vuelo-cuando-conviene","es-AR","1434","restricted","explanation-under-1500","false"
"src/content/calcs/calculadora-raiz-cuadrada-cubica.json","calculadora-raiz-cuadrada-cubica","es-AR","1479","restricted","explanation-under-1500","false"
"src/content/calcs/calculadora-rate-hora-freelance-nivel.json","calculadora-rate-hora-freelance-nivel","es-AR","826","restricted","explanation-under-1500","false"
"src/content/calcs/calculadora-resin-3d-mililitros-pieza.json","calculadora-resin-3d-mililitros-pieza","es-AR","1483","restricted","explanation-under-1500|generic-data-source","false"
"src/content/calcs/calculadora-score-ielts-band-objetivo.json","calculadora-score-ielts-band-objetivo","es-AR","1017","restricted","explanation-under-1500|generic-data-source","false"
"src/content/calcs/calculadora-speaking-hours-necesarias.json","calculadora-speaking-hours-necesarias","es-AR","1372","restricted","explanation-under-1500","false"
"src/content/calcs/calculadora-spotify-royalties-streams.json","calculadora-spotify-royalties-streams","es-AR","1484","restricted","explanation-under-1500","false"
"src/content/calcs/calculadora-substack-suscriptores-meta.json","calculadora-substack-suscriptores-meta","es-AR","1458","restricted","explanation-under-1500","false"
"src/content/calcs/calculadora-tiempo-impresion-3d-layer.json","calculadora-tiempo-impresion-3d-layer","es-AR","1247","restricted","explanation-under-1500|generic-data-source","false"
"src/content/calcs/calculadora-tiempo-recuperacion-isquiotibial-grado-1-2-3.json","calculadora-tiempo-recuperacion-isquiotibial-grado-1-2-3","es-AR","5036","restricted","generic-data-source","false"
"src/content/calcs/calculadora-tiktok-engagement-rate.json","calculadora-tiktok-engagement-rate","es-AR","1233","restricted","explanation-under-1500","false"
"src/content/calcs/calculadora-tiktok-spark-ads-costo.json","calculadora-tiktok-spark-ads-costo","es-AR","976","restricted","explanation-under-1500","false"
"src/content/calcs/calculadora-twitch-bits-donaciones-dolares.json","calculadora-twitch-bits-donaciones-dolares","es-AR","1253","restricted","explanation-under-1500","false"
"src/content/calcs/calculadora-twitch-horas-para-partner.json","calculadora-twitch-horas-para-partner","es-AR","1400","restricted","explanation-under-1500","false"
"src/content/calcs/calculadora-vacaciones-no-tomadas-indemnizacion-formula.json","calculadora-vacaciones-no-tomadas-indemnizacion-formula","es-AR","2847","restricted","high-stakes-without-professional-review","false"
"src/content/calcs/calculadora-vacunas-bebe-calendario-2026-argentina-edad.json","calculadora-vacunas-bebe-calendario-2026-argentina-edad","es-AR","5395","restricted","missing-solved-example","false"
"src/content/calcs/calculadora-valuacion-fiscal-neuquen-2026-impuesto-inmobiliario.json","calculadora-valuacion-fiscal-neuquen-2026-impuesto-inmobiliario","es-AR","3181","restricted","missing-solved-example|high-stakes-without-professional-review","false"
"src/content/calcs/calculadora-velocidad-sonido-segun-temperatura-aire.json","calculadora-velocidad-sonido-segun-temperatura-aire","es-AR","1486","restricted","explanation-under-1500|generic-data-source","false"
"src/content/calcs/calculadora-velocidad-sprint-30m-futbol-por-posicion.json","calculadora-velocidad-sprint-30m-futbol-por-posicion","es-AR","1397","restricted","explanation-under-1500","false"
"src/content/calcs/calculadora-youtube-cpm-por-nicho.json","calculadora-youtube-cpm-por-nicho","es-AR","1198","restricted","explanation-under-1500|generic-data-source","false"
"src/content/calcs/calculadora-youtube-ingresos-vistas-pais.json","calculadora-youtube-ingresos-vistas-pais","es-AR","900","restricted","explanation-under-1500|generic-data-source","false"
"src/content/calcs/calculadora-youtube-retention-rate-benchmark.json","calculadora-youtube-retention-rate-benchmark","es-AR","1125","restricted","explanation-under-1500","false"
"src/content/calcs/calculadora-youtube-suscriptores-para-1000.json","calculadora-youtube-suscriptores-para-1000","es-AR","1288","restricted","explanation-under-1500","false"
"src/content/calcs/calculadora-youtube-tiempo-para-monetizar.json","calculadora-youtube-tiempo-para-monetizar","es-AR","743","restricted","explanation-under-1500|generic-data-source","false"
"src/content/calcs/calorias-escaleras.json","calculadora-calorias-subir-escaleras-pisos","es-AR","1408","restricted","explanation-under-1500","false"
"src/content/calcs/calorias-lactancia.json","calculadora-calorias-lactancia","es-AR","887","restricted","explanation-under-1500","false"
"src/content/calcs/calorias-tareas-hogar.json","calculadora-calorias-quemadas-tareas-domesticas","es-AR","1280","restricted","explanation-under-1500","false"
"src/content/calcs/calorias-yoga.json","calculadora-calorias-quemadas-yoga-pilates","es-AR","1497","restricted","explanation-under-1500","false"
"src/content/calcs/cano-estructural-peso-ml.json","calculadora-cano-estructural-peso-ml","es-AR","1860","restricted","high-stakes-without-professional-review","false"
"src/content/calcs/capacitor-carga-descarga-rc.json","calculadora-capacitor-carga-descarga-rc","es-AR","1345","restricted","explanation-under-1500","false"
"src/content/calcs/carbon-asado-kg.json","calculadora-carbon-asado-kg","es-AR","782","restricted","explanation-under-1500","false"
"src/content/calcs/cedear-ratio-conversion-dolares.json","calculadora-cedear-ratio-conversion-dolares","es-AR","1385","restricted","explanation-under-1500|generic-data-source","false"
"src/content/calcs/cesantias-colombia-liquidacion.json","calculadora-liquidacion-cesantias-colombia-2026","es-AR","1619","restricted","high-stakes-without-professional-review","false"
"src/content/calcs/chi-cuadrado-independencia.json","calculadora-chi-cuadrado-independencia","es-AR","1391","restricted","explanation-under-1500","false"
"src/content/calcs/ciclo-menstrual.json","calculadora-ciclo-menstrual","es-AR","1159","restricted","explanation-under-1500","false"
"src/content/calcs/cintura-altura-whtr.json","calculadora-indice-cintura-altura-whtr-riesgo","es-AR","1457","restricted","explanation-under-1500","false"
"src/content/calcs/color-cabello-ideal.json","calculadora-color-cabello-tono-piel","es-AR","1486","restricted","explanation-under-1500","false"
"src/content/calcs/comida-para-invitados.json","calculadora-comida-para-invitados","es-AR","953","restricted","explanation-under-1500","false"
"src/content/calcs/comparar-inversiones.json","calculadora-comparar-dos-inversiones-rendimiento","es-AR","2937","restricted","source-topic-mismatch-bcra","false"
"src/content/calcs/compas-tiempo-pulso.json","calculadora-compas-tiempo-pulso","es-AR","1420","restricted","explanation-under-1500","false"
"src/content/calcs/compras-chile-vs-argentina.json","calculadora-compras-chile-vs-argentina","es-AR","0","restricted","explanation-under-1500|missing-solved-example","false"
"src/content/calcs/consumo-agua-mensual.json","calculadora-consumo-agua-mensual","es-AR","1077","restricted","explanation-under-1500|generic-data-source","false"
"src/content/calcs/consumo-electronica-hogar-watts-mensual.json","calculadora-consumo-electronica-hogar-watts-mensual","es-AR","1869","restricted","duplicate-meta-description","false"
"src/content/calcs/contrapiso-m3.json","calculadora-contrapiso-m3","es-AR","827","restricted","explanation-under-1500","false"
"src/content/calcs/conversion-colesterol-mg-mmol.json","calculadora-conversion-colesterol-mg-mmol","es-AR","1448","restricted","explanation-under-1500","false"
"src/content/calcs/conversion-cups-gramos-harina-azucar-aceite.json","calculadora-conversion-cups-gramos-harina-azucar-aceite","es-AR","878","restricted","explanation-under-1500","false"
"src/content/calcs/conversion-pulgada-centimetro-screen.json","calculadora-conversion-pulgada-centimetro-screen","es-AR","1316","restricted","explanation-under-1500","false"
"src/content/calcs/conversion-temperaturas-horno-gas-electrico.json","calculadora-conversion-temperaturas-horno-gas-electrico","es-AR","1282","restricted","explanation-under-1500","false"
"src/content/calcs/conversion-tna-tem.json","calculadora-conversion-tna-tem-tea","es-AR","2398","restricted","source-topic-mismatch-bcra","false"
"src/content/calcs/conversion-torque-nm-lb-ft-kgm.json","calculadora-conversion-torque-nm-lb-ft-kgm","es-AR","1263","restricted","explanation-under-1500","false"
"src/content/calcs/conversor-acres-a-hectareas.json","calculadora-conversor-acres-a-hectareas","es-AR","1380","restricted","explanation-under-1500","false"
"src/content/calcs/conversor-celsius-a-kelvin.json","calculadora-conversor-celsius-a-kelvin","es-AR","1455","restricted","explanation-under-1500","false"
"src/content/calcs/conversor-mbps-a-mb-s.json","calculadora-conversor-mbps-a-mb-s","es-AR","1434","restricted","explanation-under-1500","false"
"src/content/calcs/conversor-milisegundos-a-segundos.json","calculadora-conversor-milisegundos-a-segundos","es-AR","1388","restricted","explanation-under-1500","false"
"src/content/calcs/conversor-pie-tabla-a-metro-cubico.json","calculadora-conversor-pie-tabla-a-metro-cubico","es-AR","1431","restricted","explanation-under-1500","false"
"src/content/calcs/conversor-pies-a-metros.json","calculadora-conversor-pies-a-metros","es-AR","1298","restricted","explanation-under-1500","false"
"src/content/calcs/conversor-pies-a-pulgadas.json","calculadora-conversor-pies-a-pulgadas","es-AR","1351","restricted","explanation-under-1500","false"
"src/content/calcs/conversor-psi-a-bar.json","calculadora-conversor-psi-a-bar","es-AR","1478","restricted","explanation-under-1500","false"
"src/content/calcs/conversor-pulgadas-cuadradas-a-centimetros-cuadrados.json","calculadora-conversor-pulgadas-cuadradas-a-centimetros-cuadrados","es-AR","1377","restricted","explanation-under-1500","false"
"src/content/calcs/conversor-semanas-a-dias.json","calculadora-conversor-semanas-a-dias","es-AR","1348","restricted","explanation-under-1500","false"
"src/content/calcs/costo-balneario-playa-argentina.json","calculadora-costo-balneario-playa-argentina","es-AR","0","restricted","explanation-under-1500|missing-source|missing-solved-example","false"
"src/content/calcs/costo-camping-escapada-argentina.json","calculadora-costo-camping-escapada-argentina","es-AR","0","restricted","explanation-under-1500|missing-source|missing-solved-example","false"
"src/content/calcs/costo-cine-familia-argentina.json","calculadora-costo-cine-familia-argentina","es-AR","0","restricted","explanation-under-1500|missing-source|missing-solved-example","false"
"src/content/calcs/costo-colonia-vacaciones-argentina.json","calculadora-costo-colonia-vacaciones-argentina","es-AR","0","restricted","explanation-under-1500|missing-source|missing-solved-example","false"
"src/content/calcs/costo-fiv-argentina.json","calculadora-costo-fiv-argentina","es-AR","981","restricted","explanation-under-1500|generic-data-source","false"
"src/content/calcs/costo-parque-diversiones-salida-infantil.json","calculadora-costo-parque-diversiones-salida-infantil","es-AR","0","restricted","explanation-under-1500|missing-source|missing-solved-example","false"
"src/content/calcs/costo-por-unidad.json","calculadora-costo-por-unidad","es-AR","899","restricted","explanation-under-1500","false"
"src/content/calcs/costo-previa-boliche-argentina.json","calculadora-costo-previa-boliche-argentina","es-AR","0","restricted","explanation-under-1500|missing-source|missing-solved-example","false"
"src/content/calcs/costo-real-cuotas.json","calculadora-costo-real-cuotas-vs-contado","es-AR","2560","restricted","source-topic-mismatch-bcra","false"
"src/content/calcs/costo-recital-festival-argentina.json","calculadora-costo-recital-festival-argentina","es-AR","0","restricted","explanation-under-1500|missing-source|missing-solved-example","false"
"src/content/calcs/costo-salida-cancha-argentina.json","calculadora-costo-salida-cancha-argentina","es-AR","0","restricted","explanation-under-1500|missing-source|missing-solved-example","false"
"src/content/calcs/costo-streaming-argentina.json","calculadora-costo-streaming-argentina","es-AR","0","restricted","explanation-under-1500|missing-source|missing-solved-example","false"
"src/content/calcs/creatina-dosis-carga-mantenimiento.json","calculadora-creatina-dosis-carga-mantenimiento","es-AR","4573","restricted","high-stakes-without-professional-review","false"
"src/content/calcs/cuantas-materias-faltan.json","calculadora-materias-faltan-recibirte","es-AR","1393","restricted","explanation-under-1500|generic-data-source","false"
"src/content/calcs/cuanto-ahorrar-dia-semana-meta.json","calculadora-cuanto-ahorrar-dia-semana-meta","es-AR","933","restricted","explanation-under-1500|source-topic-mismatch-bcra","false"
"src/content/calcs/cuanto-falta-jubilarse-jubilacion-edad-aportes.json","calculadora-cuanto-falta-jubilarse-jubilacion-edad-aportes","es-AR","2153","restricted","high-stakes-without-professional-review","false"
"src/content/calcs/cuanto-gasto-en-delivery.json","calculadora-cuanto-gasto-en-delivery","es-AR","1698","restricted","source-topic-mismatch-bcra","false"
"src/content/calcs/cuenta-regresiva-fecha.json","calculadora-cuenta-regresiva-dias-faltan","es-AR","1479","restricted","explanation-under-1500","false"
"src/content/calcs/deduccion-alquiler-ganancias-40-porciento.json","calculadora-deduccion-alquiler-ganancias-40-porciento","es-AR","2808","restricted","high-stakes-without-professional-review","false"
"src/content/calcs/deduccion-familia-conyuge-hijo-ganancias.json","calculadora-deduccion-familia-conyuge-hijo-ganancias","es-AR","2776","restricted","high-stakes-without-professional-review","false"
"src/content/calcs/deduccion-prepaga-medicina-ganancias.json","calculadora-deduccion-prepaga-medicina-ganancias","es-AR","3818","restricted","high-stakes-without-professional-review","false"
"src/content/calcs/desalojo-causa-plazos-honorarios-juicio.json","calculadora-desalojo-causa-plazos-honorarios-juicio","es-AR","5144","restricted","source-topic-mismatch-bcra","false"
"src/content/calcs/desarrollo-motor-bebe.json","calculadora-desarrollo-motor-bebe","es-AR","1194","restricted","explanation-under-1500","false"
"src/content/calcs/deuda-bola-nieve.json","calculadora-deuda-bola-nieve","es-AR","5062","restricted","source-topic-mismatch-bcra","false"
"src/content/calcs/deuda-tarjeta-pago-minimo-meses.json","calculadora-deuda-tarjeta-pago-minimo-meses","es-AR","1761","restricted","source-topic-mismatch-bcra","false"
"src/content/calcs/dias-juntos-pareja.json","calculadora-dias-juntos-pareja","es-AR","1471","restricted","explanation-under-1500","false"
"src/content/calcs/dias-vacaciones-me-alcanza.json","calculadora-dias-vacaciones-me-alcanza","es-AR","0","restricted","explanation-under-1500|missing-source|missing-solved-example","false"
"src/content/calcs/divisor-tension-resistivo.json","calculadora-divisor-tension-resistivo","es-AR","1467","restricted","explanation-under-1500","false"
"src/content/calcs/divorcio-liquidacion-bienes-gananciales-costo.json","calculadora-divorcio-liquidacion-bienes-gananciales-costo","es-AR","4098","restricted","high-stakes-without-professional-review","false"
"src/content/calcs/dosis-antiparasitario.json","calculadora-dosis-antiparasitario-perro-gato-peso","es-AR","1602","restricted","generic-data-source|high-stakes-without-professional-review","false"
"src/content/calcs/dosis-antipulgas-peso-mascota.json","calculadora-dosis-antipulgas-peso-mascota","es-AR","3034","restricted","generic-data-source|high-stakes-without-professional-review","false"
"src/content/calcs/dosis-mascota.json","calculadora-dosis-medicamento-mascota-por-peso","es-AR","6594","restricted","generic-data-source|high-stakes-without-professional-review","false"
"src/content/calcs/dso.json","calculadora-dso-dias-promedio-cobro","es-AR","6839","restricted","source-topic-mismatch-bcra","false"
"src/content/calcs/edad-corregida-prematuro.json","calculadora-edad-corregida-prematuro","es-AR","750","restricted","explanation-under-1500|generic-data-source","false"
"src/content/calcs/edad-perro-humano-raza-tamano.json","calculadora-edad-perro-humano-raza-tamano","es-AR","2340","restricted","duplicate-meta-description","false"
"src/content/calcs/embarazo-gemelar.json","calculadora-embarazo-gemelar","es-AR","1391","restricted","explanation-under-1500","false"
"src/content/calcs/emigrar-espana-presupuesto-inicial-6meses.json","calculadora-emigrar-espana-presupuesto-inicial-6meses","es-AR","2193","restricted","duplicate-meta-description","false"
"src/content/calcs/ensalada-por-persona.json","calculadora-ensalada-por-persona","es-AR","652","restricted","explanation-under-1500","false"
"src/content/calcs/escala-plano-mapa.json","calculadora-escala-plano-mapa","es-AR","1306","restricted","explanation-under-1500","false"
"src/content/calcs/estatura-adulta-hijo.json","calculadora-estatura-adulta-hijo","es-AR","915","restricted","explanation-under-1500","false"
"src/content/calcs/exposicion-sol-vitamina-d.json","calculadora-exposicion-sol-vitamina-d","es-AR","4353","restricted","generic-data-source","false"
"src/content/calcs/facturas-por-persona-desayuno.json","calculadora-facturas-por-persona-desayuno","es-AR","820","restricted","explanation-under-1500","false"
"src/content/calcs/fecha-concepcion.json","calculadora-fecha-probable-concepcion","es-AR","1408","restricted","explanation-under-1500","false"
"src/content/calcs/fertilidad-masculina-edad.json","calculadora-fertilidad-masculina-edad","es-AR","918","restricted","explanation-under-1500|high-stakes-without-professional-review","false"
"src/content/calcs/finiquito-mexico-calculo.json","calculadora-finiquito-liquidacion-mexico-2026","es-AR","4580","restricted","high-stakes-without-professional-review","false"
"src/content/calcs/fondo-emergencia-meses-gastos-cuanto.json","calculadora-fondo-emergencia-meses-gastos-cuanto","es-AR","3935","restricted","source-topic-mismatch-bcra","false"
"src/content/calcs/fusible-amperaje-cable-seccion.json","calculadora-fusible-amperaje-cable-seccion","es-AR","1106","restricted","explanation-under-1500|generic-data-source|high-stakes-without-professional-review","false"
"src/content/calcs/ganancias-aguinaldo-sac-retencion.json","calculadora-ganancias-aguinaldo-sac-retencion","es-AR","4725","restricted","high-stakes-without-professional-review","false"
"src/content/calcs/ganancias-empleados-4ta-categoria-2026.json","calculadora-ganancias-empleados-4ta-categoria-2026","es-AR","5689","restricted","high-stakes-without-professional-review","false"
"src/content/calcs/ganancias-rg830.json","calculadora-retencion-ganancias-rg-830","es-AR","4247","restricted","high-stakes-without-professional-review","false"
"src/content/calcs/ganancias-sueldo.json","calculadora-impuesto-ganancias-sueldo","es-AR","6640","restricted","high-stakes-without-professional-review","false"
"src/content/calcs/ganancias-tramos-empleado-mensual-2026.json","calculadora-ganancias-tramos-empleado-mensual-2026","es-AR","4470","restricted","high-stakes-without-professional-review","false"
"src/content/calcs/garrafa-gas-duracion.json","calculadora-garrafa-gas-duracion","es-AR","943","restricted","explanation-under-1500","false"
"src/content/calcs/gastos-escritura-compraventa.json","calculadora-gastos-escritura-compraventa","es-AR","1871","restricted","source-topic-mismatch-bcra","false"
"src/content/calcs/gastos-escriturar-vivienda-primera-casa.json","calculadora-gastos-escriturar-vivienda-primera-casa","es-AR","2566","restricted","source-topic-mismatch-bcra","false"
"src/content/calcs/generador-qr.json","calculadora-generador-qr","es-AR","5279","restricted","source-topic-mismatch-bcra","false"
"src/content/calcs/gestacion-animal.json","calculadora-gestacion-perro-gato-duracion-parto","es-AR","1274","restricted","explanation-under-1500","false"
"src/content/calcs/gestacion-perra.json","calculadora-gestacion-perra","es-AR","1290","restricted","explanation-under-1500|generic-data-source","false"
"src/content/calcs/handicap-golf-estimado.json","calculadora-handicap-golf-estimado","es-AR","1461","restricted","explanation-under-1500","false"
"src/content/calcs/hidratacion-corredor.json","calculadora-hidratacion-corredor-maraton-carrera","es-AR","3289","restricted","generic-data-source","false"
"src/content/calcs/hielo-para-fiesta.json","calculadora-hielo-para-fiesta","es-AR","918","restricted","explanation-under-1500","false"
"src/content/calcs/hora-mundo-zona-horaria.json","calculadora-hora-mundo-zona-horaria","es-AR","1131","restricted","explanation-under-1500","false"
"src/content/calcs/hotel-vs-alquiler-temporario-escapada.json","calculadora-hotel-vs-alquiler-temporario-escapada","es-AR","0","restricted","explanation-under-1500|missing-source|missing-solved-example","false"
"src/content/calcs/iluminacion-lux-ambiente.json","calculadora-iluminacion-lux-lumens-ambiente","es-AR","1387","restricted","explanation-under-1500","false"
"src/content/calcs/imc-infantil-percentil.json","calculadora-imc-infantil-percentil","es-AR","672","restricted","explanation-under-1500","false"
"src/content/calcs/implantacion-embrion.json","calculadora-implantacion-embrion","es-AR","1075","restricted","explanation-under-1500","false"
"src/content/calcs/impuesto-debitos-creditos.json","calculadora-impuesto-cheque-debitos-creditos","es-AR","4994","restricted","high-stakes-without-professional-review","false"
"src/content/calcs/impuesto-ganancia-cripto-argentina.json","calculadora-impuesto-ganancia-cripto-argentina-2026","es-AR","5383","restricted","high-stakes-without-professional-review","false"
"src/content/calcs/impuesto-pais-pasaje-avion-internacional.json","calculadora-impuesto-pais-pasaje-avion-internacional","es-AR","4396","restricted","duplicate-meta-description|high-stakes-without-professional-review","false"
"src/content/calcs/impuesto-renta-peru.json","calculadora-impuesto-renta-peru-4ta-5ta-2026","es-AR","1363","restricted","explanation-under-1500|generic-data-source|high-stakes-without-professional-review","false"
"src/content/calcs/impuesto-sellos-inmueble-contrato.json","calculadora-impuesto-sellos-inmueble-contrato","es-AR","1943","restricted","high-stakes-without-professional-review","false"
"src/content/calcs/impuesto-transferencia-itu-iti-inmueble.json","calculadora-impuesto-transferencia-itu-iti-inmueble","es-AR","3975","restricted","high-stakes-without-professional-review","false"
"src/content/calcs/indemnizacion.json","calculadora-indemnizacion-despido","es-AR","4306","restricted","high-stakes-without-professional-review","false"
"src/content/calcs/indice-bienestar-who5.json","calculadora-indice-bienestar-who5","es-AR","1481","restricted","explanation-under-1500|generic-data-source","false"
"src/content/calcs/indice-readability.json","calculadora-legibilidad-texto-flesch","es-AR","1290","restricted","explanation-under-1500|generic-data-source","false"
"src/content/calcs/inflacion-perdida-poder-adquisitivo.json","calculadora-inflacion-perdida-poder-adquisitivo","es-AR","1442","restricted","explanation-under-1500|generic-data-source","false"
"src/content/calcs/influencer-tarifa-estimada.json","calculadora-influencer-tarifa-estimada","es-AR","4850","restricted","source-topic-mismatch-bcra","false"
"src/content/calcs/intervalo-confianza-media.json","calculadora-intervalo-confianza-media","es-AR","1456","restricted","explanation-under-1500|generic-data-source","false"
"src/content/calcs/isr-mexico-2026.json","calculadora-isr-mensual-mexico-2026","es-AR","1049","restricted","explanation-under-1500|generic-data-source","false"
"src/content/calcs/iva-paises-latam.json","calculadora-iva-paises-latinoamerica","es-AR","1380","restricted","explanation-under-1500","false"
"src/content/calcs/jubilacion-anses-monto-minimo-maxima-2026.json","calculadora-jubilacion-anses-monto-minimo-maxima-2026","es-AR","3563","restricted","high-stakes-without-professional-review","false"
"src/content/calcs/jubilacion-cuanto-necesito.json","calculadora-jubilacion-cuanto-necesito","es-AR","1887","restricted","high-stakes-without-professional-review","false"
"src/content/calcs/jubilacion-haber-movilidad-trimestral.json","calculadora-jubilacion-haber-movilidad-trimestral","es-AR","1627","restricted","high-stakes-without-professional-review","false"
"src/content/calcs/jubilacion-minima.json","calculadora-jubilacion-minima-anses","es-AR","5582","restricted","high-stakes-without-professional-review","false"
"src/content/calcs/leche-materna-formula.json","calculadora-leche-materna-formula","es-AR","978","restricted","explanation-under-1500","false"
"src/content/calcs/lena-estufa-hogar-invierno.json","calculadora-lena-estufa-hogar-invierno","es-AR","949","restricted","explanation-under-1500","false"
"src/content/calcs/leverage-trading-liquidacion-precio.json","calculadora-leverage-trading-liquidacion-precio","es-AR","4668","restricted","high-stakes-without-professional-review","false"
"src/content/calcs/liquidacion-final-renuncia.json","calculadora-liquidacion-final-renuncia","es-AR","2468","restricted","high-stakes-without-professional-review","false"
"src/content/calcs/machimbre-revestimiento-m2.json","calculadora-machimbre-revestimiento-m2","es-AR","891","restricted","explanation-under-1500","false"
"src/content/calcs/magnesio-dosis-deficiencia-sintomas.json","calculadora-magnesio-dosis-deficiencia-sintomas","es-AR","3865","restricted","high-stakes-without-professional-review","false"
"src/content/calcs/malla-sima-losa-m2.json","calculadora-malla-sima-losa-m2","es-AR","1904","restricted","high-stakes-without-professional-review","false"
"src/content/calcs/masa-pizza.json","calculadora-masa-pizza-ingredientes-porciones","es-AR","1377","restricted","explanation-under-1500|generic-data-source","false"
"src/content/calcs/mate-yerba-para-ronda.json","calculadora-mate-yerba-para-ronda","es-AR","833","restricted","explanation-under-1500","false"
"src/content/calcs/meta-ahorro-mensual.json","calculadora-cuanto-ahorrar-por-mes-meta","es-AR","2179","restricted","source-topic-mismatch-bcra","false"
"src/content/calcs/milanesas-por-persona.json","calculadora-milanesas-por-persona","es-AR","964","restricted","explanation-under-1500","false"
"src/content/calcs/millaje-frecuente-aerolineas-argentinas-programas.json","calculadora-millaje-frecuente-aerolineas-argentinas-programas","es-AR","4063","restricted","duplicate-meta-description","false"
"src/content/calcs/monotributo-categoria-ingresos-tope.json","calculadora-monotributo-categoria-ingresos-tope","es-AR","1453","restricted","explanation-under-1500","false"
"src/content/calcs/nafta-mensual-commute.json","calculadora-nafta-mensual-commute","es-AR","1108","restricted","explanation-under-1500","false"
"src/content/calcs/nivel-estres-percibido.json","calculadora-nivel-estres-percibido","es-AR","1197","restricted","explanation-under-1500","false"
"src/content/calcs/noches-hospedaje-costo.json","calculadora-noches-hospedaje-costo","es-AR","1005","restricted","explanation-under-1500","false"
"src/content/calcs/nombre-bebe-significado.json","calculadora-nombre-bebe-significado","es-AR","637","restricted","explanation-under-1500","false"
"src/content/calcs/numero-oxidacion-elemento.json","calculadora-numero-oxidacion-elemento","es-AR","1112","restricted","explanation-under-1500|generic-data-source","false"
"src/content/calcs/obra-social-monotributo-2026.json","calculadora-obra-social-monotributo-2026","es-AR","1468","restricted","explanation-under-1500","false"
"src/content/calcs/onda-longitud-frecuencia-velocidad.json","calculadora-onda-longitud-frecuencia-velocidad","es-AR","1415","restricted","explanation-under-1500","false"
"src/content/calcs/ovulacion.json","calculadora-ovulacion-dias-fertiles","es-AR","4041","restricted","high-stakes-without-professional-review","false"
"src/content/calcs/pan-para-comida-evento.json","calculadora-pan-para-comida-evento","es-AR","681","restricted","explanation-under-1500","false"
"src/content/calcs/pasaje-aereo-millas-vs-pesos-canjear.json","calculadora-pasaje-aereo-millas-vs-pesos-canjear","es-AR","3783","restricted","source-topic-mismatch-bcra","false"
"src/content/calcs/pension-alimentaria-hijo-porcentaje-sueldo-detallada.json","calculadora-pension-alimentaria-hijo-porcentaje-sueldo-detallada","es-AR","4361","restricted","high-stakes-without-professional-review","false"
"src/content/calcs/pension-viudez-porcentaje-conyuge.json","calculadora-pension-viudez-porcentaje-conyuge","es-AR","5800","restricted","high-stakes-without-professional-review","false"
"src/content/calcs/percentil-bebe-oms.json","calculadora-percentil-bebe-oms","es-AR","1245","restricted","explanation-under-1500","false"
"src/content/calcs/percentil-dato.json","calculadora-percentil-dato","es-AR","1174","restricted","explanation-under-1500|generic-data-source","false"
"src/content/calcs/percentil-ecografia.json","calculadora-percentil-ecografia","es-AR","1145","restricted","explanation-under-1500|generic-data-source","false"
"src/content/calcs/percepcion-dolar-tarjeta-impuesto-pais.json","calculadora-percepcion-dolar-tarjeta-impuesto-pais","es-AR","2575","restricted","high-stakes-without-professional-review","false"
"src/content/calcs/peso-embarazo.json","calculadora-aumento-peso-recomendado-embarazo","es-AR","1371","restricted","explanation-under-1500","false"
"src/content/calcs/peso-en-otro-planeta.json","calculadora-peso-en-otro-planeta","es-AR","1200","restricted","explanation-under-1500","false"
"src/content/calcs/peso-posparto.json","calculadora-peso-posparto","es-AR","985","restricted","explanation-under-1500|generic-data-source","false"
"src/content/calcs/ph-concentracion-hidrogeno.json","calculadora-ph-concentracion-hidrogeno","es-AR","1043","restricted","explanation-under-1500","false"
"src/content/calcs/ping-latencia-distancia.json","calculadora-ping-latencia-distancia","es-AR","1314","restricted","explanation-under-1500","false"
"src/content/calcs/pintura-pileta-piscina-m2.json","calculadora-pintura-pileta-piscina-m2","es-AR","1104","restricted","explanation-under-1500","false"
"src/content/calcs/pintura-rejas-metal-litros.json","calculadora-pintura-rejas-metal-litros","es-AR","874","restricted","explanation-under-1500","false"
"src/content/calcs/plazo-prescripcion-deuda.json","calculadora-plazo-prescripcion-deuda","es-AR","1295","restricted","explanation-under-1500","false"
"src/content/calcs/poda-frecuencia-arbol.json","calculadora-poda-frecuencia-arbol-especie","es-AR","1404","restricted","explanation-under-1500|generic-data-source","false"
"src/content/calcs/pollo-por-persona.json","calculadora-pollo-por-persona","es-AR","996","restricted","explanation-under-1500","false"
"src/content/calcs/porcentaje-de-ahorro.json","calculadora-porcentaje-de-ahorro","es-AR","924","restricted","explanation-under-1500","false"
"src/content/calcs/porcentaje-de-numero-calculadora.json","calculadora-porcentaje-de-numero-calculadora","es-AR","2563","restricted","source-topic-mismatch-bcra","false"
"src/content/calcs/porciones-torta.json","calculadora-porciones-torta-tamano-molde","es-AR","1215","restricted","explanation-under-1500|generic-data-source","false"
"src/content/calcs/posparto-recuperacion.json","calculadora-posparto-recuperacion","es-AR","1173","restricted","explanation-under-1500","false"
"src/content/calcs/potencia-electrica-watts-volts-amperes.json","calculadora-potencia-electrica-watts-volts-amperes","es-AR","4297","restricted","high-stakes-without-professional-review","false"
"src/content/calcs/potencia-electrica-watts.json","calculadora-potencia-electrica-watts","es-AR","1296","restricted","explanation-under-1500|high-stakes-without-professional-review","false"
"src/content/calcs/precio-valor-libro.json","calculadora-price-to-book-ratio-valor-libros","es-AR","1136","restricted","explanation-under-1500|generic-data-source","false"
"src/content/calcs/presentismo-puntualidad.json","calculadora-presentismo-puntualidad","es-AR","1367","restricted","explanation-under-1500|generic-data-source","false"
"src/content/calcs/prima-servicios-colombia.json","calculadora-prima-servicios-colombia-2026","es-AR","1269","restricted","explanation-under-1500|generic-data-source","false"
"src/content/calcs/prima-vacacional-mexico.json","calculadora-prima-vacacional-mexico-2026","es-AR","1299","restricted","explanation-under-1500","false"
"src/content/calcs/proyectos-hogar.json","calculadora-proyectos-hogar","es-AR","851","restricted","explanation-under-1500","false"
"src/content/calcs/punto-equilibrio-opciones.json","calculadora-break-even-opciones-call-put","es-AR","1344","restricted","explanation-under-1500|generic-data-source","false"
"src/content/calcs/puntos-necesarios-clasificar-futbol.json","calculadora-puntos-necesarios-clasificar-futbol","es-AR","693","restricted","explanation-under-1500|generic-data-source","false"
"src/content/calcs/que-sueldo-necesito-para-comprar-un-auto.json","calculadora-que-sueldo-necesito-para-comprar-un-auto","es-AR","2766","restricted","source-topic-mismatch-bcra","false"
"src/content/calcs/rankeo-elo-puntos.json","calculadora-rankeo-elo-puntos","es-AR","1224","restricted","explanation-under-1500|generic-data-source","false"
"src/content/calcs/recibo-de-sueldo-argentina.json","simulador-recibo-de-sueldo-argentina","es-AR","0","restricted","explanation-under-1500","false"
"src/content/calcs/regla-tres-compuesta.json","calculadora-regla-tres-compuesta","es-AR","1436","restricted","explanation-under-1500","false"
"src/content/calcs/regresion-lineal-simple.json","calculadora-regresion-lineal-simple","es-AR","1309","restricted","explanation-under-1500|generic-data-source","false"
"src/content/calcs/rendimiento-anualizado-inversion.json","calculadora-cagr-rendimiento-anualizado-compuesto","es-AR","1233","restricted","explanation-under-1500|generic-data-source","false"
"src/content/calcs/renta-colombia-persona-natural.json","calculadora-impuesto-renta-colombia-persona-natural-2026","es-AR","1307","restricted","explanation-under-1500|generic-data-source|high-stakes-without-professional-review","false"
"src/content/calcs/resistencia-paralelo-serie.json","calculadora-resistencia-paralelo-serie","es-AR","1403","restricted","explanation-under-1500","false"
"src/content/calcs/retencion-ganancias-siradig-trabajador.json","calculadora-retencion-ganancias-siradig-trabajador","es-AR","4283","restricted","high-stakes-without-professional-review","false"
"src/content/calcs/retencion-rg2616-proveedor-monotributo.json","calculadora-retencion-rg2616-proveedor-monotributo","es-AR","3904","restricted","generic-data-source","false"
"src/content/calcs/ritmo-carrera-pace-km.json","calculadora-ritmo-carrera-pace-km","es-AR","1267","restricted","explanation-under-1500","false"
"src/content/calcs/salario-real-inflacion.json","calculadora-salario-real-inflacion","es-AR","1356","restricted","explanation-under-1500|generic-data-source","false"
"src/content/calcs/sandwiches-miga-por-persona.json","calculadora-sandwiches-miga-por-persona","es-AR","868","restricted","explanation-under-1500","false"
"src/content/calcs/semanas-gestacion-ecografia.json","calculadora-semanas-gestacion-ecografia","es-AR","1432","restricted","explanation-under-1500","false"
"src/content/calcs/simulador-costo-mantener-auto.json","simulador-costo-mantener-auto","es-AR","0","restricted","explanation-under-1500|generic-data-source","false"
"src/content/calcs/sistema-notas-gpa.json","calculadora-notas-gpa-conversor","es-AR","1348","restricted","explanation-under-1500|generic-data-source","false"
"src/content/calcs/split-gastos-grupo-amigos.json","calculadora-split-gastos-grupo-amigos","es-AR","1337","restricted","explanation-under-1500|generic-data-source","false"
"src/content/calcs/sueldo-necesario-alquiler.json","calculadora-sueldo-minimo-para-alquilar","es-AR","2855","restricted","source-topic-mismatch-bcra","false"
"src/content/calcs/sueldo-neto-chile.json","calculadora-sueldo-neto-chile-2026","es-AR","1309","restricted","explanation-under-1500|generic-data-source","false"
"src/content/calcs/sueldo-neto-colombia.json","calculadora-sueldo-neto-colombia-2026","es-AR","1248","restricted","explanation-under-1500|generic-data-source","false"
"src/content/calcs/sueldo-neto-mexico.json","calculadora-sueldo-neto-mexico-isr-imss","es-AR","1296","restricted","explanation-under-1500|generic-data-source","false"
"src/content/calcs/sueno-bebe-horas.json","calculadora-sueno-bebe-horas","es-AR","338","restricted","explanation-under-1500","false"
"src/content/calcs/talla-zapato-bebe.json","calculadora-talla-zapato-bebe","es-AR","775","restricted","explanation-under-1500|generic-data-source","false"
"src/content/calcs/tamano-pecera.json","calculadora-litros-pecera-acuario-cantidad-peces","es-AR","1329","restricted","explanation-under-1500|generic-data-source","false"
"src/content/calcs/tarjeta-credito-minimo.json","calculadora-tarjeta-credito-minimo","es-AR","1290","restricted","explanation-under-1500|generic-data-source","false"
"src/content/calcs/test-embarazo-cuando.json","calculadora-test-embarazo-cuando","es-AR","983","restricted","explanation-under-1500","false"
"src/content/calcs/tiempo-descarga.json","calculadora-tiempo-descarga-archivo-internet","es-AR","1481","restricted","explanation-under-1500","false"
"src/content/calcs/tiempo-meta-maraton.json","calculadora-tiempo-maraton-predictor","es-AR","1455","restricted","explanation-under-1500|generic-data-source","false"
"src/content/calcs/tiempo-viaje-con-paradas.json","calculadora-tiempo-viaje-con-paradas","es-AR","925","restricted","explanation-under-1500","false"
"src/content/calcs/tierra-jardin-cantero-m3.json","calculadora-tierra-jardin-cantero-m3","es-AR","833","restricted","explanation-under-1500","false"
"src/content/calcs/tir-van.json","calculadora-tir-van-inversion","es-AR","7119","restricted","source-topic-mismatch-bcra","false"
"src/content/calcs/typing-speed.json","calculadora-typing-speed","es-AR","1244","restricted","explanation-under-1500","false"
"src/content/calcs/uber-vs-auto-propio.json","calculadora-uber-vs-auto-propio","es-AR","4287","restricted","source-topic-mismatch-bcra","false"
"src/content/calcs/uptime-servidor-nueve-nueves-minutos.json","calculadora-uptime-servidor-nueve-nueves-minutos","es-AR","4322","restricted","duplicate-meta-description","false"
"src/content/calcs/vacaciones-invierno-chicos-argentina.json","calculadora-vacaciones-invierno-chicos-argentina","es-AR","0","restricted","explanation-under-1500|missing-source|missing-solved-example","false"
"src/content/calcs/vajilla-descartable-fiesta.json","calculadora-vajilla-descartable-fiesta","es-AR","979","restricted","explanation-under-1500","false"
"src/content/calcs/valor-hora-trabajo.json","calculadora-valor-hora-trabajo","es-AR","1301","restricted","explanation-under-1500|generic-data-source","false"
"src/content/calcs/venecitas-mosaico-m2.json","calculadora-venecitas-mosaico-m2","es-AR","968","restricted","explanation-under-1500","false"
"src/content/calcs/viaje-presupuesto.json","calculadora-presupuesto-viaje","es-AR","4363","restricted","source-topic-mismatch-bcra","false"
"src/content/calcs/viga-hormigon-h-b-dimensiones.json","calculadora-viga-hormigon-h-b-dimensiones","es-AR","3216","restricted","high-stakes-without-professional-review","false"
"src/content/calcs/visa-turismo-paises-costo-tiempo.json","calculadora-visa-turismo-paises-costo-tiempo","es-AR","5281","restricted","source-topic-mismatch-bcra","false"
"src/content/calcs/vitamina-d-dosis-sol-diaria-edad.json","calculadora-vitamina-d-dosis-sol-diaria-edad","es-AR","3756","restricted","high-stakes-without-professional-review","false"
"src/content/calcs/wacc-costo-capital.json","calculadora-wacc-costo-capital-promedio-ponderado","es-AR","2532","restricted","source-topic-mismatch-bcra","false"
"src/content/calcs/whey-protein-dosis-diaria-scoop.json","calculadora-whey-protein-dosis-diaria-scoop","es-AR","2560","restricted","high-stakes-without-professional-review","false"
"src/content/calcs/working-holiday-australia-costo-ano.json","calculadora-working-holiday-australia-costo-ano","es-AR","2969","restricted","duplicate-meta-description|source-topic-mismatch-bcra","false"
"src/content/calcs-cl/calculadora-afp-pension-chile-2026-tabla-comisiones.json","calculadora-afp-pension-chile-2026-tabla-comisiones","cl","3377","restricted","high-stakes-without-professional-review","false"
"src/content/calcs-cl/calculadora-bonos-tesoro-chile-bcu-bce-rendimiento.json","calculadora-bonos-tesoro-chile-bcu-bce-rendimiento","cl","5081","restricted","missing-solved-example","false"
"src/content/calcs-cl/calculadora-coste-funeral-promedio-chile-2026-cremacion-sepelio.json","calculadora-coste-funeral-promedio-chile-2026-cremacion-sepelio","cl","4634","restricted","missing-solved-example","false"
"src/content/calcs-cl/calculadora-de-propinas-chile.json","calculadora-de-propinas-chile","cl","0","restricted","explanation-under-1500|missing-source|missing-solved-example|generic-data-source","false"
"src/content/calcs-cl/calculadora-divorcio-particion-bienes-chile-sociedad-conyugal-vs-separacion.json","calculadora-divorcio-particion-bienes-chile-sociedad-conyugal-vs-separacion","cl","6989","restricted","missing-solved-example","false"
"src/content/calcs-cl/calculadora-edad-perro-anos-humanos-chile.json","calculadora-edad-perro-anos-humanos-chile","cl","2792","restricted","duplicate-meta-description","false"
"src/content/calcs-cl/calculadora-impuesto-aerolinea-chile-tasa-embarque-internacional.json","calculadora-impuesto-aerolinea-chile-tasa-embarque-internacional","cl","3877","restricted","high-stakes-without-professional-review","false"
"src/content/calcs-cl/calculadora-impuesto-herencias-donaciones-chile-tabla.json","calculadora-impuesto-herencias-donaciones-chile-tabla","cl","4413","restricted","high-stakes-without-professional-review","false"
"src/content/calcs-cl/calculadora-impuesto-primera-categoria-chile-empresas-2026.json","calculadora-impuesto-primera-categoria-chile-empresas-2026","cl","3863","restricted","high-stakes-without-professional-review","false"
"src/content/calcs-cl/calculadora-impuesto-renta-arrendamiento-arrendador-chile.json","calculadora-impuesto-renta-arrendamiento-arrendador-chile","cl","4110","restricted","missing-solved-example|high-stakes-without-professional-review","false"
"src/content/calcs-cl/calculadora-impuesto-renta-segunda-categoria-chile-2026-tabla.json","calculadora-impuesto-renta-segunda-categoria-chile-2026-tabla","cl","2777","restricted","high-stakes-without-professional-review","false"
"src/content/calcs-cl/calculadora-impuesto-segunda-categoria-anual-chile-rentas-altas.json","calculadora-impuesto-segunda-categoria-anual-chile-rentas-altas","cl","5295","restricted","high-stakes-without-professional-review","false"
"src/content/calcs-cl/calculadora-impuesto-seguro-vida-chile-prima-deduccion.json","calculadora-impuesto-seguro-vida-chile-prima-deduccion","cl","3519","restricted","high-stakes-without-professional-review","false"
"src/content/calcs-cl/calculadora-impuesto-territorial-contribuciones-bienes-raices-chile.json","calculadora-impuesto-territorial-contribuciones-bienes-raices-chile","cl","3000","restricted","high-stakes-without-professional-review","false"
"src/content/calcs-cl/calculadora-impuesto-timbres-estampillas-chile-credito-hipotecario.json","calculadora-impuesto-timbres-estampillas-chile-credito-hipotecario","cl","3352","restricted","high-stakes-without-professional-review","false"
"src/content/calcs-cl/calculadora-impuesto-verde-vehiculo-nuevo-chile-sii.json","calculadora-impuesto-verde-vehiculo-nuevo-chile-sii","cl","2190","restricted","high-stakes-without-professional-review","false"
"src/content/calcs-cl/calculadora-indemnizacion-anos-servicio-chile-despido.json","calculadora-indemnizacion-anos-servicio-chile-despido","cl","2358","restricted","high-stakes-without-professional-review","false"
"src/content/calcs-cl/calculadora-pension-alimenticia-chile-padre-tribunal-familia.json","calculadora-pension-alimenticia-chile-padre-tribunal-familia","cl","4138","restricted","high-stakes-without-professional-review","false"
"src/content/calcs-cl/calculadora-pension-de-alimentos-mora-chile-registro-deudores.json","calculadora-pension-de-alimentos-mora-chile-registro-deudores","cl","4189","restricted","high-stakes-without-professional-review","false"
"src/content/calcs-cl/calculadora-pension-jubilacion-chile-edad-aportes-2026.json","calculadora-pension-jubilacion-chile-edad-aportes-2026","cl","5627","restricted","high-stakes-without-professional-review","false"
"src/content/calcs-cl/calculadora-pension-viudez-vitalicia-chile-cuantia.json","calculadora-pension-viudez-vitalicia-chile-cuantia","cl","3297","restricted","high-stakes-without-professional-review","false"
"src/content/calcs-cl/calculadora-sueldo-liquido-chile-2026-impuesto-segunda-categoria.json","calculadora-sueldo-liquido-chile-2026-impuesto-segunda-categoria","cl","5266","restricted","high-stakes-without-professional-review","false"
"src/content/calcs-cl/calculadora-uf-uta-utm-chile-conversion-pesos-2026.json","calculadora-uf-uta-utm-chile-conversion-pesos-2026","cl","1439","restricted","explanation-under-1500","false"
"src/content/calcs-cl/conversor-tazas-a-gramos-cocina-chile.json","conversor-tazas-a-gramos-cocina-chile","cl","3681","restricted","duplicate-meta-description","false"
"src/content/calcs-co/calculadora-anticipo-impuesto-renta-colombia-2026.json","calculadora-anticipo-impuesto-renta-colombia-2026","co","7656","restricted","high-stakes-without-professional-review","false"
"src/content/calcs-co/calculadora-aporte-eps-pension-empleado-colombia-2026.json","calculadora-aporte-eps-pension-empleado-colombia-2026","co","2962","restricted","high-stakes-without-professional-review","false"
"src/content/calcs-co/calculadora-aporte-fondo-solidaridad-pension-fsp-colombia.json","calculadora-aporte-fondo-solidaridad-pension-fsp-colombia","co","3039","restricted","high-stakes-without-professional-review","false"
"src/content/calcs-co/calculadora-comprar-acciones-bvc-colombia-comisiones-impuesto.json","calculadora-comprar-acciones-bvc-colombia-comisiones-impuesto","co","3553","restricted","high-stakes-without-professional-review","false"
"src/content/calcs-co/calculadora-cuanto-tarda-ver-serie-colombia.json","calculadora-cuanto-tarda-ver-serie-colombia","co","3177","restricted","duplicate-meta-description","false"
"src/content/calcs-co/calculadora-de-propinas-colombia.json","calculadora-de-propinas-colombia","co","0","restricted","explanation-under-1500|missing-source|missing-solved-example","false"
"src/content/calcs-co/calculadora-dividir-gastos-cuenta-amigos-colombia.json","calculadora-dividir-gastos-cuenta-amigos-colombia","co","1417","restricted","explanation-under-1500|generic-data-source","false"
"src/content/calcs-co/calculadora-edad-perro-anos-humanos-colombia.json","calculadora-edad-perro-anos-humanos-colombia","co","2430","restricted","duplicate-meta-description","false"
"src/content/calcs-co/calculadora-fopep-pension-publica-colombia-cuantia.json","calculadora-fopep-pension-publica-colombia-cuantia","co","3840","restricted","high-stakes-without-professional-review","false"
"src/content/calcs-co/calculadora-impuesto-bebidas-azucaradas-2025-colombia.json","calculadora-impuesto-bebidas-azucaradas-2025-colombia","co","2995","restricted","high-stakes-without-professional-review","false"
"src/content/calcs-co/calculadora-impuesto-cardo-tarjeta-credito-internacional-colombia.json","calculadora-impuesto-cardo-tarjeta-credito-internacional-colombia","co","3040","restricted","high-stakes-without-professional-review","false"
"src/content/calcs-co/calculadora-impuesto-cervezas-licores-tabaco-colombia-2026.json","calculadora-impuesto-cervezas-licores-tabaco-colombia-2026","co","4332","restricted","high-stakes-without-professional-review","false"
"src/content/calcs-co/calculadora-impuesto-circulacion-vehiculo-electrico-colombia.json","calculadora-impuesto-circulacion-vehiculo-electrico-colombia","co","3392","restricted","high-stakes-without-professional-review","false"
"src/content/calcs-co/calculadora-impuesto-consumo-licores-colombia-cerveza-vino.json","calculadora-impuesto-consumo-licores-colombia-cerveza-vino","co","4608","restricted","high-stakes-without-professional-review","false"
"src/content/calcs-co/calculadora-impuesto-departamento-loterias-vehiculos-cigarrillos.json","calculadora-impuesto-departamento-loterias-vehiculos-cigarrillos","co","3739","restricted","high-stakes-without-professional-review","false"
"src/content/calcs-co/calculadora-impuesto-industria-comercio-ica-colombia-municipios.json","calculadora-impuesto-industria-comercio-ica-colombia-municipios","co","4658","restricted","high-stakes-without-professional-review","false"
"src/content/calcs-co/calculadora-impuesto-loterias-juegos-azar-colombia-2026.json","calculadora-impuesto-loterias-juegos-azar-colombia-2026","co","3937","restricted","high-stakes-without-professional-review","false"
"src/content/calcs-co/calculadora-impuesto-patrimonio-colombia-personas-naturales-2026.json","calculadora-impuesto-patrimonio-colombia-personas-naturales-2026","co","3298","restricted","high-stakes-without-professional-review","false"
"src/content/calcs-co/calculadora-impuesto-predial-bogota-2026.json","calculadora-impuesto-predial-bogota-2026","co","7504","restricted","high-stakes-without-professional-review","false"
"src/content/calcs-co/calculadora-impuesto-renta-empresas-colombia-35-porcentaje-2026.json","calculadora-impuesto-renta-empresas-colombia-35-porcentaje-2026","co","4088","restricted","high-stakes-without-professional-review","false"
"src/content/calcs-co/calculadora-impuesto-sucesiones-herencia-colombia-2026.json","calculadora-impuesto-sucesiones-herencia-colombia-2026","co","4966","restricted","high-stakes-without-professional-review","false"
"src/content/calcs-co/calculadora-impuesto-timbre-nacional-colombia-2026.json","calculadora-impuesto-timbre-nacional-colombia-2026","co","3563","restricted","high-stakes-without-professional-review","false"
"src/content/calcs-co/calculadora-impuesto-vehiculos-bogota-2026-tabla.json","calculadora-impuesto-vehiculos-bogota-2026-tabla","co","2677","restricted","high-stakes-without-professional-review","false"
"src/content/calcs-co/calculadora-impuesto-vehiculos-colombia-2026-departamento.json","calculadora-impuesto-vehiculos-colombia-2026-departamento","co","4222","restricted","high-stakes-without-professional-review","false"
"src/content/calcs-co/calculadora-indemnizacion-despido-sin-justa-causa-colombia-2026.json","calculadora-indemnizacion-despido-sin-justa-causa-colombia-2026","co","8103","restricted","high-stakes-without-professional-review","false"
"src/content/calcs-co/calculadora-indemnizacion-sustitutiva-colpensiones-colombia-2026.json","calculadora-indemnizacion-sustitutiva-colpensiones-colombia-2026","co","1750","restricted","high-stakes-without-professional-review","false"
"src/content/calcs-co/calculadora-isr-rentas-de-capital-dividendos-intereses-colombia.json","calculadora-isr-rentas-de-capital-dividendos-intereses-colombia","co","4938","restricted","missing-solved-example","false"
"src/content/calcs-co/calculadora-liquidacion-contrato-termino-fijo-colombia-2026.json","calculadora-liquidacion-contrato-termino-fijo-colombia-2026","co","6403","restricted","high-stakes-without-professional-review","false"
"src/content/calcs-co/calculadora-liquidacion-empleada-domestica-por-dias-colombia-2026.json","calculadora-liquidacion-empleada-domestica-por-dias-colombia-2026","co","5979","restricted","high-stakes-without-professional-review","false"
"src/content/calcs-co/calculadora-liquidacion-laboral-colombia-completa-cesantias.json","calculadora-liquidacion-laboral-colombia-completa-cesantias","co","7438","restricted","high-stakes-without-professional-review","false"
"src/content/calcs-co/calculadora-pension-alimentos-colombia-padre-divorcio-tabla.json","calculadora-pension-alimentos-colombia-padre-divorcio-tabla","co","6815","restricted","high-stakes-without-professional-review","false"
"src/content/calcs-co/calculadora-pension-colombia-2026-edad-semanas-cotizadas.json","calculadora-pension-colombia-2026-edad-semanas-cotizadas","co","4686","restricted","high-stakes-without-professional-review","false"
"src/content/calcs-co/calculadora-pension-rais-vs-prima-media-colombia.json","calculadora-pension-rais-vs-prima-media-colombia","co","6839","restricted","high-stakes-without-professional-review","false"
"src/content/calcs-co/calculadora-tabla-impuesto-renta-personas-naturales-colombia-2026.json","calculadora-tabla-impuesto-renta-personas-naturales-colombia-2026","co","3085","restricted","high-stakes-without-professional-review","false"
"src/content/calcs-co/calculadora-tasa-impuesto-renta-fictop-paraisos-fiscales-colombia.json","calculadora-tasa-impuesto-renta-fictop-paraisos-fiscales-colombia","co","4772","restricted","high-stakes-without-professional-review","false"
"src/content/calcs-co/conversor-tazas-a-gramos-cocina-colombia.json","conversor-tazas-a-gramos-cocina-colombia","co","3705","restricted","duplicate-meta-description","false"
"src/content/calcs-do/calculadora-impuesto-transferencia-inmobiliaria-republica-dominicana.json","calculadora-impuesto-transferencia-inmobiliaria-republica-dominicana","do","2210","restricted","high-stakes-without-professional-review","false"
"src/content/calcs-do/calculadora-liquidacion-republica-dominicana.json","calculadora-liquidacion-republica-dominicana","do","3515","restricted","high-stakes-without-professional-review","false"
"src/content/calcs-do/calculadora-pension-afp-republica-dominicana.json","calculadora-pension-afp-republica-dominicana","do","2166","restricted","high-stakes-without-professional-review","false"
"src/content/calcs-do/conversor-tazas-a-gramos-cocina-republica-dominicana.json","conversor-tazas-a-gramos-cocina-republica-dominicana","do","3706","restricted","duplicate-meta-description","false"
"src/content/calcs-ec/anticipo-impuesto-renta-ecuador.json","calculadora-anticipo-impuesto-renta-ecuador","ec","2794","restricted","high-stakes-without-professional-review","false"
"src/content/calcs-ec/calculadora-cuanto-tarda-ver-serie-ecuador.json","calculadora-cuanto-tarda-ver-serie-ecuador","ec","3389","restricted","duplicate-meta-description","false"
"src/content/calcs-ec/calculadora-edad-perro-anos-humanos-ecuador.json","calculadora-edad-perro-anos-humanos-ecuador","ec","2804","restricted","duplicate-meta-description","false"
"src/content/calcs-ec/calculadora-jubilacion-patronal-ecuador.json","calculadora-jubilacion-patronal-ecuador","ec","2701","restricted","high-stakes-without-professional-review","false"
"src/content/calcs-ec/calculadora-utilidades-tope-iess-ecuador.json","calculadora-utilidades-tope-iess-ecuador","ec","1305","restricted","explanation-under-1500|generic-data-source","false"
"src/content/calcs-ec/impuesto-1-5-por-mil-activos-ecuador.json","calculadora-impuesto-1-5-por-mil-activos-ecuador","ec","4012","restricted","high-stakes-without-professional-review","false"
"src/content/calcs-ec/impuesto-alcabala-ecuador.json","calculadora-impuesto-alcabala-ecuador","ec","5048","restricted","high-stakes-without-professional-review","false"
"src/content/calcs-ec/impuesto-herencias-legados-donaciones-ecuador.json","calculadora-impuesto-herencias-legados-donaciones-ecuador","ec","5918","restricted","high-stakes-without-professional-review","false"
"src/content/calcs-ec/impuesto-plusvalia-inmueble-ecuador.json","calculadora-impuesto-plusvalia-inmueble-ecuador","ec","4349","restricted","high-stakes-without-professional-review","false"
"src/content/calcs-ec/impuesto-predial-ecuador.json","calculadora-impuesto-predial-ecuador","ec","4179","restricted","high-stakes-without-professional-review","false"
"src/content/calcs-ec/impuesto-renta-ecuador.json","calculadora-impuesto-renta-ecuador","ec","3512","restricted","high-stakes-without-professional-review","false"
"src/content/calcs-ec/impuesto-rodaje-vehiculos-ecuador.json","calculadora-impuesto-rodaje-vehiculos-ecuador","ec","4237","restricted","high-stakes-without-professional-review","false"
"src/content/calcs-ec/impuesto-salida-divisas-isd-ecuador.json","calculadora-impuesto-salida-divisas-isd-ecuador","ec","4305","restricted","high-stakes-without-professional-review","false"
"src/content/calcs-ec/indemnizacion-despido-intempestivo-ecuador.json","calculadora-indemnizacion-despido-intempestivo-ecuador","ec","3117","restricted","high-stakes-without-professional-review","false"
"src/content/calcs-ec/jubilacion-iess-ecuador.json","calculadora-jubilacion-iess-ecuador","ec","3276","restricted","high-stakes-without-professional-review","false"
"src/content/calcs-ec/liquidacion-haberes-finiquito-ecuador.json","calculadora-liquidacion-finiquito-ecuador","ec","3532","restricted","high-stakes-without-professional-review","false"
"src/content/calcs-ec/pension-alimenticia-ecuador.json","calculadora-pension-alimenticia-ecuador","ec","4684","restricted","high-stakes-without-professional-review","false"
"src/content/calcs-en/al30-gd30-bond-yield.json","al30-gd30-bond-yield","en","2513","restricted","source-topic-mismatch-bcra","false"
"src/content/calcs-en/bond-al30-al35-al41-yield.json","bond-al30-al35-al41-yield","en","1763","restricted","source-topic-mismatch-bcra","false"
"src/content/calcs-en/breast-milk-formula.json","breast-milk-formula","en","1205","restricted","explanation-under-1500","false"
"src/content/calcs-en/cafeina-dosis-rendimiento.json","cafeina-dosis-rendimiento","en","3671","restricted","high-stakes-without-professional-review","false"
"src/content/calcs-en/cafeina-dosis-segura-diaria-peso.json","cafeina-dosis-segura-diaria-peso","en","2167","restricted","high-stakes-without-professional-review","false"
"src/content/calcs-en/cagr-calculator.json","cagr-calculator","en","4263","restricted","source-topic-mismatch-bcra","false"
"src/content/calcs-en/cedear-dividend-yield-2026.json","cedear-dividend-yield-2026","en","2252","restricted","source-topic-mismatch-bcra","false"
"src/content/calcs-en/cft-personal-loan-calculator.json","cft-personal-loan-calculator","en","4921","restricted","source-topic-mismatch-bcra","false"
"src/content/calcs-en/creatine-loading-maintenance.json","creatine-loading-maintenance","en","1389","restricted","explanation-under-1500","false"
"src/content/calcs-en/deuda-bola-nieve.json","deuda-bola-nieve","en","1353","restricted","explanation-under-1500|source-topic-mismatch-bcra","false"
"src/content/calcs-en/fertilizante-npk-dosis.json","fertilizante-npk-dosis","en","2416","restricted","high-stakes-without-professional-review","false"
"src/content/calcs-en/irregular-fertile-window.json","irregular-fertile-window","en","5230","restricted","high-stakes-without-professional-review","false"
"src/content/calcs-en/magnesio-dosis-deficiencia-sintomas.json","magnesio-dosis-deficiencia-sintomas","en","3361","restricted","high-stakes-without-professional-review","false"
"src/content/calcs-en/male-fertility-age.json","male-fertility-age","en","4962","restricted","high-stakes-without-professional-review","false"
"src/content/calcs-en/minimum-retirement-pension-bonus-2026.json","minimum-retirement-pension-bonus-2026","en","1327","restricted","explanation-under-1500|high-stakes-without-professional-review","false"
"src/content/calcs-en/monetary-policy-rate-tpm-return.json","monetary-policy-rate-tpm-return","en","1550","restricted","source-topic-mismatch-bcra","false"
"src/content/calcs-en/moving-truck-cost-calculator.json","moving-truck-cost-calculator","en","1161","restricted","explanation-under-1500","false"
"src/content/calcs-en/optimal-exam-review-schedule.json","optimal-exam-review-schedule","en","1095","restricted","explanation-under-1500","false"
"src/content/calcs-en/ovulation-fertile-window-calculator.json","ovulation-fertile-window-calculator","en","2776","restricted","high-stakes-without-professional-review","false"
"src/content/calcs-en/pral-urine-acidity.json","pral-urine-acidity","en","1234","restricted","explanation-under-1500|generic-data-source","false"
"src/content/calcs-en/price-to-book-ratio.json","price-to-book-ratio","en","1146","restricted","explanation-under-1500","false"
"src/content/calcs-en/rental-contract-usd-pesification.json","rental-contract-usd-pesification","en","4507","restricted","source-topic-mismatch-bcra","false"
"src/content/calcs-en/safe-deposit-box-bank-cost-comparison.json","safe-deposit-box-bank-cost-comparison","en","1843","restricted","source-topic-mismatch-bcra","false"
"src/content/calcs-en/sports-hydration-electrolytes-exercise.json","sports-hydration-electrolytes-exercise","en","2793","restricted","generic-data-source","false"
"src/content/calcs-en/teaspoon-to-grams-converter.json","teaspoon-to-grams-converter","en","1448","restricted","explanation-under-1500","false"
"src/content/calcs-en/truck-payload-capacity-calculator.json","truck-payload-capacity-calculator","en","1384","restricted","explanation-under-1500","false"
"src/content/calcs-en/vegetable-cooking-times-steamed-boiled.json","vegetable-cooking-times-steamed-boiled","en","1250","restricted","explanation-under-1500","false"
"src/content/calcs-en/waist-to-hip-ratio-cardiovascular-health.json","waist-to-hip-ratio-cardiovascular-health","en","1460","restricted","explanation-under-1500","false"
"src/content/calcs-en/weight-plateau-diet-reset-strategy.json","weight-plateau-diet-reset-strategy","en","1338","restricted","explanation-under-1500","false"
"src/content/calcs-es/calculadora-de-propinas-espana.json","calculadora-de-propinas-espana","es","0","restricted","explanation-under-1500|missing-source|missing-solved-example|generic-data-source","false"
"src/content/calcs-es/calculadora-edad-perro-anos-humanos-espana.json","calculadora-edad-perro-anos-humanos-espana","es","2869","restricted","duplicate-meta-description","false"
"src/content/calcs-es/calculadora-impuesto-circulacion-vehiculos-espana-municipio.json","calculadora-impuesto-circulacion-vehiculos-espana-municipio","es","3523","restricted","high-stakes-without-professional-review","false"
"src/content/calcs-es/calculadora-impuesto-matriculacion-iedmt-coche-espana.json","calculadora-impuesto-matriculacion-iedmt-coche-espana","es","2488","restricted","high-stakes-without-professional-review","false"
"src/content/calcs-es/calculadora-impuesto-patrimonio-espana-ccaa-2026.json","calculadora-impuesto-patrimonio-espana-ccaa-2026","es","3469","restricted","high-stakes-without-professional-review","false"
"src/content/calcs-es/calculadora-impuesto-sucesiones-donaciones-espana-ccaa-2026.json","calculadora-impuesto-sucesiones-donaciones-espana-ccaa-2026","es","4341","restricted","high-stakes-without-professional-review","false"
"src/content/calcs-es/calculadora-jubilacion-espana-2026-pension-anos-cotizados.json","calculadora-jubilacion-espana-2026-pension-anos-cotizados","es","3189","restricted","high-stakes-without-professional-review","false"
"src/content/calcs-es/calculadora-pension-alimenticia-divorcio-espana-tabla.json","calculadora-pension-alimenticia-divorcio-espana-tabla","es","3557","restricted","high-stakes-without-professional-review","false"
"src/content/calcs-es/calculadora-pension-no-contributiva-jubilacion-invalidez-espana.json","calculadora-pension-no-contributiva-jubilacion-invalidez-espana","es","3326","restricted","high-stakes-without-professional-review","false"
"src/content/calcs-es/conversor-tazas-a-gramos-cocina-espana.json","conversor-tazas-a-gramos-cocina-espana","es","3696","restricted","duplicate-meta-description","false"
"src/content/calcs-mx/calculadora-afore-saldo-pension-jubilacion-mexico-2026.json","calculadora-afore-saldo-pension-jubilacion-mexico-2026","mx","5101","restricted","high-stakes-without-professional-review","false"
"src/content/calcs-mx/calculadora-costo-despido-liquidacion-patron-mexico-2026.json","calculadora-costo-despido-liquidacion-patron-mexico-2026","mx","4037","restricted","high-stakes-without-professional-review","false"
"src/content/calcs-mx/calculadora-de-propinas-mexico.json","calculadora-de-propinas-mexico","mx","0","restricted","explanation-under-1500|missing-source|missing-solved-example","false"
"src/content/calcs-mx/calculadora-descuento-pension-alimenticia-nomina-mexico.json","calculadora-descuento-pension-alimenticia-nomina-mexico","mx","2751","restricted","high-stakes-without-professional-review","false"
"src/content/calcs-mx/calculadora-dividir-gastos-cuenta-amigos-mexico.json","calculadora-dividir-gastos-cuenta-amigos-mexico","mx","1469","restricted","explanation-under-1500|generic-data-source","false"
"src/content/calcs-mx/calculadora-edad-perro-anos-humanos-mexico.json","calculadora-edad-perro-anos-humanos-mexico","mx","2981","restricted","duplicate-meta-description","false"
"src/content/calcs-mx/calculadora-finiquito-liquidacion-mexico.json","calculadora-finiquito-liquidacion-mexico","mx","1647","restricted","high-stakes-without-professional-review","false"
"src/content/calcs-mx/calculadora-finiquito-vs-liquidacion-comparador-mexico.json","calculadora-finiquito-vs-liquidacion-comparador-mexico","mx","2852","restricted","high-stakes-without-professional-review","false"
"src/content/calcs-mx/calculadora-impuesto-cedular-arrendamiento-mexico.json","calculadora-impuesto-cedular-arrendamiento-mexico","mx","5219","restricted","high-stakes-without-professional-review","false"
"src/content/calcs-mx/calculadora-isn-impuesto-sobre-nominas-estado.json","calculadora-isn-impuesto-sobre-nominas-estado","mx","7935","restricted","high-stakes-without-professional-review","false"
"src/content/calcs-mx/calculadora-isr-finiquito-liquidacion-mexico-2026.json","calculadora-isr-finiquito-liquidacion-mexico-2026","mx","3799","restricted","high-stakes-without-professional-review","false"
"src/content/calcs-mx/calculadora-liquidacion-despido-mexico-3-meses-12-dias.json","calculadora-liquidacion-despido-mexico-3-meses-12-dias","mx","3953","restricted","high-stakes-without-professional-review","false"
"src/content/calcs-mx/calculadora-pension-alimenticia-mexico-padre-divorcio.json","calculadora-pension-alimenticia-mexico-padre-divorcio","mx","4864","restricted","high-stakes-without-professional-review","false"
"src/content/calcs-mx/calculadora-pension-bienestar-2026-monto.json","calculadora-pension-bienestar-2026-monto","mx","7841","restricted","high-stakes-without-professional-review","false"
"src/content/calcs-mx/calculadora-pension-imss-1997.json","calculadora-pension-imss-1997","mx","2118","restricted","high-stakes-without-professional-review","false"
"src/content/calcs-mx/calculadora-pension-imss-ley-73-mexico.json","calculadora-pension-imss-ley-73-mexico","mx","7111","restricted","high-stakes-without-professional-review","false"
"src/content/calcs-mx/calculadora-pension-imss-modalidad-40-mexico-aportacion.json","calculadora-pension-imss-modalidad-40-mexico-aportacion","mx","6112","restricted","high-stakes-without-professional-review","false"
"src/content/calcs-mx/calculadora-pension-invalidez-imss-mexico.json","calculadora-pension-invalidez-imss-mexico","mx","7865","restricted","high-stakes-without-professional-review","false"
"src/content/calcs-mx/calculadora-pension-issste-decimo-transitorio-mexico-2026.json","calculadora-pension-issste-decimo-transitorio-mexico-2026","mx","7647","restricted","high-stakes-without-professional-review","false"
"src/content/calcs-mx/calculadora-pension-minima-garantizada-ley-97-mexico-2026.json","calculadora-pension-minima-garantizada-ley-97-mexico-2026","mx","3944","restricted","high-stakes-without-professional-review","false"
"src/content/calcs-mx/calculadora-pension-viudez-imss-90-porcentaje-mexico.json","calculadora-pension-viudez-imss-90-porcentaje-mexico","mx","4074","restricted","high-stakes-without-professional-review","false"
"src/content/calcs-mx/calculadora-pension-viudez-vs-pension-alimenticia-mexico.json","calculadora-pension-viudez-vs-pension-alimenticia-mexico","mx","4234","restricted","high-stakes-without-professional-review","false"
"src/content/calcs-mx/calculadora-semanas-cotizadas-imss-requisito.json","calculadora-semanas-cotizadas-imss-requisito","mx","1438","restricted","explanation-under-1500|generic-data-source","false"
"src/content/calcs-mx/conversor-tazas-a-gramos-cocina-mexico.json","conversor-tazas-a-gramos-cocina-mexico","mx","3697","restricted","duplicate-meta-description","false"
"src/content/calcs-pe/calculadora-cuanto-tarda-ver-serie-peru.json","calculadora-cuanto-tarda-ver-serie-peru","pe","3217","restricted","duplicate-meta-description","false"
"src/content/calcs-pe/calculadora-de-propinas-peru.json","calculadora-de-propinas-peru","pe","0","restricted","explanation-under-1500|missing-source|missing-solved-example","false"
"src/content/calcs-pe/calculadora-dividir-gastos-cuenta-amigos-peru.json","calculadora-dividir-gastos-cuenta-amigos-peru","pe","1490","restricted","explanation-under-1500|generic-data-source","false"
"src/content/calcs-pe/calculadora-edad-perro-anos-humanos-peru.json","calculadora-edad-perro-anos-humanos-peru","pe","2576","restricted","duplicate-meta-description","false"
"src/content/calcs-pe/calculadora-liquidacion-trabajadora-hogar-peru.json","calculadora-liquidacion-trabajadora-hogar-peru","pe","2483","restricted","high-stakes-without-professional-review","false"
"src/content/calcs-pe/calculadora-pension-jubilacion-onp-peru.json","calculadora-pension-jubilacion-onp-peru","pe","1816","restricted","high-stakes-without-professional-review","false"
"src/content/calcs-pe/conversor-tazas-a-gramos-cocina-peru.json","conversor-tazas-a-gramos-cocina-peru","pe","3704","restricted","duplicate-meta-description","false"
"src/content/calcs-pe/impuesto-alcabala-peru.json","calculadora-impuesto-alcabala-peru","pe","3037","restricted","high-stakes-without-professional-review","false"
"src/content/calcs-pe/impuesto-predial-peru.json","calculadora-impuesto-predial-peru","pe","4041","restricted","high-stakes-without-professional-review","false"
"src/content/calcs-pe/impuesto-renta-empresa-regimen-general-peru.json","calculadora-impuesto-renta-empresa-regimen-general-peru","pe","4429","restricted","high-stakes-without-professional-review","false"
"src/content/calcs-pe/impuesto-renta-quinta-categoria-peru.json","calculadora-impuesto-renta-quinta-categoria-peru","pe","4124","restricted","high-stakes-without-professional-review","false"
"src/content/calcs-pe/impuesto-vehicular-peru.json","calculadora-impuesto-vehicular-peru","pe","3365","restricted","high-stakes-without-professional-review","false"
"src/content/calcs-pe/indemnizacion-despido-arbitrario-peru.json","calculadora-indemnizacion-despido-arbitrario-peru","pe","4317","restricted","high-stakes-without-professional-review","false"
"src/content/calcs-pe/liquidacion-beneficios-sociales-peru.json","calculadora-liquidacion-beneficios-sociales-peru","pe","3803","restricted","high-stakes-without-professional-review","false"
"src/content/calcs-pe/pension-65-peru.json","calculadora-pension-65-peru","pe","3564","restricted","high-stakes-without-professional-review","false"
"src/content/calcs-pe/pension-alimentos-peru.json","calculadora-pension-alimentos-peru","pe","3721","restricted","high-stakes-without-professional-review","false"
"src/content/calcs-pe/pension-sobrevivencia-afp-peru.json","calculadora-pension-sobrevivencia-afp-peru","pe","2661","restricted","high-stakes-without-professional-review","false"
"src/content/calcs-pe/retiro-afp-jubilacion-peru.json","calculadora-retiro-afp-jubilacion-peru","pe","3610","restricted","high-stakes-without-professional-review","false"
"src/content/calcs-pt/aviso-previo-indenizado-30-dias.json","aviso-previo-indenizado-30-dias","pt","1194","restricted","explanation-under-1500","false"
"src/content/calcs-pt/aviso-previo-proporcional-3-dias-ano.json","aviso-previo-proporcional-3-dias-ano","pt","1070","restricted","explanation-under-1500","false"
"src/content/calcs-pt/bolo-casamento-kg-por-convidado-br.json","bolo-casamento-kg-por-convidado-br","pt","1079","restricted","explanation-under-1500|generic-data-source","false"
"src/content/calcs-pt/calculadora-ovulacao-periodo-fertil-ciclo.json","calculadora-ovulacao-periodo-fertil-ciclo","pt","2373","restricted","high-stakes-without-professional-review","false"
"src/content/calcs-pt/dolar-real-iof-remessa-exterior-1-1.json","dolar-real-iof-remessa-exterior-1-1","pt","851","restricted","explanation-under-1500","false"
"src/content/calcs-pt/festa-churrasco-gramas-por-pessoa-br.json","festa-churrasco-gramas-por-pessoa-br","pt","895","restricted","explanation-under-1500","false"
"src/content/calcs-pt/fgts-saque-aniversario-valor-por-ano.json","fgts-saque-aniversario-valor-por-ano","pt","1249","restricted","explanation-under-1500","false"
"src/content/calcs-pt/inss-autonomo-contribuinte-individual-11-20.json","inss-autonomo-contribuinte-individual-11-20","pt","1495","restricted","explanation-under-1500","false"
"src/content/calcs-pt/iptu-sao-paulo-valor-venal-aliquota.json","iptu-sao-paulo-valor-venal-aliquota","pt","1167","restricted","explanation-under-1500","false"
"src/content/calcs-pt/ipva-sao-paulo-tabela-4-porcento-autos.json","ipva-sao-paulo-tabela-4-porcento-autos","pt","804","restricted","explanation-under-1500","false"
"src/content/calcs-pt/irpf-deducao-pensao-alimenticia-judicial.json","irpf-deducao-pensao-alimenticia-judicial","pt","1384","restricted","explanation-under-1500","false"
"src/content/calcs-pt/itbi-rio-de-janeiro-2-porcento.json","itbi-rio-de-janeiro-2-porcento","pt","1095","restricted","explanation-under-1500","false"
"src/content/calcs-pt/itbi-sao-paulo-capital-3-porcento.json","itbi-sao-paulo-capital-3-porcento","pt","1289","restricted","explanation-under-1500","false"
"src/content/calcs-pt/mei-das-mensal-comercio-industria.json","mei-das-mensal-comercio-industria","pt","998","restricted","explanation-under-1500","false"
"src/content/calcs-pt/mei-das-mensal-transportador-autonomo.json","mei-das-mensal-transportador-autonomo","pt","995","restricted","explanation-under-1500","false"
"src/content/calcs-pt/mei-migrar-para-me-simples-nacional.json","mei-migrar-para-me-simples-nacional","pt","918","restricted","explanation-under-1500","false"
"src/content/calcs-pt/minha-casa-minha-vida-faixa-subsidio-2026.json","minha-casa-minha-vida-faixa-subsidio-2026","pt","1311","restricted","explanation-under-1500","false"
"src/content/calcs-pt/previdencia-pgbl-vs-vgbl-comparador.json","previdencia-pgbl-vs-vgbl-comparador","pt","1204","restricted","explanation-under-1500","false"
"src/content/calcs-pt/pro-labore-minimo-socio-administrador.json","pro-labore-minimo-socio-administrador","pt","1103","restricted","explanation-under-1500","false"
"src/content/calcs-pt/rescisao-clt-acordo-mutuo-lei-13467.json","rescisao-clt-acordo-mutuo-lei-13467","pt","1405","restricted","explanation-under-1500","false"
"src/content/calcs-pt/rescisao-clt-pedido-demissao.json","rescisao-clt-pedido-demissao","pt","1396","restricted","explanation-under-1500","false"
"src/content/calcs-pt/saldo-salario-rescisao-dias-trabalhados.json","saldo-salario-rescisao-dias-trabalhados","pt","1082","restricted","explanation-under-1500","false"
"src/content/calcs-pt/seguro-desemprego-quantas-parcelas-tempo-trabalhado.json","seguro-desemprego-quantas-parcelas-tempo-trabalhado","pt","800","restricted","explanation-under-1500","false"
"src/content/calcs-pt/simples-nacional-anexo-i-comercio.json","simples-nacional-anexo-i-comercio","pt","889","restricted","explanation-under-1500","false"
"src/content/calcs-pt/simples-nacional-anexo-ii-industria.json","simples-nacional-anexo-ii-industria","pt","961","restricted","explanation-under-1500","false"
"src/content/calcs-pt/simples-nacional-anexo-iii-servicos.json","simples-nacional-anexo-iii-servicos","pt","988","restricted","explanation-under-1500","false"
"src/content/calcs-pt/simples-nacional-anexo-iv-servicos-construcao.json","simples-nacional-anexo-iv-servicos-construcao","pt","1149","restricted","explanation-under-1500","false"
"src/content/calcs-pt/simples-nacional-anexo-v-profissional-liberal.json","simples-nacional-anexo-v-profissional-liberal","pt","1131","restricted","explanation-under-1500","false"
"src/content/calcs-pt/simulador-holerite-clt.json","simulador-holerite-clt","pt","879","restricted","explanation-under-1500","false"
"src/content/calcs-pt/viga-concreto-h-b-dimensoes.json","viga-concreto-h-b-dimensoes","pt","2550","restricted","high-stakes-without-professional-review","false"
"src/content/calcs-py/calculadora-dividir-gastos-cuenta-amigos-paraguay.json","calculadora-dividir-gastos-cuenta-amigos-paraguay","py","1474","restricted","explanation-under-1500|generic-data-source","false"
"src/content/calcs-py/calculadora-irp-paraguay-saldo-anual.json","calculadora-irp-paraguay-saldo-anual","py","1475","restricted","explanation-under-1500|generic-data-source","false"
"src/content/calcs-py/calculadora-jubilacion-ips-paraguay.json","calculadora-jubilacion-ips-paraguay","py","1601","restricted","high-stakes-without-professional-review","false"
"src/content/calcs-py/calculadora-liquidacion-final-paraguay.json","calculadora-liquidacion-final-paraguay","py","5050","restricted","high-stakes-without-professional-review","false"
"src/content/calcs-py/calculadora-patente-vehiculo-paraguay.json","calculadora-patente-vehiculo-paraguay","py","1317","restricted","explanation-under-1500|generic-data-source","false"
"src/content/calcs-py/indemnizacion-despido-paraguay.json","indemnizacion-despido-paraguay","py","4753","restricted","high-stakes-without-professional-review","false"
"src/content/calcs-uy/calculadora-cuanto-tarda-ver-serie-uruguay.json","calculadora-cuanto-tarda-ver-serie-uruguay","uy","3405","restricted","duplicate-meta-description","false"
"src/content/calcs-uy/calculadora-edad-perro-anos-humanos-uruguay.json","calculadora-edad-perro-anos-humanos-uruguay","uy","2767","restricted","duplicate-meta-description","false"
"src/content/calcs-uy/calculadora-jubilacion-bps-uruguay.json","calculadora-jubilacion-bps-uruguay","uy","2049","restricted","high-stakes-without-professional-review","false"
"src/content/calcs-uy/liquidacion-final-uruguay.json","liquidacion-final-uruguay","uy","2803","restricted","high-stakes-without-professional-review","false"
"src/content/calcs-ve/calculadora-cuanto-tarda-ver-serie-venezuela.json","calculadora-cuanto-tarda-ver-serie-venezuela","ve","3183","restricted","duplicate-meta-description","false"
"src/content/calcs-ve/calculadora-edad-perro-anos-humanos-venezuela.json","calculadora-edad-perro-anos-humanos-venezuela","ve","2446","restricted","duplicate-meta-description","false"
"src/content/calcs-ve/calculadora-liquidacion-finiquito-venezuela.json","calculadora-liquidacion-finiquito-venezuela","ve","3540","restricted","high-stakes-without-professional-review","false"
"src/content/calcs-ve/conversor-tazas-a-gramos-cocina-venezuela.json","conversor-tazas-a-gramos-cocina-venezuela","ve","4216","restricted","duplicate-meta-description","false"
